sessionKey,sessionId,cohort,split,trialId,trialIndex,targetId,frequencyHz,slotIndex,channelCount,channelIndices,sessionUsableChannels,sampleRateHz,rawSampleCountPerChannel,rawPacketCount,onsetDefinition,onsetGlobalSampleIndex,stopGlobalSampleIndex,usableStartPcMonotonicNsEstimate,usableEndPcMonotonicNsEstimate,sampleAnchorState,mappingMethod,mappingResidualSeconds,mappingUncertaintySeconds,preprocessingProvenance,rawWaveformExists,previousUse,qualityExclusion,usable,historicalTrialStatus
A,m6_1b-dataset-20260819T090215Z-d70eaa0d,formal_m6,train,m6_1b-trial-001,1,target_right,12.0,2,8,"[0,1,2,3,4,5,6,7]","[2,3,4,5,7]",1000.0,417400,2087,Quest stimulus_started_software event mapped to an estimated ND8 global sample index; hardware sample anchor and physical optical onset are unverified.,16227,20243,18154114266,22156710148,vendor_demo_declares_first_point_time_not_independently_verified,quest_pc_affine_then_nd8_post_sync_affine,0.03673459818371136,0.03723459818371136,"Raw 1000 Hz packet samples; historical M6 reference is per-channel de-meaned, no filter/no resample. M21-M25 used a separate 250 Hz feature cache, not this raw waveform.",True,"M6 offline FBCCA/CCA, M6.5/6.6 replay, M21-M25 analysis via 250 Hz feature cache; no eTRCA/TDCA training found.",,True,planned
A,m6_1b-dataset-20260819T090215Z-d70eaa0d,formal_m6,train,m6_1b-trial-002,2,target_center,9.0,1,8,"[0,1,2,3,4,5,6,7]","[2,3,4,5,7]",1000.0,417400,2087,Quest stimulus_started_software event mapped to an estimated ND8 global sample index; hardware sample anchor and physical optical onset are unverified.,25282,29283,27197349386,31197722757,vendor_demo_declares_first_point_time_not_independently_verified,quest_pc_affine_then_nd8_post_sync_affine,0.028503289359220755,0.029003289359220755,"Raw 1000 Hz packet samples; historical M6 reference is per-channel de-meaned, no filter/no resample. M21-M25 used a separate 250 Hz feature cache, not this raw waveform.",True,"M6 offline FBCCA/CCA, M6.5/6.6 replay, M21-M25 analysis via 250 Hz feature cache; no eTRCA/TDCA training found.",,True,planned
A,m6_1b-dataset-20260819T090215Z-d70eaa0d,formal_m6,train,m6_1b-trial-003,3,target_right,12.0,2,8,"[0,1,2,3,4,5,6,7]","[2,3,4,5,7]",1000.0,417400,2087,Quest stimulus_started_software event mapped to an estimated ND8 global sample index; hardware sample anchor and physical optical onset are unverified.,34319,38316,36236977481,40238603790,vendor_demo_declares_first_point_time_not_independently_verified,quest_pc_affine_then_nd8_post_sync_affine,0.027106584617976246,0.027606584617976247,"Raw 1000 Hz packet samples; historical M6 reference is per-channel de-meaned, no filter/no resample. M21-M25 used a separate 250 Hz feature cache, not this raw waveform.",True,"M6 offline FBCCA/CCA, M6.5/6.6 replay, M21-M25 analysis via 250 Hz feature cache; no eTRCA/TDCA training found.",,True,planned
A,m6_1b-dataset-20260819T090215Z-d70eaa0d,formal_m6,train,m6_1b-trial-004,4,target_left,7.2,0,8,"[0,1,2,3,4,5,6,7]","[2,3,4,5,7]",1000.0,417400,2087,Quest stimulus_started_software event mapped to an estimated ND8 global sample index; hardware sample anchor and physical optical onset are unverified.,43374,47369,45293807489,49292161124,vendor_demo_declares_first_point_time_not_independently_verified,quest_pc_affine_then_nd8_post_sync_affine,0.02601081933756466,0.02651081933756466,"Raw 1000 Hz packet samples; historical M6 reference is per-channel de-meaned, no filter/no resample. M21-M25 used a separate 250 Hz feature cache, not this raw waveform.",True,"M6 offline FBCCA/CCA, M6.5/6.6 replay, M21-M25 analysis via 250 Hz feature cache; no eTRCA/TDCA training found.",,True,planned
A,m6_1b-dataset-20260819T090215Z-d70eaa0d,formal_m6,train,m6_1b-trial-005,5,target_center,9.0,1,8,"[0,1,2,3,4,5,6,7]","[2,3,4,5,7]",1000.0,417400,2087,Quest stimulus_started_software event mapped to an estimated ND8 global sample index; hardware sample anchor and physical optical onset are unverified.,52405,56405,54332677787,58331756815,vendor_demo_declares_first_point_time_not_independently_verified,quest_pc_affine_then_nd8_post_sync_affine,0.02621314855727451,0.02671314855727451,"Raw 1000 Hz packet samples; historical M6 reference is per-channel de-meaned, no filter/no resample. M21-M25 used a separate 250 Hz feature cache, not this raw waveform.",True,"M6 offline FBCCA/CCA, M6.5/6.6 replay, M21-M25 analysis via 250 Hz feature cache; no eTRCA/TDCA training found.",,True,planned
A,m6_1b-dataset-20260819T090215Z-d70eaa0d,formal_m6,train,m6_1b-trial-006,6,target_right,12.0,2,8,"[0,1,2,3,4,5,6,7]","[2,3,4,5,7]",1000.0,417400,2087,Quest stimulus_started_software event mapped to an estimated ND8 global sample index; hardware sample anchor and physical optical onset are unverified.,61451,65451,63374892589,67374037808,vendor_demo_declares_first_point_time_not_independently_verified,quest_pc_affine_then_nd8_post_sync_affine,0.026146293472724562,0.026646293472724562,"Raw 1000 Hz packet samples; historical M6 reference is per-channel de-meaned, no filter/no resample. M21-M25 used a separate 250 Hz feature cache, not this raw waveform.",True,"M6 offline FBCCA/CCA, M6.5/6.6 replay, M21-M25 analysis via 250 Hz feature cache; no eTRCA/TDCA training found.",,True,planned
A,m6_1b-dataset-20260819T090215Z-d70eaa0d,formal_m6,train,m6_1b-trial-007,7,target_center,9.0,1,8,"[0,1,2,3,4,5,6,7]","[2,3,4,5,7]",1000.0,417400,2087,Quest stimulus_started_software event mapped to an estimated ND8 global sample index; hardware sample anchor and physical optical onset are unverified.,70479,74478,72400812021,76398658709,vendor_demo_declares_first_point_time_not_independently_verified,quest_pc_affine_then_nd8_post_sync_affine,0.026763130065595834,0.027263130065595834,"Raw 1000 Hz packet samples; historical M6 reference is per-channel de-meaned, no filter/no resample. M21-M25 used a separate 250 Hz feature cache, not this raw waveform.",True,"M6 offline FBCCA/CCA, M6.5/6.6 replay, M21-M25 analysis via 250 Hz feature cache; no eTRCA/TDCA training found.",,True,planned
A,m6_1b-dataset-20260819T090215Z-d70eaa0d,formal_m6,train,m6_1b-trial-008,8,target_right,12.0,2,8,"[0,1,2,3,4,5,6,7]","[2,3,4,5,7]",1000.0,417400,2087,Quest stimulus_started_software event mapped to an estimated ND8 global sample index; hardware sample anchor and physical optical onset are unverified.,79523,83525,81441547482,85440987226,vendor_demo_declares_first_point_time_not_independently_verified,quest_pc_affine_then_nd8_post_sync_affine,0.026424341786369033,0.026924341786369033,"Raw 1000 Hz packet samples; historical M6 reference is per-channel de-meaned, no filter/no resample. M21-M25 used a separate 250 Hz feature cache, not this raw waveform.",True,"M6 offline FBCCA/CCA, M6.5/6.6 replay, M21-M25 analysis via 250 Hz feature cache; no eTRCA/TDCA training found.",,True,planned
A,m6_1b-dataset-20260819T090215Z-d70eaa0d,formal_m6,train,m6_1b-trial-009,9,target_left,7.2,0,8,"[0,1,2,3,4,5,6,7]","[2,3,4,5,7]",1000.0,417400,2087,Quest stimulus_started_software event mapped to an estimated ND8 global sample index; hardware sample anchor and physical optical onset are unverified.,88578,92576,90495349730,94494043289,vendor_demo_declares_first_point_time_not_independently_verified,quest_pc_affine_then_nd8_post_sync_affine,0.026485313549444504,0.026985313549444504,"Raw 1000 Hz packet samples; historical M6 reference is per-channel de-meaned, no filter/no resample. M21-M25 used a separate 250 Hz feature cache, not this raw waveform.",True,"M6 offline FBCCA/CCA, M6.5/6.6 replay, M21-M25 analysis via 250 Hz feature cache; no eTRCA/TDCA training found.",,True,planned
A,m6_1b-dataset-20260819T090215Z-d70eaa0d,formal_m6,train,m6_1b-trial-010,10,target_right,12.0,2,8,"[0,1,2,3,4,5,6,7]","[2,3,4,5,7]",1000.0,417400,2087,Quest stimulus_started_software event mapped to an estimated ND8 global sample index; hardware sample anchor and physical optical onset are unverified.,97605,101608,99522495070,103522556136,vendor_demo_declares_first_point_time_not_independently_verified,quest_pc_affine_then_nd8_post_sync_affine,0.02633028448779975,0.02683028448779975,"Raw 1000 Hz packet samples; historical M6 reference is per-channel de-meaned, no filter/no resample. M21-M25 used a separate 250 Hz feature cache, not this raw waveform.",True,"M6 offline FBCCA/CCA, M6.5/6.6 replay, M21-M25 analysis via 250 Hz feature cache; no eTRCA/TDCA training found.",,True,planned
A,m6_1b-dataset-20260819T090215Z-d70eaa0d,formal_m6,train,m6_1b-trial-011,11,target_center,9.0,1,8,"[0,1,2,3,4,5,6,7]","[2,3,4,5,7]",1000.0,417400,2087,Quest stimulus_started_software event mapped to an estimated ND8 global sample index; hardware sample anchor and physical optical onset are unverified.,131653,135652,133565466353,137565695610,vendor_demo_declares_first_point_time_not_independently_verified,quest_pc_affine_then_nd8_post_sync_affine,0.02584269867529467,0.026342698675294672,"Raw 1000 Hz packet samples; historical M6 reference is per-channel de-meaned, no filter/no resample. M21-M25 used a separate 250 Hz feature cache, not this raw waveform.",True,"M6 offline FBCCA/CCA, M6.5/6.6 replay, M21-M25 analysis via 250 Hz feature cache; no eTRCA/TDCA training found.",,True,planned
A,m6_1b-dataset-20260819T090215Z-d70eaa0d,formal_m6,train,m6_1b-trial-012,12,target_center,9.0,1,8,"[0,1,2,3,4,5,6,7]","[2,3,4,5,7]",1000.0,417400,2087,Quest stimulus_started_software event mapped to an estimated ND8 global sample index; hardware sample anchor and physical optical onset are unverified.,140691,144689,142607489843,146607353935,vendor_demo_declares_first_point_time_not_independently_verified,quest_pc_affine_then_nd8_post_sync_affine,0.026288738318826894,0.026788738318826895,"Raw 1000 Hz packet samples; historical M6 reference is per-channel de-meaned, no filter/no resample. M21-M25 used a separate 250 Hz feature cache, not this raw waveform.",True,"M6 offline FBCCA/CCA, M6.5/6.6 replay, M21-M25 analysis via 250 Hz feature cache; no eTRCA/TDCA training found.",,True,planned
A,m6_1b-dataset-20260819T090215Z-d70eaa0d,formal_m6,train,m6_1b-trial-013,13,target_left,7.2,0,8,"[0,1,2,3,4,5,6,7]","[2,3,4,5,7]",1000.0,417400,2087,Quest stimulus_started_software event mapped to an estimated ND8 global sample index; hardware sample anchor and physical optical onset are unverified.,149727,153726,151649035052,155649109182,vendor_demo_declares_first_point_time_not_independently_verified,quest_pc_affine_then_nd8_post_sync_affine,0.028024849367376828,0.02852484936737683,"Raw 1000 Hz packet samples; historical M6 reference is per-channel de-meaned, no filter/no resample. M21-M25 used a separate 250 Hz feature cache, not this raw waveform.",True,"M6 offline FBCCA/CCA, M6.5/6.6 replay, M21-M25 analysis via 250 Hz feature cache; no eTRCA/TDCA training found.",,True,planned
A,m6_1b-dataset-20260819T090215Z-d70eaa0d,formal_m6,train,m6_1b-trial-014,14,target_center,9.0,1,8,"[0,1,2,3,4,5,6,7]","[2,3,4,5,7]",1000.0,417400,2087,Quest stimulus_started_software event mapped to an estimated ND8 global sample index; hardware sample anchor and physical optical onset are unverified.,158769,162767,160690809666,164690518357,vendor_demo_declares_first_point_time_not_independently_verified,quest_pc_affine_then_nd8_post_sync_affine,0.027862637069357158,0.02836263706935716,"Raw 1000 Hz packet samples; historical M6 reference is per-channel de-meaned, no filter/no resample. M21-M25 used a separate 250 Hz feature cache, not this raw waveform.",True,"M6 offline FBCCA/CCA, M6.5/6.6 replay, M21-M25 analysis via 250 Hz feature cache; no eTRCA/TDCA training found.",,True,planned
A,m6_1b-dataset-20260819T090215Z-d70eaa0d,formal_m6,train,m6_1b-trial-015,15,target_left,7.2,0,8,"[0,1,2,3,4,5,6,7]","[2,3,4,5,7]",1000.0,417400,2087,Quest stimulus_started_software event mapped to an estimated ND8 global sample index; hardware sample anchor and physical optical onset are unverified.,167809,171809,169731803136,173731277545,vendor_demo_declares_first_point_time_not_independently_verified,quest_pc_affine_then_nd8_post_sync_affine,0.027773728569299848,0.02827372856929985,"Raw 1000 Hz packet samples; historical M6 reference is per-channel de-meaned, no filter/no resample. M21-M25 used a separate 250 Hz feature cache, not this raw waveform.",True,"M6 offline FBCCA/CCA, M6.5/6.6 replay, M21-M25 analysis via 250 Hz feature cache; no eTRCA/TDCA training found.",,True,planned
A,m6_1b-dataset-20260819T090215Z-d70eaa0d,formal_m6,train,m6_1b-trial-016,16,target_left,7.2,0,8,"[0,1,2,3,4,5,6,7]","[2,3,4,5,7]",1000.0,417400,2087,Quest stimulus_started_software event mapped to an estimated ND8 global sample index; hardware sample anchor and physical optical onset are unverified.,176837,180839,178758821617,182759544989,vendor_demo_declares_first_point_time_not_independently_verified,quest_pc_affine_then_nd8_post_sync_affine,0.02762437758660835,0.02812437758660835,"Raw 1000 Hz packet samples; historical M6 reference is per-channel de-meaned, no filter/no resample. M21-M25 used a separate 250 Hz feature cache, not this raw waveform.",True,"M6 offline FBCCA/CCA, M6.5/6.6 replay, M21-M25 analysis via 250 Hz feature cache; no eTRCA/TDCA training found.",,True,planned
A,m6_1b-dataset-20260819T090215Z-d70eaa0d,formal_m6,train,m6_1b-trial-017,17,target_center,9.0,1,8,"[0,1,2,3,4,5,6,7]","[2,3,4,5,7]",1000.0,417400,2087,Quest stimulus_started_software event mapped to an estimated ND8 global sample index; hardware sample anchor and physical optical onset are unverified.,185881,189880,187801913058,191801339000,vendor_demo_declares_first_point_time_not_independently_verified,quest_pc_affine_then_nd8_post_sync_affine,0.02758985987134376,0.02808985987134376,"Raw 1000 Hz packet samples; historical M6 reference is per-channel de-meaned, no filter/no resample. M21-M25 used a separate 250 Hz feature cache, not this raw waveform.",True,"M6 offline FBCCA/CCA, M6.5/6.6 replay, M21-M25 analysis via 250 Hz feature cache; no eTRCA/TDCA training found.",,True,planned
A,m6_1b-dataset-20260819T090215Z-d70eaa0d,formal_m6,train,m6_1b-trial-018,18,target_left,7.2,0,8,"[0,1,2,3,4,5,6,7]","[2,3,4,5,7]",1000.0,417400,2087,Quest stimulus_started_software event mapped to an estimated ND8 global sample index; hardware sample anchor and physical optical onset are unverified.,194938,198938,196857524560,200857291041,vendor_demo_declares_first_point_time_not_independently_verified,quest_pc_affine_then_nd8_post_sync_affine,0.027414071608023376,0.027914071608023377,"Raw 1000 Hz packet samples; historical M6 reference is per-channel de-meaned, no filter/no resample. M21-M25 used a separate 250 Hz feature cache, not this raw waveform.",True,"M6 offline FBCCA/CCA, M6.5/6.6 replay, M21-M25 analysis via 250 Hz feature cache; no eTRCA/TDCA training found.",,True,planned
A,m6_1b-dataset-20260819T090215Z-d70eaa0d,formal_m6,train,m6_1b-trial-019,19,target_right,12.0,2,8,"[0,1,2,3,4,5,6,7]","[2,3,4,5,7]",1000.0,417400,2087,Quest stimulus_started_software event mapped to an estimated ND8 global sample index; hardware sample anchor and physical optical onset are unverified.,203980,207980,205899726863,209899307491,vendor_demo_declares_first_point_time_not_independently_verified,quest_pc_affine_then_nd8_post_sync_affine,0.027423340331679275,0.027923340331679276,"Raw 1000 Hz packet samples; historical M6 reference is per-channel de-meaned, no filter/no resample. M21-M25 used a separate 250 Hz feature cache, not this raw waveform.",True,"M6 offline FBCCA/CCA, M6.5/6.6 replay, M21-M25 analysis via 250 Hz feature cache; no eTRCA/TDCA training found.",,True,planned
A,m6_1b-dataset-20260819T090215Z-d70eaa0d,formal_m6,train,m6_1b-trial-020,20,target_right,12.0,2,8,"[0,1,2,3,4,5,6,7]","[2,3,4,5,7]",1000.0,417400,2087,Quest stimulus_started_software event mapped to an estimated ND8 global sample index; hardware sample anchor and physical optical onset are unverified.,213036,217037,214954638277,218954293416,vendor_demo_declares_first_point_time_not_independently_verified,quest_pc_affine_then_nd8_post_sync_affine,0.027513505002996392,0.028013505002996392,"Raw 1000 Hz packet samples; historical M6 reference is per-channel de-meaned, no filter/no resample. M21-M25 used a separate 250 Hz feature cache, not this raw waveform.",True,"M6 offline FBCCA/CCA, M6.5/6.6 replay, M21-M25 analysis via 250 Hz feature cache; no eTRCA/TDCA training found.",,True,planned
A,m6_1b-dataset-20260819T090215Z-d70eaa0d,formal_m6,train,m6_1b-trial-021,21,target_left,7.2,0,8,"[0,1,2,3,4,5,6,7]","[2,3,4,5,7]",1000.0,417400,2087,Quest stimulus_started_software event mapped to an estimated ND8 global sample index; hardware sample anchor and physical optical onset are unverified.,247090,251091,249008852899,253009473389,vendor_demo_declares_first_point_time_not_independently_verified,quest_pc_affine_then_nd8_post_sync_affine,0.027456851323011094,0.027956851323011095,"Raw 1000 Hz packet samples; historical M6 reference is per-channel de-meaned, no filter/no resample. M21-M25 used a separate 250 Hz feature cache, not this raw waveform.",True,"M6 offline FBCCA/CCA, M6.5/6.6 replay, M21-M25 analysis via 250 Hz feature cache; no eTRCA/TDCA training found.",,True,planned
A,m6_1b-dataset-20260819T090215Z-d70eaa0d,formal_m6,train,m6_1b-trial-022,22,target_center,9.0,1,8,"[0,1,2,3,4,5,6,7]","[2,3,4,5,7]",1000.0,417400,2087,Quest stimulus_started_software event mapped to an estimated ND8 global sample index; hardware sample anchor and physical optical onset are unverified.,256130,260129,258050440172,262050117972,vendor_demo_declares_first_point_time_not_independently_verified,quest_pc_affine_then_nd8_post_sync_affine,0.027443486605870798,0.027943486605870798,"Raw 1000 Hz packet samples; historical M6 reference is per-channel de-meaned, no filter/no resample. M21-M25 used a separate 250 Hz feature cache, not this raw waveform.",True,"M6 offline FBCCA/CCA, M6.5/6.6 replay, M21-M25 analysis via 250 Hz feature cache; no eTRCA/TDCA training found.",,True,planned
A,m6_1b-dataset-20260819T090215Z-d70eaa0d,formal_m6,train,m6_1b-trial-023,23,target_right,12.0,2,8,"[0,1,2,3,4,5,6,7]","[2,3,4,5,7]",1000.0,417400,2087,Quest stimulus_started_software event mapped to an estimated ND8 global sample index; hardware sample anchor and physical optical onset are unverified.,265172,269171,267091850024,271091140326,vendor_demo_declares_first_point_time_not_independently_verified,quest_pc_affine_then_nd8_post_sync_affine,0.02740978482826565,0.02790978482826565,"Raw 1000 Hz packet samples; historical M6 reference is per-channel de-meaned, no filter/no resample. M21-M25 used a separate 250 Hz feature cache, not this raw waveform.",True,"M6 offline FBCCA/CCA, M6.5/6.6 replay, M21-M25 analysis via 250 Hz feature cache; no eTRCA/TDCA training found.",,True,planned
A,m6_1b-dataset-20260819T090215Z-d70eaa0d,formal_m6,train,m6_1b-trial-024,24,target_right,12.0,2,8,"[0,1,2,3,4,5,6,7]","[2,3,4,5,7]",1000.0,417400,2087,Quest stimulus_started_software event mapped to an estimated ND8 global sample index; hardware sample anchor and physical optical onset are unverified.,274226,278226,276146262959,280146627736,vendor_demo_declares_first_point_time_not_independently_verified,quest_pc_affine_then_nd8_post_sync_affine,0.027387629624073775,0.027887629624073776,"Raw 1000 Hz packet samples; historical M6 reference is per-channel de-meaned, no filter/no resample. M21-M25 used a separate 250 Hz feature cache, not this raw waveform.",True,"M6 offline FBCCA/CCA, M6.5/6.6 replay, M21-M25 analysis via 250 Hz feature cache; no eTRCA/TDCA training found.",,True,planned
A,m6_1b-dataset-20260819T090215Z-d70eaa0d,formal_m6,train,m6_1b-trial-025,25,target_left,7.2,0,8,"[0,1,2,3,4,5,6,7]","[2,3,4,5,7]",1000.0,417400,2087,Quest stimulus_started_software event mapped to an estimated ND8 global sample index; hardware sample anchor and physical optical onset are unverified.,283267,287267,285187831920,289187932240,vendor_demo_declares_first_point_time_not_independently_verified,quest_pc_affine_then_nd8_post_sync_affine,0.02741245510045567,0.02791245510045567,"Raw 1000 Hz packet samples; historical M6 reference is per-channel de-meaned, no filter/no resample. M21-M25 used a separate 250 Hz feature cache, not this raw waveform.",True,"M6 offline FBCCA/CCA, M6.5/6.6 replay, M21-M25 analysis via 250 Hz feature cache; no eTRCA/TDCA training found.",,True,planned
A,m6_1b-dataset-20260819T090215Z-d70eaa0d,formal_m6,train,m6_1b-trial-026,26,target_left,7.2,0,8,"[0,1,2,3,4,5,6,7]","[2,3,4,5,7]",1000.0,417400,2087,Quest stimulus_started_software event mapped to an estimated ND8 global sample index; hardware sample anchor and physical optical onset are unverified.,292309,296309,294229150304,298228973931,vendor_demo_declares_first_point_time_not_independently_verified,quest_pc_affine_then_nd8_post_sync_affine,0.027272381144644184,0.027772381144644184,"Raw 1000 Hz packet samples; historical M6 reference is per-channel de-meaned, no filter/no resample. M21-M25 used a separate 250 Hz feature cache, not this raw waveform.",True,"M6 offline FBCCA/CCA, M6.5/6.6 replay, M21-M25 analysis via 250 Hz feature cache; no eTRCA/TDCA training found.",,True,planned
A,m6_1b-dataset-20260819T090215Z-d70eaa0d,formal_m6,train,m6_1b-trial-027,27,target_center,9.0,1,8,"[0,1,2,3,4,5,6,7]","[2,3,4,5,7]",1000.0,417400,2087,Quest stimulus_started_software event mapped to an estimated ND8 global sample index; hardware sample anchor and physical optical onset are unverified.,301351,305350,303270842127,307270942527,vendor_demo_declares_first_point_time_not_independently_verified,quest_pc_affine_then_nd8_post_sync_affine,0.027073645376439217,0.027573645376439217,"Raw 1000 Hz packet samples; historical M6 reference is per-channel de-meaned, no filter/no resample. M21-M25 used a separate 250 Hz feature cache, not this raw waveform.",True,"M6 offline FBCCA/CCA, M6.5/6.6 replay, M21-M25 analysis via 250 Hz feature cache; no eTRCA/TDCA training found.",,True,planned
A,m6_1b-dataset-20260819T090215Z-d70eaa0d,formal_m6,train,m6_1b-trial-028,28,target_right,12.0,2,8,"[0,1,2,3,4,5,6,7]","[2,3,4,5,7]",1000.0,417400,2087,Quest stimulus_started_software event mapped to an estimated ND8 global sample index; hardware sample anchor and physical optical onset are unverified.,310405,314408,312326201170,316328248801,vendor_demo_declares_first_point_time_not_independently_verified,quest_pc_affine_then_nd8_post_sync_affine,0.027262766646515207,0.027762766646515207,"Raw 1000 Hz packet samples; historical M6 reference is per-channel de-meaned, no filter/no resample. M21-M25 used a separate 250 Hz feature cache, not this raw waveform.",True,"M6 offline FBCCA/CCA, M6.5/6.6 replay, M21-M25 analysis via 250 Hz feature cache; no eTRCA/TDCA training found.",,True,planned
A,m6_1b-dataset-20260819T090215Z-d70eaa0d,formal_m6,train,m6_1b-trial-029,29,target_left,7.2,0,8,"[0,1,2,3,4,5,6,7]","[2,3,4,5,7]",1000.0,417400,2087,Quest stimulus_started_software event mapped to an estimated ND8 global sample index; hardware sample anchor and physical optical onset are unverified.,319448,323450,321368561807,325369240599,vendor_demo_declares_first_point_time_not_independently_verified,quest_pc_affine_then_nd8_post_sync_affine,0.02727040641186531,0.02777040641186531,"Raw 1000 Hz packet samples; historical M6 reference is per-channel de-meaned, no filter/no resample. M21-M25 used a separate 250 Hz feature cache, not this raw waveform.",True,"M6 offline FBCCA/CCA, M6.5/6.6 replay, M21-M25 analysis via 250 Hz feature cache; no eTRCA/TDCA training found.",,True,planned
A,m6_1b-dataset-20260819T090215Z-d70eaa0d,formal_m6,train,m6_1b-trial-030,30,target_center,9.0,1,8,"[0,1,2,3,4,5,6,7]","[2,3,4,5,7]",1000.0,417400,2087,Quest stimulus_started_software event mapped to an estimated ND8 global sample index; hardware sample anchor and physical optical onset are unverified.,328505,332504,330424686537,334423919527,vendor_demo_declares_first_point_time_not_independently_verified,quest_pc_affine_then_nd8_post_sync_affine,0.027182661757684294,0.027682661757684295,"Raw 1000 Hz packet samples; historical M6 reference is per-channel de-meaned, no filter/no resample. M21-M25 used a separate 250 Hz feature cache, not this raw waveform.",True,"M6 offline FBCCA/CCA, M6.5/6.6 replay, M21-M25 analysis via 250 Hz feature cache; no eTRCA/TDCA training found.",,True,planned
B1,m6_4-dataset-20260819T155147Z-386f95dd,formal_m6,dev,m6_4-trial-001,1,target_left,7.2,0,8,"[0,1,2,3,4,5,6,7]","[2,3,4,5,7]",1000.0,404400,2022,Quest stimulus_started_software event mapped to an estimated ND8 global sample index; hardware sample anchor and physical optical onset are unverified.,17537,21547,18971694333,22974252170,vendor_demo_declares_first_point_time_not_independently_verified,quest_pc_affine_then_nd8_post_sync_affine,0.028142738523610263,0.028642738523610264,"Raw 1000 Hz packet samples; historical M6 reference is per-channel de-meaned, no filter/no resample. M21-M25 used a separate 250 Hz feature cache, not this raw waveform.",True,"M6 exploratory cross-session FBCCA/CCA, M6.5/6.6 replay, M21-M25 analysis via 250 Hz feature cache; no eTRCA/TDCA training found.",,True,planned
B1,m6_4-dataset-20260819T155147Z-386f95dd,formal_m6,dev,m6_4-trial-002,2,target_right,12.0,2,8,"[0,1,2,3,4,5,6,7]","[2,3,4,5,7]",1000.0,404400,2022,Quest stimulus_started_software event mapped to an estimated ND8 global sample index; hardware sample anchor and physical optical onset are unverified.,26618,30611,28046768700,32037489159,vendor_demo_declares_first_point_time_not_independently_verified,quest_pc_affine_then_nd8_post_sync_affine,0.023738251740743278,0.024238251740743278,"Raw 1000 Hz packet samples; historical M6 reference is per-channel de-meaned, no filter/no resample. M21-M25 used a separate 250 Hz feature cache, not this raw waveform.",True,"M6 exploratory cross-session FBCCA/CCA, M6.5/6.6 replay, M21-M25 analysis via 250 Hz feature cache; no eTRCA/TDCA training found.",,True,planned
B1,m6_4-dataset-20260819T155147Z-386f95dd,formal_m6,dev,m6_4-trial-003,3,target_right,12.0,2,8,"[0,1,2,3,4,5,6,7]","[2,3,4,5,7]",1000.0,404400,2022,Quest stimulus_started_software event mapped to an estimated ND8 global sample index; hardware sample anchor and physical optical onset are unverified.,35640,39639,37067778985,41067540369,vendor_demo_declares_first_point_time_not_independently_verified,quest_pc_affine_then_nd8_post_sync_affine,0.025825938706218493,0.026325938706218494,"Raw 1000 Hz packet samples; historical M6 reference is per-channel de-meaned, no filter/no resample. M21-M25 used a separate 250 Hz feature cache, not this raw waveform.",True,"M6 exploratory cross-session FBCCA/CCA, M6.5/6.6 replay, M21-M25 analysis via 250 Hz feature cache; no eTRCA/TDCA training found.",,True,planned
B1,m6_4-dataset-20260819T155147Z-386f95dd,formal_m6,dev,m6_4-trial-004,4,target_left,7.2,0,8,"[0,1,2,3,4,5,6,7]","[2,3,4,5,7]",1000.0,404400,2022,Quest stimulus_started_software event mapped to an estimated ND8 global sample index; hardware sample anchor and physical optical onset are unverified.,44681,48677,46107883561,50102469253,vendor_demo_declares_first_point_time_not_independently_verified,quest_pc_affine_then_nd8_post_sync_affine,0.026424917528326826,0.026924917528326826,"Raw 1000 Hz packet samples; historical M6 reference is per-channel de-meaned, no filter/no resample. M21-M25 used a separate 250 Hz feature cache, not this raw waveform.",True,"M6 exploratory cross-session FBCCA/CCA, M6.5/6.6 replay, M21-M25 analysis via 250 Hz feature cache; no eTRCA/TDCA training found.",,True,planned
B1,m6_4-dataset-20260819T155147Z-386f95dd,formal_m6,dev,m6_4-trial-005,5,target_center,9.0,1,8,"[0,1,2,3,4,5,6,7]","[2,3,4,5,7]",1000.0,404400,2022,Quest stimulus_started_software event mapped to an estimated ND8 global sample index; hardware sample anchor and physical optical onset are unverified.,53706,57716,55128885944,59138453329,vendor_demo_declares_first_point_time_not_independently_verified,quest_pc_affine_then_nd8_post_sync_affine,0.02498888737460423,0.02548888737460423,"Raw 1000 Hz packet samples; historical M6 reference is per-channel de-meaned, no filter/no resample. M21-M25 used a separate 250 Hz feature cache, not this raw waveform.",True,"M6 exploratory cross-session FBCCA/CCA, M6.5/6.6 replay, M21-M25 analysis via 250 Hz feature cache; no eTRCA/TDCA training found.",,True,planned
B1,m6_4-dataset-20260819T155147Z-386f95dd,formal_m6,dev,m6_4-trial-006,6,target_center,9.0,1,8,"[0,1,2,3,4,5,6,7]","[2,3,4,5,7]",1000.0,404400,2022,Quest stimulus_started_software event mapped to an estimated ND8 global sample index; hardware sample anchor and physical optical onset are unverified.,62747,66754,64170397487,68181489665,vendor_demo_declares_first_point_time_not_independently_verified,quest_pc_affine_then_nd8_post_sync_affine,0.025751613244843985,0.026251613244843985,"Raw 1000 Hz packet samples; historical M6 reference is per-channel de-meaned, no filter/no resample. M21-M25 used a separate 250 Hz feature cache, not this raw waveform.",True,"M6 exploratory cross-session FBCCA/CCA, M6.5/6.6 replay, M21-M25 analysis via 250 Hz feature cache; no eTRCA/TDCA training found.",,True,planned
B1,m6_4-dataset-20260819T155147Z-386f95dd,formal_m6,dev,m6_4-trial-007,7,target_right,12.0,2,8,"[0,1,2,3,4,5,6,7]","[2,3,4,5,7]",1000.0,404400,2022,Quest stimulus_started_software event mapped to an estimated ND8 global sample index; hardware sample anchor and physical optical onset are unverified.,71803,75814,73227610392,77237665848,vendor_demo_declares_first_point_time_not_independently_verified,quest_pc_affine_then_nd8_post_sync_affine,0.027949866777031058,0.02844986677703106,"Raw 1000 Hz packet samples; historical M6 reference is per-channel de-meaned, no filter/no resample. M21-M25 used a separate 250 Hz feature cache, not this raw waveform.",True,"M6 exploratory cross-session FBCCA/CCA, M6.5/6.6 replay, M21-M25 analysis via 250 Hz feature cache; no eTRCA/TDCA training found.",,True,planned
B1,m6_4-dataset-20260819T155147Z-386f95dd,formal_m6,dev,m6_4-trial-008,8,target_right,12.0,2,8,"[0,1,2,3,4,5,6,7]","[2,3,4,5,7]",1000.0,404400,2022,Quest stimulus_started_software event mapped to an estimated ND8 global sample index; hardware sample anchor and physical optical onset are unverified.,80866,84864,82289971613,86287597778,vendor_demo_declares_first_point_time_not_independently_verified,quest_pc_affine_then_nd8_post_sync_affine,0.027496274023127532,0.027996274023127533,"Raw 1000 Hz packet samples; historical M6 reference is per-channel de-meaned, no filter/no resample. M21-M25 used a separate 250 Hz feature cache, not this raw waveform.",True,"M6 exploratory cross-session FBCCA/CCA, M6.5/6.6 replay, M21-M25 analysis via 250 Hz feature cache; no eTRCA/TDCA training found.",,True,planned
B1,m6_4-dataset-20260819T155147Z-386f95dd,formal_m6,dev,m6_4-trial-009,9,target_left,7.2,0,8,"[0,1,2,3,4,5,6,7]","[2,3,4,5,7]",1000.0,404400,2022,Quest stimulus_started_software event mapped to an estimated ND8 global sample index; hardware sample anchor and physical optical onset are unverified.,89905,93903,91327570905,95326820832,vendor_demo_declares_first_point_time_not_independently_verified,quest_pc_affine_then_nd8_post_sync_affine,0.027375308194663887,0.027875308194663887,"Raw 1000 Hz packet samples; historical M6 reference is per-channel de-meaned, no filter/no resample. M21-M25 used a separate 250 Hz feature cache, not this raw waveform.",True,"M6 exploratory cross-session FBCCA/CCA, M6.5/6.6 replay, M21-M25 analysis via 250 Hz feature cache; no eTRCA/TDCA training found.",,True,planned
B1,m6_4-dataset-20260819T155147Z-386f95dd,formal_m6,dev,m6_4-trial-010,10,target_right,12.0,2,8,"[0,1,2,3,4,5,6,7]","[2,3,4,5,7]",1000.0,404400,2022,Quest stimulus_started_software event mapped to an estimated ND8 global sample index; hardware sample anchor and physical optical onset are unverified.,98931,102930,100354292582,104352908653,vendor_demo_declares_first_point_time_not_independently_verified,quest_pc_affine_then_nd8_post_sync_affine,0.027177530033306307,0.027677530033306308,"Raw 1000 Hz packet samples; historical M6 reference is per-channel de-meaned, no filter/no resample. M21-M25 used a separate 250 Hz feature cache, not this raw waveform.",True,"M6 exploratory cross-session FBCCA/CCA, M6.5/6.6 replay, M21-M25 analysis via 250 Hz feature cache; no eTRCA/TDCA training found.",,True,planned
B1,m6_4-dataset-20260819T155147Z-386f95dd,formal_m6,dev,m6_4-trial-012,12,target_left,7.2,0,8,"[0,1,2,3,4,5,6,7]","[2,3,4,5,7]",1000.0,404400,2022,Quest stimulus_started_software event mapped to an estimated ND8 global sample index; hardware sample anchor and physical optical onset are unverified.,142017,146017,143445701625,147444905382,vendor_demo_declares_first_point_time_not_independently_verified,quest_pc_affine_then_nd8_post_sync_affine,0.02746977469192921,0.02796977469192921,"Raw 1000 Hz packet samples; historical M6 reference is per-channel de-meaned, no filter/no resample. M21-M25 used a separate 250 Hz feature cache, not this raw waveform.",True,"M6 exploratory cross-session FBCCA/CCA, M6.5/6.6 replay, M21-M25 analysis via 250 Hz feature cache; no eTRCA/TDCA training found.",,True,planned
B1,m6_4-dataset-20260819T155147Z-386f95dd,formal_m6,dev,m6_4-trial-013,13,target_left,7.2,0,8,"[0,1,2,3,4,5,6,7]","[2,3,4,5,7]",1000.0,404400,2022,Quest stimulus_started_software event mapped to an estimated ND8 global sample index; hardware sample anchor and physical optical onset are unverified.,151059,155055,152487093444,156486345222,vendor_demo_declares_first_point_time_not_independently_verified,quest_pc_affine_then_nd8_post_sync_affine,0.02715334450573904,0.02765334450573904,"Raw 1000 Hz packet samples; historical M6 reference is per-channel de-meaned, no filter/no resample. M21-M25 used a separate 250 Hz feature cache, not this raw waveform.",True,"M6 exploratory cross-session FBCCA/CCA, M6.5/6.6 replay, M21-M25 analysis via 250 Hz feature cache; no eTRCA/TDCA training found.",,True,planned
B1,m6_4-dataset-20260819T155147Z-386f95dd,formal_m6,dev,m6_4-trial-014,14,target_center,9.0,1,8,"[0,1,2,3,4,5,6,7]","[2,3,4,5,7]",1000.0,404400,2022,Quest stimulus_started_software event mapped to an estimated ND8 global sample index; hardware sample anchor and physical optical onset are unverified.,160079,164075,161512348183,165511209492,vendor_demo_declares_first_point_time_not_independently_verified,quest_pc_affine_then_nd8_post_sync_affine,0.028015062458344796,0.028515062458344797,"Raw 1000 Hz packet samples; historical M6 reference is per-channel de-meaned, no filter/no resample. M21-M25 used a separate 250 Hz feature cache, not this raw waveform.",True,"M6 exploratory cross-session FBCCA/CCA, M6.5/6.6 replay, M21-M25 analysis via 250 Hz feature cache; no eTRCA/TDCA training found.",,True,planned
B1,m6_4-dataset-20260819T155147Z-386f95dd,formal_m6,dev,m6_4-trial-015,15,target_right,12.0,2,8,"[0,1,2,3,4,5,6,7]","[2,3,4,5,7]",1000.0,404400,2022,Quest stimulus_started_software event mapped to an estimated ND8 global sample index; hardware sample anchor and physical optical onset are unverified.,169101,173114,170538731542,174551393990,vendor_demo_declares_first_point_time_not_independently_verified,quest_pc_affine_then_nd8_post_sync_affine,0.029274162686163868,0.02977416268616387,"Raw 1000 Hz packet samples; historical M6 reference is per-channel de-meaned, no filter/no resample. M21-M25 used a separate 250 Hz feature cache, not this raw waveform.",True,"M6 exploratory cross-session FBCCA/CCA, M6.5/6.6 replay, M21-M25 analysis via 250 Hz feature cache; no eTRCA/TDCA training found.",,True,planned
B1,m6_4-dataset-20260819T155147Z-386f95dd,formal_m6,dev,m6_4-trial-016,16,target_center,9.0,1,8,"[0,1,2,3,4,5,6,7]","[2,3,4,5,7]",1000.0,404400,2022,Quest stimulus_started_software event mapped to an estimated ND8 global sample index; hardware sample anchor and physical optical onset are unverified.,178174,182177,179609948223,183612077420,vendor_demo_declares_first_point_time_not_independently_verified,quest_pc_affine_then_nd8_post_sync_affine,0.029281489702867747,0.029781489702867748,"Raw 1000 Hz packet samples; historical M6 reference is per-channel de-meaned, no filter/no resample. M21-M25 used a separate 250 Hz feature cache, not this raw waveform.",True,"M6 exploratory cross-session FBCCA/CCA, M6.5/6.6 replay, M21-M25 analysis via 250 Hz feature cache; no eTRCA/TDCA training found.",,True,planned
B1,m6_4-dataset-20260819T155147Z-386f95dd,formal_m6,dev,m6_4-trial-017,17,target_right,12.0,2,8,"[0,1,2,3,4,5,6,7]","[2,3,4,5,7]",1000.0,404400,2022,Quest stimulus_started_software event mapped to an estimated ND8 global sample index; hardware sample anchor and physical optical onset are unverified.,187230,191230,188668502513,192668641553,vendor_demo_declares_first_point_time_not_independently_verified,quest_pc_affine_then_nd8_post_sync_affine,0.029599577862491795,0.030099577862491796,"Raw 1000 Hz packet samples; historical M6 reference is per-channel de-meaned, no filter/no resample. M21-M25 used a separate 250 Hz feature cache, not this raw waveform.",True,"M6 exploratory cross-session FBCCA/CCA, M6.5/6.6 replay, M21-M25 analysis via 250 Hz feature cache; no eTRCA/TDCA training found.",,True,planned
B1,m6_4-dataset-20260819T155147Z-386f95dd,formal_m6,dev,m6_4-trial-018,18,target_left,7.2,0,8,"[0,1,2,3,4,5,6,7]","[2,3,4,5,7]",1000.0,404400,2022,Quest stimulus_started_software event mapped to an estimated ND8 global sample index; hardware sample anchor and physical optical onset are unverified.,196271,200285,197709377307,201722463024,vendor_demo_declares_first_point_time_not_independently_verified,quest_pc_affine_then_nd8_post_sync_affine,0.029600367176014192,0.030100367176014192,"Raw 1000 Hz packet samples; historical M6 reference is per-channel de-meaned, no filter/no resample. M21-M25 used a separate 250 Hz feature cache, not this raw waveform.",True,"M6 exploratory cross-session FBCCA/CCA, M6.5/6.6 replay, M21-M25 analysis via 250 Hz feature cache; no eTRCA/TDCA training found.",,True,planned
B1,m6_4-dataset-20260819T155147Z-386f95dd,formal_m6,dev,m6_4-trial-019,19,target_right,12.0,2,8,"[0,1,2,3,4,5,6,7]","[2,3,4,5,7]",1000.0,404400,2022,Quest stimulus_started_software event mapped to an estimated ND8 global sample index; hardware sample anchor and physical optical onset are unverified.,205312,209313,206749348648,210748510130,vendor_demo_declares_first_point_time_not_independently_verified,quest_pc_affine_then_nd8_post_sync_affine,0.02970870501899701,0.03020870501899701,"Raw 1000 Hz packet samples; historical M6 reference is per-channel de-meaned, no filter/no resample. M21-M25 used a separate 250 Hz feature cache, not this raw waveform.",True,"M6 exploratory cross-session FBCCA/CCA, M6.5/6.6 replay, M21-M25 analysis via 250 Hz feature cache; no eTRCA/TDCA training found.",,True,planned
B1,m6_4-dataset-20260819T155147Z-386f95dd,formal_m6,dev,m6_4-trial-020,20,target_center,9.0,1,8,"[0,1,2,3,4,5,6,7]","[2,3,4,5,7]",1000.0,404400,2022,Quest stimulus_started_software event mapped to an estimated ND8 global sample index; hardware sample anchor and physical optical onset are unverified.,214355,218354,215788483261,219788628174,vendor_demo_declares_first_point_time_not_independently_verified,quest_pc_affine_then_nd8_post_sync_affine,0.029691709372973378,0.03019170937297338,"Raw 1000 Hz packet samples; historical M6 reference is per-channel de-meaned, no filter/no resample. M21-M25 used a separate 250 Hz feature cache, not this raw waveform.",True,"M6 exploratory cross-session FBCCA/CCA, M6.5/6.6 replay, M21-M25 analysis via 250 Hz feature cache; no eTRCA/TDCA training found.",,True,planned
B1,m6_4-dataset-20260819T155147Z-386f95dd,formal_m6,dev,m6_4-trial-021,21,target_center,9.0,1,8,"[0,1,2,3,4,5,6,7]","[2,3,4,5,7]",1000.0,404400,2022,Quest stimulus_started_software event mapped to an estimated ND8 global sample index; hardware sample anchor and physical optical onset are unverified.,248414,252413,249845926710,253845370257,vendor_demo_declares_first_point_time_not_independently_verified,quest_pc_affine_then_nd8_post_sync_affine,0.029455591372716455,0.029955591372716455,"Raw 1000 Hz packet samples; historical M6 reference is per-channel de-meaned, no filter/no resample. M21-M25 used a separate 250 Hz feature cache, not this raw waveform.",True,"M6 exploratory cross-session FBCCA/CCA, M6.5/6.6 replay, M21-M25 analysis via 250 Hz feature cache; no eTRCA/TDCA training found.",,True,planned
B1,m6_4-dataset-20260819T155147Z-386f95dd,formal_m6,dev,m6_4-trial-022,22,target_left,7.2,0,8,"[0,1,2,3,4,5,6,7]","[2,3,4,5,7]",1000.0,404400,2022,Quest stimulus_started_software event mapped to an estimated ND8 global sample index; hardware sample anchor and physical optical onset are unverified.,257454,261454,258886535519,262886475199,vendor_demo_declares_first_point_time_not_independently_verified,quest_pc_affine_then_nd8_post_sync_affine,0.02934389091947875,0.02984389091947875,"Raw 1000 Hz packet samples; historical M6 reference is per-channel de-meaned, no filter/no resample. M21-M25 used a separate 250 Hz feature cache, not this raw waveform.",True,"M6 exploratory cross-session FBCCA/CCA, M6.5/6.6 replay, M21-M25 analysis via 250 Hz feature cache; no eTRCA/TDCA training found.",,True,planned
B1,m6_4-dataset-20260819T155147Z-386f95dd,formal_m6,dev,m6_4-trial-023,23,target_center,9.0,1,8,"[0,1,2,3,4,5,6,7]","[2,3,4,5,7]",1000.0,404400,2022,Quest stimulus_started_software event mapped to an estimated ND8 global sample index; hardware sample anchor and physical optical onset are unverified.,266482,270481,267914012544,271912857004,vendor_demo_declares_first_point_time_not_independently_verified,quest_pc_affine_then_nd8_post_sync_affine,0.02911679082875798,0.02961679082875798,"Raw 1000 Hz packet samples; historical M6 reference is per-channel de-meaned, no filter/no resample. M21-M25 used a separate 250 Hz feature cache, not this raw waveform.",True,"M6 exploratory cross-session FBCCA/CCA, M6.5/6.6 replay, M21-M25 analysis via 250 Hz feature cache; no eTRCA/TDCA training found.",,True,planned
B1,m6_4-dataset-20260819T155147Z-386f95dd,formal_m6,dev,m6_4-trial-024,24,target_right,12.0,2,8,"[0,1,2,3,4,5,6,7]","[2,3,4,5,7]",1000.0,404400,2022,Quest stimulus_started_software event mapped to an estimated ND8 global sample index; hardware sample anchor and physical optical onset are unverified.,275509,279508,276940449070,280939582815,vendor_demo_declares_first_point_time_not_independently_verified,quest_pc_affine_then_nd8_post_sync_affine,0.029155233887192895,0.029655233887192895,"Raw 1000 Hz packet samples; historical M6 reference is per-channel de-meaned, no filter/no resample. M21-M25 used a separate 250 Hz feature cache, not this raw waveform.",True,"M6 exploratory cross-session FBCCA/CCA, M6.5/6.6 replay, M21-M25 analysis via 250 Hz feature cache; no eTRCA/TDCA training found.",,True,planned
B1,m6_4-dataset-20260819T155147Z-386f95dd,formal_m6,dev,m6_4-trial-025,25,target_left,7.2,0,8,"[0,1,2,3,4,5,6,7]","[2,3,4,5,7]",1000.0,404400,2022,Quest stimulus_started_software event mapped to an estimated ND8 global sample index; hardware sample anchor and physical optical onset are unverified.,284549,288562,285980088328,289993171991,vendor_demo_declares_first_point_time_not_independently_verified,quest_pc_affine_then_nd8_post_sync_affine,0.02902873109091205,0.02952873109091205,"Raw 1000 Hz packet samples; historical M6 reference is per-channel de-meaned, no filter/no resample. M21-M25 used a separate 250 Hz feature cache, not this raw waveform.",True,"M6 exploratory cross-session FBCCA/CCA, M6.5/6.6 replay, M21-M25 analysis via 250 Hz feature cache; no eTRCA/TDCA training found.",,True,planned
B1,m6_4-dataset-20260819T155147Z-386f95dd,formal_m6,dev,m6_4-trial-026,26,target_left,7.2,0,8,"[0,1,2,3,4,5,6,7]","[2,3,4,5,7]",1000.0,404400,2022,Quest stimulus_started_software event mapped to an estimated ND8 global sample index; hardware sample anchor and physical optical onset are unverified.,293591,297590,295020994186,299020186848,vendor_demo_declares_first_point_time_not_independently_verified,quest_pc_affine_then_nd8_post_sync_affine,0.028894030583609898,0.029394030583609898,"Raw 1000 Hz packet samples; historical M6 reference is per-channel de-meaned, no filter/no resample. M21-M25 used a separate 250 Hz feature cache, not this raw waveform.",True,"M6 exploratory cross-session FBCCA/CCA, M6.5/6.6 replay, M21-M25 analysis via 250 Hz feature cache; no eTRCA/TDCA training found.",,True,planned
B1,m6_4-dataset-20260819T155147Z-386f95dd,formal_m6,dev,m6_4-trial-027,27,target_center,9.0,1,8,"[0,1,2,3,4,5,6,7]","[2,3,4,5,7]",1000.0,404400,2022,Quest stimulus_started_software event mapped to an estimated ND8 global sample index; hardware sample anchor and physical optical onset are unverified.,302645,306644,304075564625,308074466607,vendor_demo_declares_first_point_time_not_independently_verified,quest_pc_affine_then_nd8_post_sync_affine,0.02895559844265421,0.02945559844265421,"Raw 1000 Hz packet samples; historical M6 reference is per-channel de-meaned, no filter/no resample. M21-M25 used a separate 250 Hz feature cache, not this raw waveform.",True,"M6 exploratory cross-session FBCCA/CCA, M6.5/6.6 replay, M21-M25 analysis via 250 Hz feature cache; no eTRCA/TDCA training found.",,True,planned
B1,m6_4-dataset-20260819T155147Z-386f95dd,formal_m6,dev,m6_4-trial-028,28,target_center,9.0,1,8,"[0,1,2,3,4,5,6,7]","[2,3,4,5,7]",1000.0,404400,2022,Quest stimulus_started_software event mapped to an estimated ND8 global sample index; hardware sample anchor and physical optical onset are unverified.,311701,315700,313130191445,317129161748,vendor_demo_declares_first_point_time_not_independently_verified,quest_pc_affine_then_nd8_post_sync_affine,0.028804049789132945,0.029304049789132945,"Raw 1000 Hz packet samples; historical M6 reference is per-channel de-meaned, no filter/no resample. M21-M25 used a separate 250 Hz feature cache, not this raw waveform.",True,"M6 exploratory cross-session FBCCA/CCA, M6.5/6.6 replay, M21-M25 analysis via 250 Hz feature cache; no eTRCA/TDCA training found.",,True,planned
B1,m6_4-dataset-20260819T155147Z-386f95dd,formal_m6,dev,m6_4-trial-029,29,target_left,7.2,0,8,"[0,1,2,3,4,5,6,7]","[2,3,4,5,7]",1000.0,404400,2022,Quest stimulus_started_software event mapped to an estimated ND8 global sample index; hardware sample anchor and physical optical onset are unverified.,320742,324743,322170521356,326170784977,vendor_demo_declares_first_point_time_not_independently_verified,quest_pc_affine_then_nd8_post_sync_affine,0.02877995119331286,0.02927995119331286,"Raw 1000 Hz packet samples; historical M6 reference is per-channel de-meaned, no filter/no resample. M21-M25 used a separate 250 Hz feature cache, not this raw waveform.",True,"M6 exploratory cross-session FBCCA/CCA, M6.5/6.6 replay, M21-M25 analysis via 250 Hz feature cache; no eTRCA/TDCA training found.",,True,planned
B1,m6_4-dataset-20260819T155147Z-386f95dd,formal_m6,dev,m6_4-trial-030,30,target_right,12.0,2,8,"[0,1,2,3,4,5,6,7]","[2,3,4,5,7]",1000.0,404400,2022,Quest stimulus_started_software event mapped to an estimated ND8 global sample index; hardware sample anchor and physical optical onset are unverified.,329772,333772,331199404668,335198969771,vendor_demo_declares_first_point_time_not_independently_verified,quest_pc_affine_then_nd8_post_sync_affine,0.028672783888288624,0.029172783888288624,"Raw 1000 Hz packet samples; historical M6 reference is per-channel de-meaned, no filter/no resample. M21-M25 used a separate 250 Hz feature cache, not this raw waveform.",True,"M6 exploratory cross-session FBCCA/CCA, M6.5/6.6 replay, M21-M25 analysis via 250 Hz feature cache; no eTRCA/TDCA training found.",,True,planned
B2,m6_4-dataset-20260819T161943Z-afaac607,formal_m6,heldout_primary,m6_4-trial-001,1,target_right,12.0,2,8,"[0,1,2,3,4,5,6,7]","[2,3,4,5,7]",1000.0,466000,2330,Quest stimulus_started_software event mapped to an estimated ND8 global sample index; hardware sample anchor and physical optical onset are unverified.,16995,21023,18588076313,22585314136,vendor_demo_declares_first_point_time_not_independently_verified,quest_pc_affine_then_nd8_post_sync_affine,0.03133363375757364,0.03183363375757364,"Raw 1000 Hz packet samples; historical M6 reference is per-channel de-meaned, no filter/no resample. M21-M25 used a separate 250 Hz feature cache, not this raw waveform.",True,"M6 exploratory cross-session FBCCA/CCA, M6.5/6.6 replay, M21-M25 analysis via 250 Hz feature cache; no eTRCA/TDCA training found.",,True,planned
B2,m6_4-dataset-20260819T161943Z-afaac607,formal_m6,heldout_primary,m6_4-trial-002,2,target_left,7.2,0,8,"[0,1,2,3,4,5,6,7]","[2,3,4,5,7]",1000.0,466000,2330,Quest stimulus_started_software event mapped to an estimated ND8 global sample index; hardware sample anchor and physical optical onset are unverified.,26024,30014,27612522308,31610385592,vendor_demo_declares_first_point_time_not_independently_verified,quest_pc_affine_then_nd8_post_sync_affine,0.032457582118537845,0.032957582118537845,"Raw 1000 Hz packet samples; historical M6 reference is per-channel de-meaned, no filter/no resample. M21-M25 used a separate 250 Hz feature cache, not this raw waveform.",True,"M6 exploratory cross-session FBCCA/CCA, M6.5/6.6 replay, M21-M25 analysis via 250 Hz feature cache; no eTRCA/TDCA training found.",,True,planned
B2,m6_4-dataset-20260819T161943Z-afaac607,formal_m6,heldout_primary,m6_4-trial-003,3,target_center,9.0,1,8,"[0,1,2,3,4,5,6,7]","[2,3,4,5,7]",1000.0,466000,2330,Quest stimulus_started_software event mapped to an estimated ND8 global sample index; hardware sample anchor and physical optical onset are unverified.,35067,39069,36653282553,40651787090,vendor_demo_declares_first_point_time_not_independently_verified,quest_pc_affine_then_nd8_post_sync_affine,0.031215497553420048,0.03171549755342005,"Raw 1000 Hz packet samples; historical M6 reference is per-channel de-meaned, no filter/no resample. M21-M25 used a separate 250 Hz feature cache, not this raw waveform.",True,"M6 exploratory cross-session FBCCA/CCA, M6.5/6.6 replay, M21-M25 analysis via 250 Hz feature cache; no eTRCA/TDCA training found.",,True,planned
B2,m6_4-dataset-20260819T161943Z-afaac607,formal_m6,heldout_primary,m6_4-trial-004,4,target_right,12.0,2,8,"[0,1,2,3,4,5,6,7]","[2,3,4,5,7]",1000.0,466000,2330,Quest stimulus_started_software event mapped to an estimated ND8 global sample index; hardware sample anchor and physical optical onset are unverified.,44104,48108,45694776329,49694909172,vendor_demo_declares_first_point_time_not_independently_verified,quest_pc_affine_then_nd8_post_sync_affine,0.032011840664497214,0.032511840664497214,"Raw 1000 Hz packet samples; historical M6 reference is per-channel de-meaned, no filter/no resample. M21-M25 used a separate 250 Hz feature cache, not this raw waveform.",True,"M6 exploratory cross-session FBCCA/CCA, M6.5/6.6 replay, M21-M25 analysis via 250 Hz feature cache; no eTRCA/TDCA training found.",,True,planned
B2,m6_4-dataset-20260819T161943Z-afaac607,formal_m6,heldout_primary,m6_4-trial-005,5,target_center,9.0,1,8,"[0,1,2,3,4,5,6,7]","[2,3,4,5,7]",1000.0,466000,2330,Quest stimulus_started_software event mapped to an estimated ND8 global sample index; hardware sample anchor and physical optical onset are unverified.,53157,57163,54738122855,58744637961,vendor_demo_declares_first_point_time_not_independently_verified,quest_pc_affine_then_nd8_post_sync_affine,0.030885151216167545,0.03138515121616754,"Raw 1000 Hz packet samples; historical M6 reference is per-channel de-meaned, no filter/no resample. M21-M25 used a separate 250 Hz feature cache, not this raw waveform.",True,"M6 exploratory cross-session FBCCA/CCA, M6.5/6.6 replay, M21-M25 analysis via 250 Hz feature cache; no eTRCA/TDCA training found.",,True,planned
B2,m6_4-dataset-20260819T161943Z-afaac607,formal_m6,heldout_primary,m6_4-trial-006,6,target_left,7.2,0,8,"[0,1,2,3,4,5,6,7]","[2,3,4,5,7]",1000.0,466000,2330,Quest stimulus_started_software event mapped to an estimated ND8 global sample index; hardware sample anchor and physical optical onset are unverified.,62203,66205,63783251645,67781592526,vendor_demo_declares_first_point_time_not_independently_verified,quest_pc_affine_then_nd8_post_sync_affine,0.030184994298686995,0.030684994298686995,"Raw 1000 Hz packet samples; historical M6 reference is per-channel de-meaned, no filter/no resample. M21-M25 used a separate 250 Hz feature cache, not this raw waveform.",True,"M6 exploratory cross-session FBCCA/CCA, M6.5/6.6 replay, M21-M25 analysis via 250 Hz feature cache; no eTRCA/TDCA training found.",,True,planned
B2,m6_4-dataset-20260819T161943Z-afaac607,formal_m6,heldout_primary,m6_4-trial-007,7,target_center,9.0,1,8,"[0,1,2,3,4,5,6,7]","[2,3,4,5,7]",1000.0,466000,2330,Quest stimulus_started_software event mapped to an estimated ND8 global sample index; hardware sample anchor and physical optical onset are unverified.,71260,75257,72833363127,76832461165,vendor_demo_declares_first_point_time_not_independently_verified,quest_pc_affine_then_nd8_post_sync_affine,0.028906447499552915,0.029406447499552915,"Raw 1000 Hz packet samples; historical M6 reference is per-channel de-meaned, no filter/no resample. M21-M25 used a separate 250 Hz feature cache, not this raw waveform.",True,"M6 exploratory cross-session FBCCA/CCA, M6.5/6.6 replay, M21-M25 analysis via 250 Hz feature cache; no eTRCA/TDCA training found.",,True,planned
B2,m6_4-dataset-20260819T161943Z-afaac607,formal_m6,heldout_primary,m6_4-trial-008,8,target_right,12.0,2,8,"[0,1,2,3,4,5,6,7]","[2,3,4,5,7]",1000.0,466000,2330,Quest stimulus_started_software event mapped to an estimated ND8 global sample index; hardware sample anchor and physical optical onset are unverified.,80302,84300,81874048109,85871821529,vendor_demo_declares_first_point_time_not_independently_verified,quest_pc_affine_then_nd8_post_sync_affine,0.029095391690597588,0.029595391690597588,"Raw 1000 Hz packet samples; historical M6 reference is per-channel de-meaned, no filter/no resample. M21-M25 used a separate 250 Hz feature cache, not this raw waveform.",True,"M6 exploratory cross-session FBCCA/CCA, M6.5/6.6 replay, M21-M25 analysis via 250 Hz feature cache; no eTRCA/TDCA training found.",,True,planned
B2,m6_4-dataset-20260819T161943Z-afaac607,formal_m6,heldout_primary,m6_4-trial-009,9,target_right,12.0,2,8,"[0,1,2,3,4,5,6,7]","[2,3,4,5,7]",1000.0,466000,2330,Quest stimulus_started_software event mapped to an estimated ND8 global sample index; hardware sample anchor and physical optical onset are unverified.,89353,93368,90926404533,94941254402,vendor_demo_declares_first_point_time_not_independently_verified,quest_pc_affine_then_nd8_post_sync_affine,0.02875182229380519,0.02925182229380519,"Raw 1000 Hz packet samples; historical M6 reference is per-channel de-meaned, no filter/no resample. M21-M25 used a separate 250 Hz feature cache, not this raw waveform.",True,"M6 exploratory cross-session FBCCA/CCA, M6.5/6.6 replay, M21-M25 analysis via 250 Hz feature cache; no eTRCA/TDCA training found.",,True,planned
B2,m6_4-dataset-20260819T161943Z-afaac607,formal_m6,heldout_primary,m6_4-trial-010,10,target_center,9.0,1,8,"[0,1,2,3,4,5,6,7]","[2,3,4,5,7]",1000.0,466000,2330,Quest stimulus_started_software event mapped to an estimated ND8 global sample index; hardware sample anchor and physical optical onset are unverified.,98411,102411,99983091739,103981962694,vendor_demo_declares_first_point_time_not_independently_verified,quest_pc_affine_then_nd8_post_sync_affine,0.028064458798196353,0.028564458798196354,"Raw 1000 Hz packet samples; historical M6 reference is per-channel de-meaned, no filter/no resample. M21-M25 used a separate 250 Hz feature cache, not this raw waveform.",True,"M6 exploratory cross-session FBCCA/CCA, M6.5/6.6 replay, M21-M25 analysis via 250 Hz feature cache; no eTRCA/TDCA training found.",,True,planned
B2,m6_4-dataset-20260819T161943Z-afaac607,formal_m6,heldout_primary,m6_4-trial-011,11,target_left,7.2,0,8,"[0,1,2,3,4,5,6,7]","[2,3,4,5,7]",1000.0,466000,2330,Quest stimulus_started_software event mapped to an estimated ND8 global sample index; hardware sample anchor and physical optical onset are unverified.,132474,136472,134051133165,138050768825,vendor_demo_declares_first_point_time_not_independently_verified,quest_pc_affine_then_nd8_post_sync_affine,0.026856539003194266,0.027356539003194267,"Raw 1000 Hz packet samples; historical M6 reference is per-channel de-meaned, no filter/no resample. M21-M25 used a separate 250 Hz feature cache, not this raw waveform.",True,"M6 exploratory cross-session FBCCA/CCA, M6.5/6.6 replay, M21-M25 analysis via 250 Hz feature cache; no eTRCA/TDCA training found.",,True,planned
B2,m6_4-dataset-20260819T161943Z-afaac607,formal_m6,heldout_primary,m6_4-trial-012,12,target_left,7.2,0,8,"[0,1,2,3,4,5,6,7]","[2,3,4,5,7]",1000.0,466000,2330,Quest stimulus_started_software event mapped to an estimated ND8 global sample index; hardware sample anchor and physical optical onset are unverified.,141500,145500,143079237943,147078399288,vendor_demo_declares_first_point_time_not_independently_verified,quest_pc_affine_then_nd8_post_sync_affine,0.026815755441989338,0.027315755441989338,"Raw 1000 Hz packet samples; historical M6 reference is per-channel de-meaned, no filter/no resample. M21-M25 used a separate 250 Hz feature cache, not this raw waveform.",True,"M6 exploratory cross-session FBCCA/CCA, M6.5/6.6 replay, M21-M25 analysis via 250 Hz feature cache; no eTRCA/TDCA training found.",,True,planned
B2,m6_4-dataset-20260819T161943Z-afaac607,formal_m6,heldout_primary,m6_4-trial-013,13,target_center,9.0,1,8,"[0,1,2,3,4,5,6,7]","[2,3,4,5,7]",1000.0,466000,2330,Quest stimulus_started_software event mapped to an estimated ND8 global sample index; hardware sample anchor and physical optical onset are unverified.,150543,154543,152120403996,156120379252,vendor_demo_declares_first_point_time_not_independently_verified,quest_pc_affine_then_nd8_post_sync_affine,0.02647759716798663,0.02697759716798663,"Raw 1000 Hz packet samples; historical M6 reference is per-channel de-meaned, no filter/no resample. M21-M25 used a separate 250 Hz feature cache, not this raw waveform.",True,"M6 exploratory cross-session FBCCA/CCA, M6.5/6.6 replay, M21-M25 analysis via 250 Hz feature cache; no eTRCA/TDCA training found.",,True,planned
B2,m6_4-dataset-20260819T161943Z-afaac607,formal_m6,heldout_primary,m6_4-trial-014,14,target_left,7.2,0,8,"[0,1,2,3,4,5,6,7]","[2,3,4,5,7]",1000.0,466000,2330,Quest stimulus_started_software event mapped to an estimated ND8 global sample index; hardware sample anchor and physical optical onset are unverified.,159569,163569,161147248664,165147169169,vendor_demo_declares_first_point_time_not_independently_verified,quest_pc_affine_then_nd8_post_sync_affine,0.026405349493609166,0.026905349493609166,"Raw 1000 Hz packet samples; historical M6 reference is per-channel de-meaned, no filter/no resample. M21-M25 used a separate 250 Hz feature cache, not this raw waveform.",True,"M6 exploratory cross-session FBCCA/CCA, M6.5/6.6 replay, M21-M25 analysis via 250 Hz feature cache; no eTRCA/TDCA training found.",,True,planned
B2,m6_4-dataset-20260819T161943Z-afaac607,formal_m6,heldout_primary,m6_4-trial-015,15,target_center,9.0,1,8,"[0,1,2,3,4,5,6,7]","[2,3,4,5,7]",1000.0,466000,2330,Quest stimulus_started_software event mapped to an estimated ND8 global sample index; hardware sample anchor and physical optical onset are unverified.,168610,172611,170188488168,174188690135,vendor_demo_declares_first_point_time_not_independently_verified,quest_pc_affine_then_nd8_post_sync_affine,0.026690464600006077,0.027190464600006077,"Raw 1000 Hz packet samples; historical M6 reference is per-channel de-meaned, no filter/no resample. M21-M25 used a separate 250 Hz feature cache, not this raw waveform.",True,"M6 exploratory cross-session FBCCA/CCA, M6.5/6.6 replay, M21-M25 analysis via 250 Hz feature cache; no eTRCA/TDCA training found.",,True,planned
B2,m6_4-dataset-20260819T161943Z-afaac607,formal_m6,heldout_primary,m6_4-trial-016,16,target_left,7.2,0,8,"[0,1,2,3,4,5,6,7]","[2,3,4,5,7]",1000.0,466000,2330,Quest stimulus_started_software event mapped to an estimated ND8 global sample index; hardware sample anchor and physical optical onset are unverified.,177666,181668,179244249661,183245747644,vendor_demo_declares_first_point_time_not_independently_verified,quest_pc_affine_then_nd8_post_sync_affine,0.026240883333390162,0.026740883333390163,"Raw 1000 Hz packet samples; historical M6 reference is per-channel de-meaned, no filter/no resample. M21-M25 used a separate 250 Hz feature cache, not this raw waveform.",True,"M6 exploratory cross-session FBCCA/CCA, M6.5/6.6 replay, M21-M25 analysis via 250 Hz feature cache; no eTRCA/TDCA training found.",,True,planned
B2,m6_4-dataset-20260819T161943Z-afaac607,formal_m6,heldout_primary,m6_4-trial-017,17,target_right,12.0,2,8,"[0,1,2,3,4,5,6,7]","[2,3,4,5,7]",1000.0,466000,2330,Quest stimulus_started_software event mapped to an estimated ND8 global sample index; hardware sample anchor and physical optical onset are unverified.,186710,190709,188287207141,192286870679,vendor_demo_declares_first_point_time_not_independently_verified,quest_pc_affine_then_nd8_post_sync_affine,0.025928781438945843,0.026428781438945843,"Raw 1000 Hz packet samples; historical M6 reference is per-channel de-meaned, no filter/no resample. M21-M25 used a separate 250 Hz feature cache, not this raw waveform.",True,"M6 exploratory cross-session FBCCA/CCA, M6.5/6.6 replay, M21-M25 analysis via 250 Hz feature cache; no eTRCA/TDCA training found.",,True,planned
B2,m6_4-dataset-20260819T161943Z-afaac607,formal_m6,heldout_primary,m6_4-trial-018,18,target_center,9.0,1,8,"[0,1,2,3,4,5,6,7]","[2,3,4,5,7]",1000.0,466000,2330,Quest stimulus_started_software event mapped to an estimated ND8 global sample index; hardware sample anchor and physical optical onset are unverified.,195750,199752,197329046862,201329306719,vendor_demo_declares_first_point_time_not_independently_verified,quest_pc_affine_then_nd8_post_sync_affine,0.026361570947105006,0.026861570947105007,"Raw 1000 Hz packet samples; historical M6 reference is per-channel de-meaned, no filter/no resample. M21-M25 used a separate 250 Hz feature cache, not this raw waveform.",True,"M6 exploratory cross-session FBCCA/CCA, M6.5/6.6 replay, M21-M25 analysis via 250 Hz feature cache; no eTRCA/TDCA training found.",,True,planned
B2,m6_4-dataset-20260819T161943Z-afaac607,formal_m6,heldout_primary,m6_4-trial-019,19,target_center,9.0,1,8,"[0,1,2,3,4,5,6,7]","[2,3,4,5,7]",1000.0,466000,2330,Quest stimulus_started_software event mapped to an estimated ND8 global sample index; hardware sample anchor and physical optical onset are unverified.,204809,208809,206385333537,210384504278,vendor_demo_declares_first_point_time_not_independently_verified,quest_pc_affine_then_nd8_post_sync_affine,0.02619496529804801,0.02669496529804801,"Raw 1000 Hz packet samples; historical M6 reference is per-channel de-meaned, no filter/no resample. M21-M25 used a separate 250 Hz feature cache, not this raw waveform.",True,"M6 exploratory cross-session FBCCA/CCA, M6.5/6.6 replay, M21-M25 analysis via 250 Hz feature cache; no eTRCA/TDCA training found.",,True,planned
B2,m6_4-dataset-20260819T161943Z-afaac607,formal_m6,heldout_primary,m6_4-trial-020,20,target_right,12.0,2,8,"[0,1,2,3,4,5,6,7]","[2,3,4,5,7]",1000.0,466000,2330,Quest stimulus_started_software event mapped to an estimated ND8 global sample index; hardware sample anchor and physical optical onset are unverified.,213850,217850,215425703984,219425357183,vendor_demo_declares_first_point_time_not_independently_verified,quest_pc_affine_then_nd8_post_sync_affine,0.026098828440850985,0.026598828440850986,"Raw 1000 Hz packet samples; historical M6 reference is per-channel de-meaned, no filter/no resample. M21-M25 used a separate 250 Hz feature cache, not this raw waveform.",True,"M6 exploratory cross-session FBCCA/CCA, M6.5/6.6 replay, M21-M25 analysis via 250 Hz feature cache; no eTRCA/TDCA training found.",,True,planned
B2,m6_4-dataset-20260819T161943Z-afaac607,formal_m6,heldout_primary,m6_4-trial-021,21,target_left,7.2,0,8,"[0,1,2,3,4,5,6,7]","[2,3,4,5,7]",1000.0,466000,2330,Quest stimulus_started_software event mapped to an estimated ND8 global sample index; hardware sample anchor and physical optical onset are unverified.,247902,251903,249479812516,253479729366,vendor_demo_declares_first_point_time_not_independently_verified,quest_pc_affine_then_nd8_post_sync_affine,0.025765087824039037,0.026265087824039038,"Raw 1000 Hz packet samples; historical M6 reference is per-channel de-meaned, no filter/no resample. M21-M25 used a separate 250 Hz feature cache, not this raw waveform.",True,"M6 exploratory cross-session FBCCA/CCA, M6.5/6.6 replay, M21-M25 analysis via 250 Hz feature cache; no eTRCA/TDCA training found.",,True,planned
B2,m6_4-dataset-20260819T161943Z-afaac607,formal_m6,heldout_primary,m6_4-trial-022,22,target_right,12.0,2,8,"[0,1,2,3,4,5,6,7]","[2,3,4,5,7]",1000.0,466000,2330,Quest stimulus_started_software event mapped to an estimated ND8 global sample index; hardware sample anchor and physical optical onset are unverified.,256955,260957,258534731877,262536753233,vendor_demo_declares_first_point_time_not_independently_verified,quest_pc_affine_then_nd8_post_sync_affine,0.02612075816570349,0.02662075816570349,"Raw 1000 Hz packet samples; historical M6 reference is per-channel de-meaned, no filter/no resample. M21-M25 used a separate 250 Hz feature cache, not this raw waveform.",True,"M6 exploratory cross-session FBCCA/CCA, M6.5/6.6 replay, M21-M25 analysis via 250 Hz feature cache; no eTRCA/TDCA training found.",,True,planned
B2,m6_4-dataset-20260819T161943Z-afaac607,formal_m6,heldout_primary,m6_4-trial-024,24,target_left,7.2,0,8,"[0,1,2,3,4,5,6,7]","[2,3,4,5,7]",1000.0,466000,2330,Quest stimulus_started_software event mapped to an estimated ND8 global sample index; hardware sample anchor and physical optical onset are unverified.,275042,279042,276621154495,280621296659,vendor_demo_declares_first_point_time_not_independently_verified,quest_pc_affine_then_nd8_post_sync_affine,0.0259880356590994,0.0264880356590994,"Raw 1000 Hz packet samples; historical M6 reference is per-channel de-meaned, no filter/no resample. M21-M25 used a separate 250 Hz feature cache, not this raw waveform.",True,"M6 exploratory cross-session FBCCA/CCA, M6.5/6.6 replay, M21-M25 analysis via 250 Hz feature cache; no eTRCA/TDCA training found.",,True,planned
B2,m6_4-dataset-20260819T161943Z-afaac607,formal_m6,heldout_primary,m6_4-trial-025,25,target_center,9.0,1,8,"[0,1,2,3,4,5,6,7]","[2,3,4,5,7]",1000.0,466000,2330,Quest stimulus_started_software event mapped to an estimated ND8 global sample index; hardware sample anchor and physical optical onset are unverified.,284083,288085,285662922076,289664773525,vendor_demo_declares_first_point_time_not_independently_verified,quest_pc_affine_then_nd8_post_sync_affine,0.02611478383083226,0.02661478383083226,"Raw 1000 Hz packet samples; historical M6 reference is per-channel de-meaned, no filter/no resample. M21-M25 used a separate 250 Hz feature cache, not this raw waveform.",True,"M6 exploratory cross-session FBCCA/CCA, M6.5/6.6 replay, M21-M25 analysis via 250 Hz feature cache; no eTRCA/TDCA training found.",,True,planned
B2,m6_4-dataset-20260819T161943Z-afaac607,formal_m6,heldout_primary,m6_4-trial-026,26,target_right,12.0,2,8,"[0,1,2,3,4,5,6,7]","[2,3,4,5,7]",1000.0,466000,2330,Quest stimulus_started_software event mapped to an estimated ND8 global sample index; hardware sample anchor and physical optical onset are unverified.,293127,297127,294706491433,298706797172,vendor_demo_declares_first_point_time_not_independently_verified,quest_pc_affine_then_nd8_post_sync_affine,0.02596819030558406,0.02646819030558406,"Raw 1000 Hz packet samples; historical M6 reference is per-channel de-meaned, no filter/no resample. M21-M25 used a separate 250 Hz feature cache, not this raw waveform.",True,"M6 exploratory cross-session FBCCA/CCA, M6.5/6.6 replay, M21-M25 analysis via 250 Hz feature cache; no eTRCA/TDCA training found.",,True,planned
B2,m6_4-dataset-20260819T161943Z-afaac607,formal_m6,heldout_primary,m6_4-trial-027,27,target_left,7.2,0,8,"[0,1,2,3,4,5,6,7]","[2,3,4,5,7]",1000.0,466000,2330,Quest stimulus_started_software event mapped to an estimated ND8 global sample index; hardware sample anchor and physical optical onset are unverified.,302168,306168,303748439781,307747921374,vendor_demo_declares_first_point_time_not_independently_verified,quest_pc_affine_then_nd8_post_sync_affine,0.026096091814202513,0.026596091814202513,"Raw 1000 Hz packet samples; historical M6 reference is per-channel de-meaned, no filter/no resample. M21-M25 used a separate 250 Hz feature cache, not this raw waveform.",True,"M6 exploratory cross-session FBCCA/CCA, M6.5/6.6 replay, M21-M25 analysis via 250 Hz feature cache; no eTRCA/TDCA training found.",,True,planned
B2,m6_4-dataset-20260819T161943Z-afaac607,formal_m6,heldout_primary,m6_4-trial-028,28,target_center,9.0,1,8,"[0,1,2,3,4,5,6,7]","[2,3,4,5,7]",1000.0,466000,2330,Quest stimulus_started_software event mapped to an estimated ND8 global sample index; hardware sample anchor and physical optical onset are unverified.,311224,315223,312803856574,316804003515,vendor_demo_declares_first_point_time_not_independently_verified,quest_pc_affine_then_nd8_post_sync_affine,0.02588726005818665,0.02638726005818665,"Raw 1000 Hz packet samples; historical M6 reference is per-channel de-meaned, no filter/no resample. M21-M25 used a separate 250 Hz feature cache, not this raw waveform.",True,"M6 exploratory cross-session FBCCA/CCA, M6.5/6.6 replay, M21-M25 analysis via 250 Hz feature cache; no eTRCA/TDCA training found.",,True,planned
B2,m6_4-dataset-20260819T161943Z-afaac607,formal_m6,heldout_primary,m6_4-trial-029,29,target_left,7.2,0,8,"[0,1,2,3,4,5,6,7]","[2,3,4,5,7]",1000.0,466000,2330,Quest stimulus_started_software event mapped to an estimated ND8 global sample index; hardware sample anchor and physical optical onset are unverified.,320263,324264,321844782083,325845117753,vendor_demo_declares_first_point_time_not_independently_verified,quest_pc_affine_then_nd8_post_sync_affine,0.026081478577642096,0.026581478577642096,"Raw 1000 Hz packet samples; historical M6 reference is per-channel de-meaned, no filter/no resample. M21-M25 used a separate 250 Hz feature cache, not this raw waveform.",True,"M6 exploratory cross-session FBCCA/CCA, M6.5/6.6 replay, M21-M25 analysis via 250 Hz feature cache; no eTRCA/TDCA training found.",,True,planned
B2,m6_4-dataset-20260819T161943Z-afaac607,formal_m6,heldout_primary,m6_4-trial-030,30,target_right,12.0,2,8,"[0,1,2,3,4,5,6,7]","[2,3,4,5,7]",1000.0,466000,2330,Quest stimulus_started_software event mapped to an estimated ND8 global sample index; hardware sample anchor and physical optical onset are unverified.,329306,333305,330887342963,334886857627,vendor_demo_declares_first_point_time_not_independently_verified,quest_pc_affine_then_nd8_post_sync_affine,0.02607540416167731,0.02657540416167731,"Raw 1000 Hz packet samples; historical M6 reference is per-channel de-meaned, no filter/no resample. M21-M25 used a separate 250 Hz feature cache, not this raw waveform.",True,"M6 exploratory cross-session FBCCA/CCA, M6.5/6.6 replay, M21-M25 analysis via 250 Hz feature cache; no eTRCA/TDCA training found.",,True,planned
S7,m6_7-formal-20260820T160940Z-0ef360f6,m6_7_stress_online,heldout_stress,stress_online-trial-001,1,target_center,9.0,1,8,"[0,1,2,3,4,5,6,7]","[2,4,7]",1000.0,655000,3275,Quest stimulus_started_software event mapped to an estimated ND8 global sample index; hardware sample anchor and physical optical onset are unverified.,338531,342534,341223205858,345225316276,vendor_demo_declares_first_point_time_not_independently_verified,quest_pc_affine_then_nd8_post_sync_affine,0.020663923923456222,0.021163923923456222,"Raw 1000 Hz packet samples; historical M6 reference is per-channel de-meaned, no filter/no resample. M21-M25 used a separate 250 Hz feature cache, not this raw waveform.",True,Prior real stress-online FBCCA engineering validation: 30/30 technical-valid and post-hoc correct at the historical long window; not used by M21-M25 raw-waveform analysis.,,True,planned
S7,m6_7-formal-20260820T160940Z-0ef360f6,m6_7_stress_online,heldout_stress,stress_online-trial-002,2,target_right,12.0,2,8,"[0,1,2,3,4,5,6,7]","[2,4,7]",1000.0,655000,3275,Quest stimulus_started_software event mapped to an estimated ND8 global sample index; hardware sample anchor and physical optical onset are unverified.,347576,351576,350267186502,354266659476,vendor_demo_declares_first_point_time_not_independently_verified,quest_pc_affine_then_nd8_post_sync_affine,0.020591221157274152,0.021091221157274152,"Raw 1000 Hz packet samples; historical M6 reference is per-channel de-meaned, no filter/no resample. M21-M25 used a separate 250 Hz feature cache, not this raw waveform.",True,Prior real stress-online FBCCA engineering validation: 30/30 technical-valid and post-hoc correct at the historical long window; not used by M21-M25 raw-waveform analysis.,,True,planned
S7,m6_7-formal-20260820T160940Z-0ef360f6,m6_7_stress_online,heldout_stress,stress_online-trial-003,3,target_right,12.0,2,8,"[0,1,2,3,4,5,6,7]","[2,4,7]",1000.0,655000,3275,Quest stimulus_started_software event mapped to an estimated ND8 global sample index; hardware sample anchor and physical optical onset are unverified.,356618,360616,359308111265,363307209956,vendor_demo_declares_first_point_time_not_independently_verified,quest_pc_affine_then_nd8_post_sync_affine,0.020510504221910503,0.021010504221910503,"Raw 1000 Hz packet samples; historical M6 reference is per-channel de-meaned, no filter/no resample. M21-M25 used a separate 250 Hz feature cache, not this raw waveform.",True,Prior real stress-online FBCCA engineering validation: 30/30 technical-valid and post-hoc correct at the historical long window; not used by M21-M25 raw-waveform analysis.,,True,planned
S7,m6_7-formal-20260820T160940Z-0ef360f6,m6_7_stress_online,heldout_stress,stress_online-trial-004,4,target_left,7.2,0,8,"[0,1,2,3,4,5,6,7]","[2,4,7]",1000.0,655000,3275,Quest stimulus_started_software event mapped to an estimated ND8 global sample index; hardware sample anchor and physical optical onset are unverified.,365657,369656,368348761897,372347519751,vendor_demo_declares_first_point_time_not_independently_verified,quest_pc_affine_then_nd8_post_sync_affine,0.020580154840914605,0.021080154840914606,"Raw 1000 Hz packet samples; historical M6 reference is per-channel de-meaned, no filter/no resample. M21-M25 used a separate 250 Hz feature cache, not this raw waveform.",True,Prior real stress-online FBCCA engineering validation: 30/30 technical-valid and post-hoc correct at the historical long window; not used by M21-M25 raw-waveform analysis.,,True,planned
S7,m6_7-formal-20260820T160940Z-0ef360f6,m6_7_stress_online,heldout_stress,stress_online-trial-005,5,target_center,9.0,1,8,"[0,1,2,3,4,5,6,7]","[2,4,7]",1000.0,655000,3275,Quest stimulus_started_software event mapped to an estimated ND8 global sample index; hardware sample anchor and physical optical onset are unverified.,374699,378699,377390039313,381390519765,vendor_demo_declares_first_point_time_not_independently_verified,quest_pc_affine_then_nd8_post_sync_affine,0.020512098360957656,0.021012098360957656,"Raw 1000 Hz packet samples; historical M6 reference is per-channel de-meaned, no filter/no resample. M21-M25 used a separate 250 Hz feature cache, not this raw waveform.",True,Prior real stress-online FBCCA engineering validation: 30/30 technical-valid and post-hoc correct at the historical long window; not used by M21-M25 raw-waveform analysis.,,True,planned
S7,m6_7-formal-20260820T160940Z-0ef360f6,m6_7_stress_online,heldout_stress,stress_online-trial-006,6,target_center,9.0,1,8,"[0,1,2,3,4,5,6,7]","[2,4,7]",1000.0,655000,3275,Quest stimulus_started_software event mapped to an estimated ND8 global sample index; hardware sample anchor and physical optical onset are unverified.,383741,387740,386433686435,390433065054,vendor_demo_declares_first_point_time_not_independently_verified,quest_pc_affine_then_nd8_post_sync_affine,0.020451119105421432,0.020951119105421433,"Raw 1000 Hz packet samples; historical M6 reference is per-channel de-meaned, no filter/no resample. M21-M25 used a separate 250 Hz feature cache, not this raw waveform.",True,Prior real stress-online FBCCA engineering validation: 30/30 technical-valid and post-hoc correct at the historical long window; not used by M21-M25 raw-waveform analysis.,,True,planned
S7,m6_7-formal-20260820T160940Z-0ef360f6,m6_7_stress_online,heldout_stress,stress_online-trial-007,7,target_left,7.2,0,8,"[0,1,2,3,4,5,6,7]","[2,4,7]",1000.0,655000,3275,Quest stimulus_started_software event mapped to an estimated ND8 global sample index; hardware sample anchor and physical optical onset are unverified.,392783,396782,395475017174,399474535113,vendor_demo_declares_first_point_time_not_independently_verified,quest_pc_affine_then_nd8_post_sync_affine,0.020481456645652638,0.020981456645652638,"Raw 1000 Hz packet samples; historical M6 reference is per-channel de-meaned, no filter/no resample. M21-M25 used a separate 250 Hz feature cache, not this raw waveform.",True,Prior real stress-online FBCCA engineering validation: 30/30 technical-valid and post-hoc correct at the historical long window; not used by M21-M25 raw-waveform analysis.,,True,planned
S7,m6_7-formal-20260820T160940Z-0ef360f6,m6_7_stress_online,heldout_stress,stress_online-trial-008,8,target_right,12.0,2,8,"[0,1,2,3,4,5,6,7]","[2,4,7]",1000.0,655000,3275,Quest stimulus_started_software event mapped to an estimated ND8 global sample index; hardware sample anchor and physical optical onset are unverified.,401824,405838,404517102029,408531736797,vendor_demo_declares_first_point_time_not_independently_verified,quest_pc_affine_then_nd8_post_sync_affine,0.020476725488246795,0.020976725488246795,"Raw 1000 Hz packet samples; historical M6 reference is per-channel de-meaned, no filter/no resample. M21-M25 used a separate 250 Hz feature cache, not this raw waveform.",True,Prior real stress-online FBCCA engineering validation: 30/30 technical-valid and post-hoc correct at the historical long window; not used by M21-M25 raw-waveform analysis.,,True,planned
S7,m6_7-formal-20260820T160940Z-0ef360f6,m6_7_stress_online,heldout_stress,stress_online-trial-009,9,target_center,9.0,1,8,"[0,1,2,3,4,5,6,7]","[2,4,7]",1000.0,655000,3275,Quest stimulus_started_software event mapped to an estimated ND8 global sample index; hardware sample anchor and physical optical onset are unverified.,410867,414866,413560086112,417559265968,vendor_demo_declares_first_point_time_not_independently_verified,quest_pc_affine_then_nd8_post_sync_affine,0.020520885045679855,0.021020885045679855,"Raw 1000 Hz packet samples; historical M6 reference is per-channel de-meaned, no filter/no resample. M21-M25 used a separate 250 Hz feature cache, not this raw waveform.",True,Prior real stress-online FBCCA engineering validation: 30/30 technical-valid and post-hoc correct at the historical long window; not used by M21-M25 raw-waveform analysis.,,True,planned
S7,m6_7-formal-20260820T160940Z-0ef360f6,m6_7_stress_online,heldout_stress,stress_online-trial-010,10,target_right,12.0,2,8,"[0,1,2,3,4,5,6,7]","[2,4,7]",1000.0,655000,3275,Quest stimulus_started_software event mapped to an estimated ND8 global sample index; hardware sample anchor and physical optical onset are unverified.,419908,423907,422601893215,426601399730,vendor_demo_declares_first_point_time_not_independently_verified,quest_pc_affine_then_nd8_post_sync_affine,0.02066290118661928,0.02116290118661928,"Raw 1000 Hz packet samples; historical M6 reference is per-channel de-meaned, no filter/no resample. M21-M25 used a separate 250 Hz feature cache, not this raw waveform.",True,Prior real stress-online FBCCA engineering validation: 30/30 technical-valid and post-hoc correct at the historical long window; not used by M21-M25 raw-waveform analysis.,,True,planned
S7,m6_7-formal-20260820T160940Z-0ef360f6,m6_7_stress_online,heldout_stress,stress_online-trial-011,11,target_left,7.2,0,8,"[0,1,2,3,4,5,6,7]","[2,4,7]",1000.0,655000,3275,Quest stimulus_started_software event mapped to an estimated ND8 global sample index; hardware sample anchor and physical optical onset are unverified.,453960,457960,456655749300,460655850556,vendor_demo_declares_first_point_time_not_independently_verified,quest_pc_affine_then_nd8_post_sync_affine,0.021654679049372027,0.022154679049372027,"Raw 1000 Hz packet samples; historical M6 reference is per-channel de-meaned, no filter/no resample. M21-M25 used a separate 250 Hz feature cache, not this raw waveform.",True,Prior real stress-online FBCCA engineering validation: 30/30 technical-valid and post-hoc correct at the historical long window; not used by M21-M25 raw-waveform analysis.,,True,planned
S7,m6_7-formal-20260820T160940Z-0ef360f6,m6_7_stress_online,heldout_stress,stress_online-trial-012,12,target_center,9.0,1,8,"[0,1,2,3,4,5,6,7]","[2,4,7]",1000.0,655000,3275,Quest stimulus_started_software event mapped to an estimated ND8 global sample index; hardware sample anchor and physical optical onset are unverified.,463001,467000,465697353237,469696681493,vendor_demo_declares_first_point_time_not_independently_verified,quest_pc_affine_then_nd8_post_sync_affine,0.02165196512038237,0.02215196512038237,"Raw 1000 Hz packet samples; historical M6 reference is per-channel de-meaned, no filter/no resample. M21-M25 used a separate 250 Hz feature cache, not this raw waveform.",True,Prior real stress-online FBCCA engineering validation: 30/30 technical-valid and post-hoc correct at the historical long window; not used by M21-M25 raw-waveform analysis.,,True,planned
S7,m6_7-formal-20260820T160940Z-0ef360f6,m6_7_stress_online,heldout_stress,stress_online-trial-013,13,target_right,12.0,2,8,"[0,1,2,3,4,5,6,7]","[2,4,7]",1000.0,655000,3275,Quest stimulus_started_software event mapped to an estimated ND8 global sample index; hardware sample anchor and physical optical onset are unverified.,472028,476027,474724420259,478724154880,vendor_demo_declares_first_point_time_not_independently_verified,quest_pc_affine_then_nd8_post_sync_affine,0.02185928467939263,0.02235928467939263,"Raw 1000 Hz packet samples; historical M6 reference is per-channel de-meaned, no filter/no resample. M21-M25 used a separate 250 Hz feature cache, not this raw waveform.",True,Prior real stress-online FBCCA engineering validation: 30/30 technical-valid and post-hoc correct at the historical long window; not used by M21-M25 raw-waveform analysis.,,True,planned
S7,m6_7-formal-20260820T160940Z-0ef360f6,m6_7_stress_online,heldout_stress,stress_online-trial-014,14,target_left,7.2,0,8,"[0,1,2,3,4,5,6,7]","[2,4,7]",1000.0,655000,3275,Quest stimulus_started_software event mapped to an estimated ND8 global sample index; hardware sample anchor and physical optical onset are unverified.,481081,485082,483778722432,487779537394,vendor_demo_declares_first_point_time_not_independently_verified,quest_pc_affine_then_nd8_post_sync_affine,0.021989100945813904,0.022489100945813904,"Raw 1000 Hz packet samples; historical M6 reference is per-channel de-meaned, no filter/no resample. M21-M25 used a separate 250 Hz feature cache, not this raw waveform.",True,Prior real stress-online FBCCA engineering validation: 30/30 technical-valid and post-hoc correct at the historical long window; not used by M21-M25 raw-waveform analysis.,,True,planned
S7,m6_7-formal-20260820T160940Z-0ef360f6,m6_7_stress_online,heldout_stress,stress_online-trial-015,15,target_right,12.0,2,8,"[0,1,2,3,4,5,6,7]","[2,4,7]",1000.0,655000,3275,Quest stimulus_started_software event mapped to an estimated ND8 global sample index; hardware sample anchor and physical optical onset are unverified.,490137,494137,492835175704,496835142917,vendor_demo_declares_first_point_time_not_independently_verified,quest_pc_affine_then_nd8_post_sync_affine,0.02204770937940519,0.02254770937940519,"Raw 1000 Hz packet samples; historical M6 reference is per-channel de-meaned, no filter/no resample. M21-M25 used a separate 250 Hz feature cache, not this raw waveform.",True,Prior real stress-online FBCCA engineering validation: 30/30 technical-valid and post-hoc correct at the historical long window; not used by M21-M25 raw-waveform analysis.,,True,planned
S7,m6_7-formal-20260820T160940Z-0ef360f6,m6_7_stress_online,heldout_stress,stress_online-trial-016,16,target_right,12.0,2,8,"[0,1,2,3,4,5,6,7]","[2,4,7]",1000.0,655000,3275,Quest stimulus_started_software event mapped to an estimated ND8 global sample index; hardware sample anchor and physical optical onset are unverified.,499178,503179,501877005482,505877066410,vendor_demo_declares_first_point_time_not_independently_verified,quest_pc_affine_then_nd8_post_sync_affine,0.02218232536530992,0.02268232536530992,"Raw 1000 Hz packet samples; historical M6 reference is per-channel de-meaned, no filter/no resample. M21-M25 used a separate 250 Hz feature cache, not this raw waveform.",True,Prior real stress-online FBCCA engineering validation: 30/30 technical-valid and post-hoc correct at the historical long window; not used by M21-M25 raw-waveform analysis.,,True,planned
S7,m6_7-formal-20260820T160940Z-0ef360f6,m6_7_stress_online,heldout_stress,stress_online-trial-017,17,target_center,9.0,1,8,"[0,1,2,3,4,5,6,7]","[2,4,7]",1000.0,655000,3275,Quest stimulus_started_software event mapped to an estimated ND8 global sample index; hardware sample anchor and physical optical onset are unverified.,508220,512219,510918302368,514918538098,vendor_demo_declares_first_point_time_not_independently_verified,quest_pc_affine_then_nd8_post_sync_affine,0.0222998599963864,0.0227998599963864,"Raw 1000 Hz packet samples; historical M6 reference is per-channel de-meaned, no filter/no resample. M21-M25 used a separate 250 Hz feature cache, not this raw waveform.",True,Prior real stress-online FBCCA engineering validation: 30/30 technical-valid and post-hoc correct at the historical long window; not used by M21-M25 raw-waveform analysis.,,True,planned
S7,m6_7-formal-20260820T160940Z-0ef360f6,m6_7_stress_online,heldout_stress,stress_online-trial-018,18,target_left,7.2,0,8,"[0,1,2,3,4,5,6,7]","[2,4,7]",1000.0,655000,3275,Quest stimulus_started_software event mapped to an estimated ND8 global sample index; hardware sample anchor and physical optical onset are unverified.,517260,521260,519960070645,523960033392,vendor_demo_declares_first_point_time_not_independently_verified,quest_pc_affine_then_nd8_post_sync_affine,0.022311530604471348,0.022811530604471348,"Raw 1000 Hz packet samples; historical M6 reference is per-channel de-meaned, no filter/no resample. M21-M25 used a separate 250 Hz feature cache, not this raw waveform.",True,Prior real stress-online FBCCA engineering validation: 30/30 technical-valid and post-hoc correct at the historical long window; not used by M21-M25 raw-waveform analysis.,,True,planned
S7,m6_7-formal-20260820T160940Z-0ef360f6,m6_7_stress_online,heldout_stress,stress_online-trial-019,19,target_right,12.0,2,8,"[0,1,2,3,4,5,6,7]","[2,4,7]",1000.0,655000,3275,Quest stimulus_started_software event mapped to an estimated ND8 global sample index; hardware sample anchor and physical optical onset are unverified.,526315,530315,529015439190,533014965102,vendor_demo_declares_first_point_time_not_independently_verified,quest_pc_affine_then_nd8_post_sync_affine,0.02234284214875287,0.02284284214875287,"Raw 1000 Hz packet samples; historical M6 reference is per-channel de-meaned, no filter/no resample. M21-M25 used a separate 250 Hz feature cache, not this raw waveform.",True,Prior real stress-online FBCCA engineering validation: 30/30 technical-valid and post-hoc correct at the historical long window; not used by M21-M25 raw-waveform analysis.,,True,planned
S7,m6_7-formal-20260820T160940Z-0ef360f6,m6_7_stress_online,heldout_stress,stress_online-trial-020,20,target_right,12.0,2,8,"[0,1,2,3,4,5,6,7]","[2,4,7]",1000.0,655000,3275,Quest stimulus_started_software event mapped to an estimated ND8 global sample index; hardware sample anchor and physical optical onset are unverified.,535342,539341,538042734834,542042129776,vendor_demo_declares_first_point_time_not_independently_verified,quest_pc_affine_then_nd8_post_sync_affine,0.022384886078598506,0.022884886078598506,"Raw 1000 Hz packet samples; historical M6 reference is per-channel de-meaned, no filter/no resample. M21-M25 used a separate 250 Hz feature cache, not this raw waveform.",True,Prior real stress-online FBCCA engineering validation: 30/30 technical-valid and post-hoc correct at the historical long window; not used by M21-M25 raw-waveform analysis.,,True,planned
S7,m6_7-formal-20260820T160940Z-0ef360f6,m6_7_stress_online,heldout_stress,stress_online-trial-021,21,target_left,7.2,0,8,"[0,1,2,3,4,5,6,7]","[2,4,7]",1000.0,655000,3275,Quest stimulus_started_software event mapped to an estimated ND8 global sample index; hardware sample anchor and physical optical onset are unverified.,569382,573381,572082738083,576082309609,vendor_demo_declares_first_point_time_not_independently_verified,quest_pc_affine_then_nd8_post_sync_affine,0.022463854940159466,0.022963854940159466,"Raw 1000 Hz packet samples; historical M6 reference is per-channel de-meaned, no filter/no resample. M21-M25 used a separate 250 Hz feature cache, not this raw waveform.",True,Prior real stress-online FBCCA engineering validation: 30/30 technical-valid and post-hoc correct at the historical long window; not used by M21-M25 raw-waveform analysis.,,True,planned
S7,m6_7-formal-20260820T160940Z-0ef360f6,m6_7_stress_online,heldout_stress,stress_online-trial-022,22,target_center,9.0,1,8,"[0,1,2,3,4,5,6,7]","[2,4,7]",1000.0,655000,3275,Quest stimulus_started_software event mapped to an estimated ND8 global sample index; hardware sample anchor and physical optical onset are unverified.,578407,582408,581109068256,585108240571,vendor_demo_declares_first_point_time_not_independently_verified,quest_pc_affine_then_nd8_post_sync_affine,0.022468639164549335,0.022968639164549335,"Raw 1000 Hz packet samples; historical M6 reference is per-channel de-meaned, no filter/no resample. M21-M25 used a separate 250 Hz feature cache, not this raw waveform.",True,Prior real stress-online FBCCA engineering validation: 30/30 technical-valid and post-hoc correct at the historical long window; not used by M21-M25 raw-waveform analysis.,,True,planned
S7,m6_7-formal-20260820T160940Z-0ef360f6,m6_7_stress_online,heldout_stress,stress_online-trial-023,23,target_left,7.2,0,8,"[0,1,2,3,4,5,6,7]","[2,4,7]",1000.0,655000,3275,Quest stimulus_started_software event mapped to an estimated ND8 global sample index; hardware sample anchor and physical optical onset are unverified.,587435,591436,590135759090,594136285638,vendor_demo_declares_first_point_time_not_independently_verified,quest_pc_affine_then_nd8_post_sync_affine,0.022470793405399776,0.022970793405399776,"Raw 1000 Hz packet samples; historical M6 reference is per-channel de-meaned, no filter/no resample. M21-M25 used a separate 250 Hz feature cache, not this raw waveform.",True,Prior real stress-online FBCCA engineering validation: 30/30 technical-valid and post-hoc correct at the historical long window; not used by M21-M25 raw-waveform analysis.,,True,planned
S7,m6_7-formal-20260820T160940Z-0ef360f6,m6_7_stress_online,heldout_stress,stress_online-trial-024,24,target_left,7.2,0,8,"[0,1,2,3,4,5,6,7]","[2,4,7]",1000.0,655000,3275,Quest stimulus_started_software event mapped to an estimated ND8 global sample index; hardware sample anchor and physical optical onset are unverified.,596477,600477,599177560869,603177602991,vendor_demo_declares_first_point_time_not_independently_verified,quest_pc_affine_then_nd8_post_sync_affine,0.02246652150575049,0.02296652150575049,"Raw 1000 Hz packet samples; historical M6 reference is per-channel de-meaned, no filter/no resample. M21-M25 used a separate 250 Hz feature cache, not this raw waveform.",True,Prior real stress-online FBCCA engineering validation: 30/30 technical-valid and post-hoc correct at the historical long window; not used by M21-M25 raw-waveform analysis.,,True,planned
S7,m6_7-formal-20260820T160940Z-0ef360f6,m6_7_stress_online,heldout_stress,stress_online-trial-025,25,target_center,9.0,1,8,"[0,1,2,3,4,5,6,7]","[2,4,7]",1000.0,655000,3275,Quest stimulus_started_software event mapped to an estimated ND8 global sample index; hardware sample anchor and physical optical onset are unverified.,605518,609517,608218611632,612218698210,vendor_demo_declares_first_point_time_not_independently_verified,quest_pc_affine_then_nd8_post_sync_affine,0.022489332891738704,0.022989332891738705,"Raw 1000 Hz packet samples; historical M6 reference is per-channel de-meaned, no filter/no resample. M21-M25 used a separate 250 Hz feature cache, not this raw waveform.",True,Prior real stress-online FBCCA engineering validation: 30/30 technical-valid and post-hoc correct at the historical long window; not used by M21-M25 raw-waveform analysis.,,True,planned
S7,m6_7-formal-20260820T160940Z-0ef360f6,m6_7_stress_online,heldout_stress,stress_online-trial-026,26,target_left,7.2,0,8,"[0,1,2,3,4,5,6,7]","[2,4,7]",1000.0,655000,3275,Quest stimulus_started_software event mapped to an estimated ND8 global sample index; hardware sample anchor and physical optical onset are unverified.,614559,618559,617259941257,621260169793,vendor_demo_declares_first_point_time_not_independently_verified,quest_pc_affine_then_nd8_post_sync_affine,0.022492787894065832,0.022992787894065832,"Raw 1000 Hz packet samples; historical M6 reference is per-channel de-meaned, no filter/no resample. M21-M25 used a separate 250 Hz feature cache, not this raw waveform.",True,Prior real stress-online FBCCA engineering validation: 30/30 technical-valid and post-hoc correct at the historical long window; not used by M21-M25 raw-waveform analysis.,,True,planned
S7,m6_7-formal-20260820T160940Z-0ef360f6,m6_7_stress_online,heldout_stress,stress_online-trial-027,27,target_center,9.0,1,8,"[0,1,2,3,4,5,6,7]","[2,4,7]",1000.0,655000,3275,Quest stimulus_started_software event mapped to an estimated ND8 global sample index; hardware sample anchor and physical optical onset are unverified.,623599,627600,626301094624,630302046103,vendor_demo_declares_first_point_time_not_independently_verified,quest_pc_affine_then_nd8_post_sync_affine,0.02242162510053739,0.022921625100537392,"Raw 1000 Hz packet samples; historical M6 reference is per-channel de-meaned, no filter/no resample. M21-M25 used a separate 250 Hz feature cache, not this raw waveform.",True,Prior real stress-online FBCCA engineering validation: 30/30 technical-valid and post-hoc correct at the historical long window; not used by M21-M25 raw-waveform analysis.,,True,planned
S7,m6_7-formal-20260820T160940Z-0ef360f6,m6_7_stress_online,heldout_stress,stress_online-trial-028,28,target_right,12.0,2,8,"[0,1,2,3,4,5,6,7]","[2,4,7]",1000.0,655000,3275,Quest stimulus_started_software event mapped to an estimated ND8 global sample index; hardware sample anchor and physical optical onset are unverified.,632641,636641,635342612348,639342342508,vendor_demo_declares_first_point_time_not_independently_verified,quest_pc_affine_then_nd8_post_sync_affine,0.02241086017409993,0.02291086017409993,"Raw 1000 Hz packet samples; historical M6 reference is per-channel de-meaned, no filter/no resample. M21-M25 used a separate 250 Hz feature cache, not this raw waveform.",True,Prior real stress-online FBCCA engineering validation: 30/30 technical-valid and post-hoc correct at the historical long window; not used by M21-M25 raw-waveform analysis.,,True,planned
S7,m6_7-formal-20260820T160940Z-0ef360f6,m6_7_stress_online,heldout_stress,stress_online-trial-029,29,target_center,9.0,1,8,"[0,1,2,3,4,5,6,7]","[2,4,7]",1000.0,655000,3275,Quest stimulus_started_software event mapped to an estimated ND8 global sample index; hardware sample anchor and physical optical onset are unverified.,641697,645696,644397943098,648397702276,vendor_demo_declares_first_point_time_not_independently_verified,quest_pc_affine_then_nd8_post_sync_affine,0.02247400870470953,0.02297400870470953,"Raw 1000 Hz packet samples; historical M6 reference is per-channel de-meaned, no filter/no resample. M21-M25 used a separate 250 Hz feature cache, not this raw waveform.",True,Prior real stress-online FBCCA engineering validation: 30/30 technical-valid and post-hoc correct at the historical long window; not used by M21-M25 raw-waveform analysis.,,True,planned
S7,m6_7-formal-20260820T160940Z-0ef360f6,m6_7_stress_online,heldout_stress,stress_online-trial-030,30,target_left,7.2,0,8,"[0,1,2,3,4,5,6,7]","[2,4,7]",1000.0,655000,3275,Quest stimulus_started_software event mapped to an estimated ND8 global sample index; hardware sample anchor and physical optical onset are unverified.,650753,654755,653454446536,657455549252,vendor_demo_declares_first_point_time_not_independently_verified,quest_pc_affine_then_nd8_post_sync_affine,0.022438400613421592,0.022938400613421592,"Raw 1000 Hz packet samples; historical M6 reference is per-channel de-meaned, no filter/no resample. M21-M25 used a separate 250 Hz feature cache, not this raw waveform.",True,Prior real stress-online FBCCA engineering validation: 30/30 technical-valid and post-hoc correct at the historical long window; not used by M21-M25 raw-waveform analysis.,,True,planned
