candidateId,minimumEvidenceSeconds,minimumRelativeMargin,requiredConsecutiveTopUpdates,n,correct,accuracy,balancedAccuracy,perClassAccuracyBySlot,confusionMatrixTrueSlotByPredictedSlot,meanEvidenceSeconds,medianEvidenceSeconds,p90EvidenceSeconds,meanNominalLoggedOnsetRelativeDecisionSeconds,medianNominalLoggedOnsetRelativeDecisionSeconds,p90NominalLoggedOnsetRelativeDecisionSeconds,meanCumulativeRecomputeLatencyMs,p90CumulativeRecomputeLatencyMs,stoppedAtOrBefore,forcedToMaximumCount,wrongEarlyStopCount
E200_M000_S2,0.2,0.0,2,29,24,0.8275862068965517,0.825925925925926,"[0.9, 0.7777777777777778, 0.8]","[[9, 1, 0], [1, 7, 1], [1, 1, 8]]",0.2827586206896551,0.25,0.35,0.7827586206896552,0.75,0.85,6.1767724137931035,10.26086,"{'0.2': 0, '0.25': 17, '0.3': 24, '0.4': 29, '0.5': 29}",0,5
E200_M000_S3,0.2,0.0,3,29,25,0.8620689655172413,0.8592592592592593,"[0.9, 0.7777777777777778, 0.9]","[[9, 1, 0], [2, 7, 0], [1, 0, 9]]",0.34310344827586203,0.3,0.4,0.843103448275862,0.8,0.9,9.083886206896553,12.56026,"{'0.2': 0, '0.25': 0, '0.3': 15, '0.4': 27, '0.5': 29}",0,4
E200_M025_S2,0.2,0.025,2,29,25,0.8620689655172413,0.8592592592592593,"[0.9, 0.7777777777777778, 0.9]","[[9, 1, 0], [1, 7, 1], [1, 0, 9]]",0.2879310344827586,0.25,0.35,0.7879310344827587,0.75,0.85,6.450741379310346,10.55734,"{'0.2': 0, '0.25': 16, '0.3': 22, '0.4': 29, '0.5': 29}",0,4
E200_M025_S3,0.2,0.025,3,29,25,0.8620689655172413,0.8592592592592593,"[0.9, 0.7777777777777778, 0.9]","[[9, 1, 0], [2, 7, 0], [1, 0, 9]]",0.3448275862068966,0.35,0.4,0.8448275862068966,0.85,0.9,9.159106896551725,12.56026,"{'0.2': 0, '0.25': 0, '0.3': 14, '0.4': 27, '0.5': 29}",0,4
E200_M050_S2,0.2,0.05,2,29,25,0.8620689655172413,0.8592592592592593,"[0.9, 0.7777777777777778, 0.9]","[[9, 1, 0], [1, 7, 1], [1, 0, 9]]",0.296551724137931,0.3,0.4,0.7965517241379311,0.8,0.9,6.815958620689655,11.987,"{'0.2': 0, '0.25': 14, '0.3': 22, '0.4': 29, '0.5': 29}",0,4
E200_M050_S3,0.2,0.05,3,29,25,0.8620689655172413,0.8592592592592593,"[0.9, 0.7777777777777778, 0.9]","[[9, 1, 0], [2, 7, 0], [1, 0, 9]]",0.3482758620689655,0.35,0.4,0.8482758620689655,0.85,0.9,9.346496551724139,12.604659999999999,"{'0.2': 0, '0.25': 0, '0.3': 13, '0.4': 27, '0.5': 29}",0,4
E200_M075_S2,0.2,0.075,2,29,25,0.8620689655172413,0.8592592592592593,"[0.9, 0.7777777777777778, 0.9]","[[9, 1, 0], [1, 7, 1], [1, 0, 9]]",0.30517241379310345,0.3,0.4,0.8051724137931034,0.8,0.9,7.147679310344828,11.987,"{'0.2': 0, '0.25': 12, '0.3': 21, '0.4': 28, '0.5': 29}",0,4
E200_M075_S3,0.2,0.075,3,29,27,0.9310344827586207,0.9259259259259259,"[1.0, 0.7777777777777778, 1.0]","[[10, 0, 0], [2, 7, 0], [0, 0, 10]]",0.3724137931034483,0.35,0.5,0.8724137931034484,0.85,1.0,9.971165517241378,13.56722,"{'0.2': 0, '0.25': 0, '0.3': 12, '0.4': 25, '0.5': 28}",0,2
E200_M100_S2,0.2,0.1,2,29,25,0.8620689655172413,0.8555555555555555,"[0.9, 0.6666666666666666, 1.0]","[[9, 1, 0], [2, 6, 1], [0, 0, 10]]",0.35344827586206895,0.3,0.5,0.853448275862069,0.8,1.0,8.64703448275862,13.87082,"{'0.2': 0, '0.25': 8, '0.3': 17, '0.4': 25, '0.5': 28}",1,3
E200_M100_S3,0.2,0.1,3,29,26,0.896551724137931,0.8888888888888888,"[1.0, 0.6666666666666666, 1.0]","[[10, 0, 0], [2, 6, 1], [0, 0, 10]]",0.4017241379310345,0.35,0.5,0.9017241379310346,0.85,1.0,10.549810344827586,14.8132,"{'0.2': 0, '0.25': 0, '0.3': 12, '0.4': 22, '0.5': 27}",1,2
E200_M125_S2,0.2,0.125,2,29,25,0.8620689655172413,0.8555555555555555,"[0.9, 0.6666666666666666, 1.0]","[[9, 1, 0], [2, 6, 1], [0, 0, 10]]",0.38275862068965516,0.35,0.5,0.8827586206896553,0.85,1.0,9.525672413793105,14.61514,"{'0.2': 0, '0.25': 8, '0.3': 14, '0.4': 23, '0.5': 27}",1,3
E200_M125_S3,0.2,0.125,3,29,26,0.896551724137931,0.8888888888888888,"[1.0, 0.6666666666666666, 1.0]","[[10, 0, 0], [2, 6, 1], [0, 0, 10]]",0.42758620689655175,0.35,0.5599999999999998,0.9275862068965518,0.85,1.0599999999999998,11.278941379310345,15.593939999999996,"{'0.2': 0, '0.25': 0, '0.3': 9, '0.4': 20, '0.5': 26}",1,2
E200_M150_S2,0.2,0.15,2,29,27,0.9310344827586207,0.9296296296296296,"[0.9, 0.8888888888888888, 1.0]","[[9, 1, 0], [0, 8, 1], [0, 0, 10]]",0.43448275862068964,0.35,0.8,0.9344827586206897,0.85,1.3,10.950620689655171,20.03272,"{'0.2': 0, '0.25': 8, '0.3': 13, '0.4': 19, '0.5': 21}",1,1
E200_M150_S3,0.2,0.15,3,29,28,0.9655172413793104,0.9629629629629629,"[1.0, 0.8888888888888888, 1.0]","[[10, 0, 0], [0, 8, 1], [0, 0, 10]]",0.5172413793103449,0.4,1.0,1.0172413793103448,0.9,1.5,13.498789655172414,21.03238,"{'0.2': 0, '0.25': 0, '0.3': 7, '0.4': 15, '0.5': 19}",1,0
E200_M175_S2,0.2,0.175,2,29,28,0.9655172413793104,0.9629629629629629,"[1.0, 0.8888888888888888, 1.0]","[[10, 0, 0], [0, 8, 1], [0, 0, 10]]",0.4862068965517241,0.4,0.8399999999999999,0.9862068965517242,0.9,1.3399999999999999,12.340010344827586,20.39594,"{'0.2': 0, '0.25': 5, '0.3': 10, '0.4': 17, '0.5': 18}",1,0
E200_M175_S3,0.2,0.175,3,29,28,0.9655172413793104,0.9629629629629629,"[1.0, 0.8888888888888888, 1.0]","[[10, 0, 0], [0, 8, 1], [0, 0, 10]]",0.5396551724137931,0.5,1.0,1.0396551724137932,1.0,1.5,14.05256896551724,21.65318,"{'0.2': 0, '0.25': 0, '0.3': 6, '0.4': 14, '0.5': 17}",1,0
E200_M200_S2,0.2,0.2,2,29,28,0.9655172413793104,0.9629629629629629,"[1.0, 0.8888888888888888, 1.0]","[[10, 0, 0], [0, 8, 1], [0, 0, 10]]",0.5155172413793103,0.4,1.0,1.0155172413793103,0.9,1.5,12.864686206896552,20.844,"{'0.2': 0, '0.25': 4, '0.3': 10, '0.4': 16, '0.5': 17}",2,0
E200_M200_S3,0.2,0.2,3,29,28,0.9655172413793104,0.9629629629629629,"[1.0, 0.8888888888888888, 1.0]","[[10, 0, 0], [0, 8, 1], [0, 0, 10]]",0.6017241379310344,0.6,1.0,1.1017241379310345,1.1,1.5,15.51076551724138,21.7435,"{'0.2': 0, '0.25': 0, '0.3': 5, '0.4': 9, '0.5': 14}",2,0
E200_M225_S2,0.2,0.225,2,29,28,0.9655172413793104,0.9629629629629629,"[1.0, 0.8888888888888888, 1.0]","[[10, 0, 0], [0, 8, 1], [0, 0, 10]]",0.6155172413793104,0.6,1.0,1.1155172413793104,1.1,1.5,15.304310344827586,22.051119999999997,"{'0.2': 0, '0.25': 1, '0.3': 6, '0.4': 10, '0.5': 14}",4,0
E200_M225_S3,0.2,0.225,3,29,28,0.9655172413793104,0.9629629629629629,"[1.0, 0.8888888888888888, 1.0]","[[10, 0, 0], [0, 8, 1], [0, 0, 10]]",0.6413793103448276,0.6,1.0,1.1413793103448275,1.1,1.5,16.098044827586207,22.41098,"{'0.2': 0, '0.25': 0, '0.3': 5, '0.4': 8, '0.5': 14}",4,0
E200_M250_S2,0.2,0.25,2,29,28,0.9655172413793104,0.9629629629629629,"[1.0, 0.8888888888888888, 1.0]","[[10, 0, 0], [0, 8, 1], [0, 0, 10]]",0.6775862068965517,0.6,1.0,1.1775862068965517,1.1,1.5,16.951196551724138,22.41002,"{'0.2': 0, '0.25': 0, '0.3': 4, '0.4': 8, '0.5': 9}",6,0
E200_M250_S3,0.2,0.25,3,29,28,0.9655172413793104,0.9629629629629629,"[1.0, 0.8888888888888888, 1.0]","[[10, 0, 0], [0, 8, 1], [0, 0, 10]]",0.6982758620689655,0.6,1.0,1.1982758620689655,1.1,1.5,17.42008965517241,22.65432,"{'0.2': 0, '0.25': 0, '0.3': 4, '0.4': 7, '0.5': 8}",6,0
E200_M275_S2,0.2,0.275,2,29,28,0.9655172413793104,0.9629629629629629,"[1.0, 0.8888888888888888, 1.0]","[[10, 0, 0], [0, 8, 1], [0, 0, 10]]",0.7517241379310345,0.8,1.0,1.2517241379310347,1.3,1.5,18.606537931034485,22.650479999999998,"{'0.2': 0, '0.25': 0, '0.3': 0, '0.4': 5, '0.5': 6}",9,0
E200_M275_S3,0.2,0.275,3,29,28,0.9655172413793104,0.9629629629629629,"[1.0, 0.8888888888888888, 1.0]","[[10, 0, 0], [0, 8, 1], [0, 0, 10]]",0.7724137931034483,0.8,1.0,1.2724137931034483,1.3,1.5,19.075431034482758,23.57088,"{'0.2': 0, '0.25': 0, '0.3': 0, '0.4': 4, '0.5': 5}",9,0
E200_M300_S2,0.2,0.3,2,29,28,0.9655172413793104,0.9629629629629629,"[1.0, 0.8888888888888888, 1.0]","[[10, 0, 0], [0, 8, 1], [0, 0, 10]]",0.8344827586206897,1.0,1.0,1.3344827586206898,1.5,1.5,20.18136896551724,24.62712,"{'0.2': 0, '0.25': 0, '0.3': 0, '0.4': 2, '0.5': 2}",10,0
E200_M300_S3,0.2,0.3,3,29,28,0.9655172413793104,0.9629629629629629,"[1.0, 0.8888888888888888, 1.0]","[[10, 0, 0], [0, 8, 1], [0, 0, 10]]",0.8413793103448275,1.0,1.0,1.3413793103448275,1.5,1.5,20.26792068965517,24.62712,"{'0.2': 0, '0.25': 0, '0.3': 0, '0.4': 2, '0.5': 2}",11,0
E200_M325_S2,0.2,0.325,2,29,28,0.9655172413793104,0.9629629629629629,"[1.0, 0.8888888888888888, 1.0]","[[10, 0, 0], [0, 8, 1], [0, 0, 10]]",0.9,1.0,1.0,1.4000000000000001,1.5,1.5,21.308910344827584,24.62712,"{'0.2': 0, '0.25': 0, '0.3': 0, '0.4': 0, '0.5': 1}",13,0
E200_M325_S3,0.2,0.325,3,29,28,0.9655172413793104,0.9629629629629629,"[1.0, 0.8888888888888888, 1.0]","[[10, 0, 0], [0, 8, 1], [0, 0, 10]]",0.9,1.0,1.0,1.4000000000000001,1.5,1.5,21.308910344827584,24.62712,"{'0.2': 0, '0.25': 0, '0.3': 0, '0.4': 0, '0.5': 1}",13,0
E200_M350_S2,0.2,0.35,2,29,28,0.9655172413793104,0.9629629629629629,"[1.0, 0.8888888888888888, 1.0]","[[10, 0, 0], [0, 8, 1], [0, 0, 10]]",0.9275862068965517,1.0,1.0,1.4275862068965517,1.5,1.5,21.68834827586207,24.62712,"{'0.2': 0, '0.25': 0, '0.3': 0, '0.4': 0, '0.5': 1}",13,0
E200_M350_S3,0.2,0.35,3,29,28,0.9655172413793104,0.9629629629629629,"[1.0, 0.8888888888888888, 1.0]","[[10, 0, 0], [0, 8, 1], [0, 0, 10]]",0.9275862068965517,1.0,1.0,1.4275862068965517,1.5,1.5,21.68834827586207,24.62712,"{'0.2': 0, '0.25': 0, '0.3': 0, '0.4': 0, '0.5': 1}",13,0
E200_M375_S2,0.2,0.375,2,29,28,0.9655172413793104,0.9629629629629629,"[1.0, 0.8888888888888888, 1.0]","[[10, 0, 0], [0, 8, 1], [0, 0, 10]]",0.9275862068965517,1.0,1.0,1.4275862068965517,1.5,1.5,21.68834827586207,24.62712,"{'0.2': 0, '0.25': 0, '0.3': 0, '0.4': 0, '0.5': 1}",16,0
E200_M375_S3,0.2,0.375,3,29,28,0.9655172413793104,0.9629629629629629,"[1.0, 0.8888888888888888, 1.0]","[[10, 0, 0], [0, 8, 1], [0, 0, 10]]",0.9275862068965517,1.0,1.0,1.4275862068965517,1.5,1.5,21.68834827586207,24.62712,"{'0.2': 0, '0.25': 0, '0.3': 0, '0.4': 0, '0.5': 1}",16,0
E200_M400_S2,0.2,0.4,2,29,28,0.9655172413793104,0.9629629629629629,"[1.0, 0.8888888888888888, 1.0]","[[10, 0, 0], [0, 8, 1], [0, 0, 10]]",0.9551724137931035,1.0,1.0,1.4551724137931035,1.5,1.5,22.055427586206896,25.421899999999997,"{'0.2': 0, '0.25': 0, '0.3': 0, '0.4': 0, '0.5': 1}",18,0
E200_M400_S3,0.2,0.4,3,29,28,0.9655172413793104,0.9629629629629629,"[1.0, 0.8888888888888888, 1.0]","[[10, 0, 0], [0, 8, 1], [0, 0, 10]]",0.9551724137931035,1.0,1.0,1.4551724137931035,1.5,1.5,22.055427586206896,25.421899999999997,"{'0.2': 0, '0.25': 0, '0.3': 0, '0.4': 0, '0.5': 1}",18,0
E200_M425_S2,0.2,0.425,2,29,28,0.9655172413793104,0.9629629629629629,"[1.0, 0.8888888888888888, 1.0]","[[10, 0, 0], [0, 8, 1], [0, 0, 10]]",0.9862068965517242,1.0,1.0,1.486206896551724,1.5,1.5,22.520044827586208,25.7271,"{'0.2': 0, '0.25': 0, '0.3': 0, '0.4': 0, '0.5': 0}",19,0
E200_M425_S3,0.2,0.425,3,29,28,0.9655172413793104,0.9629629629629629,"[1.0, 0.8888888888888888, 1.0]","[[10, 0, 0], [0, 8, 1], [0, 0, 10]]",0.9862068965517242,1.0,1.0,1.486206896551724,1.5,1.5,22.520044827586208,25.7271,"{'0.2': 0, '0.25': 0, '0.3': 0, '0.4': 0, '0.5': 0}",19,0
E200_M450_S2,0.2,0.45,2,29,28,0.9655172413793104,0.9629629629629629,"[1.0, 0.8888888888888888, 1.0]","[[10, 0, 0], [0, 8, 1], [0, 0, 10]]",1.0,1.0,1.0,1.5,1.5,1.5,22.729679310344828,25.7271,"{'0.2': 0, '0.25': 0, '0.3': 0, '0.4': 0, '0.5': 0}",22,0
E200_M450_S3,0.2,0.45,3,29,28,0.9655172413793104,0.9629629629629629,"[1.0, 0.8888888888888888, 1.0]","[[10, 0, 0], [0, 8, 1], [0, 0, 10]]",1.0,1.0,1.0,1.5,1.5,1.5,22.729679310344828,25.7271,"{'0.2': 0, '0.25': 0, '0.3': 0, '0.4': 0, '0.5': 0}",22,0
E200_M475_S2,0.2,0.475,2,29,28,0.9655172413793104,0.9629629629629629,"[1.0, 0.8888888888888888, 1.0]","[[10, 0, 0], [0, 8, 1], [0, 0, 10]]",1.0,1.0,1.0,1.5,1.5,1.5,22.729679310344828,25.7271,"{'0.2': 0, '0.25': 0, '0.3': 0, '0.4': 0, '0.5': 0}",24,0
E200_M475_S3,0.2,0.475,3,29,28,0.9655172413793104,0.9629629629629629,"[1.0, 0.8888888888888888, 1.0]","[[10, 0, 0], [0, 8, 1], [0, 0, 10]]",1.0,1.0,1.0,1.5,1.5,1.5,22.729679310344828,25.7271,"{'0.2': 0, '0.25': 0, '0.3': 0, '0.4': 0, '0.5': 0}",24,0
E200_M500_S2,0.2,0.5,2,29,28,0.9655172413793104,0.9629629629629629,"[1.0, 0.8888888888888888, 1.0]","[[10, 0, 0], [0, 8, 1], [0, 0, 10]]",1.0,1.0,1.0,1.5,1.5,1.5,22.729679310344828,25.7271,"{'0.2': 0, '0.25': 0, '0.3': 0, '0.4': 0, '0.5': 0}",24,0
E200_M500_S3,0.2,0.5,3,29,28,0.9655172413793104,0.9629629629629629,"[1.0, 0.8888888888888888, 1.0]","[[10, 0, 0], [0, 8, 1], [0, 0, 10]]",1.0,1.0,1.0,1.5,1.5,1.5,22.729679310344828,25.7271,"{'0.2': 0, '0.25': 0, '0.3': 0, '0.4': 0, '0.5': 0}",24,0
E250_M000_S2,0.25,0.0,2,29,24,0.8275862068965517,0.825925925925926,"[0.9, 0.7777777777777778, 0.8]","[[9, 1, 0], [1, 7, 1], [1, 1, 8]]",0.2827586206896551,0.25,0.35,0.7827586206896552,0.75,0.85,6.1767724137931035,10.26086,"{'0.2': 0, '0.25': 17, '0.3': 24, '0.4': 29, '0.5': 29}",0,5
E250_M000_S3,0.25,0.0,3,29,25,0.8620689655172413,0.8592592592592593,"[0.9, 0.7777777777777778, 0.9]","[[9, 1, 0], [2, 7, 0], [1, 0, 9]]",0.34310344827586203,0.3,0.4,0.843103448275862,0.8,0.9,9.083886206896553,12.56026,"{'0.2': 0, '0.25': 0, '0.3': 15, '0.4': 27, '0.5': 29}",0,4
E250_M025_S2,0.25,0.025,2,29,25,0.8620689655172413,0.8592592592592593,"[0.9, 0.7777777777777778, 0.9]","[[9, 1, 0], [1, 7, 1], [1, 0, 9]]",0.2879310344827586,0.25,0.35,0.7879310344827587,0.75,0.85,6.450741379310346,10.55734,"{'0.2': 0, '0.25': 16, '0.3': 22, '0.4': 29, '0.5': 29}",0,4
E250_M025_S3,0.25,0.025,3,29,25,0.8620689655172413,0.8592592592592593,"[0.9, 0.7777777777777778, 0.9]","[[9, 1, 0], [2, 7, 0], [1, 0, 9]]",0.3448275862068966,0.35,0.4,0.8448275862068966,0.85,0.9,9.159106896551725,12.56026,"{'0.2': 0, '0.25': 0, '0.3': 14, '0.4': 27, '0.5': 29}",0,4
E250_M050_S2,0.25,0.05,2,29,25,0.8620689655172413,0.8592592592592593,"[0.9, 0.7777777777777778, 0.9]","[[9, 1, 0], [1, 7, 1], [1, 0, 9]]",0.296551724137931,0.3,0.4,0.7965517241379311,0.8,0.9,6.815958620689655,11.987,"{'0.2': 0, '0.25': 14, '0.3': 22, '0.4': 29, '0.5': 29}",0,4
E250_M050_S3,0.25,0.05,3,29,25,0.8620689655172413,0.8592592592592593,"[0.9, 0.7777777777777778, 0.9]","[[9, 1, 0], [2, 7, 0], [1, 0, 9]]",0.3482758620689655,0.35,0.4,0.8482758620689655,0.85,0.9,9.346496551724139,12.604659999999999,"{'0.2': 0, '0.25': 0, '0.3': 13, '0.4': 27, '0.5': 29}",0,4
E250_M075_S2,0.25,0.075,2,29,25,0.8620689655172413,0.8592592592592593,"[0.9, 0.7777777777777778, 0.9]","[[9, 1, 0], [1, 7, 1], [1, 0, 9]]",0.30517241379310345,0.3,0.4,0.8051724137931034,0.8,0.9,7.147679310344828,11.987,"{'0.2': 0, '0.25': 12, '0.3': 21, '0.4': 28, '0.5': 29}",0,4
E250_M075_S3,0.25,0.075,3,29,27,0.9310344827586207,0.9259259259259259,"[1.0, 0.7777777777777778, 1.0]","[[10, 0, 0], [2, 7, 0], [0, 0, 10]]",0.3724137931034483,0.35,0.5,0.8724137931034484,0.85,1.0,9.971165517241378,13.56722,"{'0.2': 0, '0.25': 0, '0.3': 12, '0.4': 25, '0.5': 28}",0,2
E250_M100_S2,0.25,0.1,2,29,25,0.8620689655172413,0.8555555555555555,"[0.9, 0.6666666666666666, 1.0]","[[9, 1, 0], [2, 6, 1], [0, 0, 10]]",0.35344827586206895,0.3,0.5,0.853448275862069,0.8,1.0,8.64703448275862,13.87082,"{'0.2': 0, '0.25': 8, '0.3': 17, '0.4': 25, '0.5': 28}",1,3
E250_M100_S3,0.25,0.1,3,29,26,0.896551724137931,0.8888888888888888,"[1.0, 0.6666666666666666, 1.0]","[[10, 0, 0], [2, 6, 1], [0, 0, 10]]",0.4017241379310345,0.35,0.5,0.9017241379310346,0.85,1.0,10.549810344827586,14.8132,"{'0.2': 0, '0.25': 0, '0.3': 12, '0.4': 22, '0.5': 27}",1,2
E250_M125_S2,0.25,0.125,2,29,25,0.8620689655172413,0.8555555555555555,"[0.9, 0.6666666666666666, 1.0]","[[9, 1, 0], [2, 6, 1], [0, 0, 10]]",0.38275862068965516,0.35,0.5,0.8827586206896553,0.85,1.0,9.525672413793105,14.61514,"{'0.2': 0, '0.25': 8, '0.3': 14, '0.4': 23, '0.5': 27}",1,3
E250_M125_S3,0.25,0.125,3,29,26,0.896551724137931,0.8888888888888888,"[1.0, 0.6666666666666666, 1.0]","[[10, 0, 0], [2, 6, 1], [0, 0, 10]]",0.42758620689655175,0.35,0.5599999999999998,0.9275862068965518,0.85,1.0599999999999998,11.278941379310345,15.593939999999996,"{'0.2': 0, '0.25': 0, '0.3': 9, '0.4': 20, '0.5': 26}",1,2
E250_M150_S2,0.25,0.15,2,29,27,0.9310344827586207,0.9296296296296296,"[0.9, 0.8888888888888888, 1.0]","[[9, 1, 0], [0, 8, 1], [0, 0, 10]]",0.43448275862068964,0.35,0.8,0.9344827586206897,0.85,1.3,10.950620689655171,20.03272,"{'0.2': 0, '0.25': 8, '0.3': 13, '0.4': 19, '0.5': 21}",1,1
E250_M150_S3,0.25,0.15,3,29,28,0.9655172413793104,0.9629629629629629,"[1.0, 0.8888888888888888, 1.0]","[[10, 0, 0], [0, 8, 1], [0, 0, 10]]",0.5172413793103449,0.4,1.0,1.0172413793103448,0.9,1.5,13.498789655172414,21.03238,"{'0.2': 0, '0.25': 0, '0.3': 7, '0.4': 15, '0.5': 19}",1,0
E250_M175_S2,0.25,0.175,2,29,28,0.9655172413793104,0.9629629629629629,"[1.0, 0.8888888888888888, 1.0]","[[10, 0, 0], [0, 8, 1], [0, 0, 10]]",0.4862068965517241,0.4,0.8399999999999999,0.9862068965517242,0.9,1.3399999999999999,12.340010344827586,20.39594,"{'0.2': 0, '0.25': 5, '0.3': 10, '0.4': 17, '0.5': 18}",1,0
E250_M175_S3,0.25,0.175,3,29,28,0.9655172413793104,0.9629629629629629,"[1.0, 0.8888888888888888, 1.0]","[[10, 0, 0], [0, 8, 1], [0, 0, 10]]",0.5396551724137931,0.5,1.0,1.0396551724137932,1.0,1.5,14.05256896551724,21.65318,"{'0.2': 0, '0.25': 0, '0.3': 6, '0.4': 14, '0.5': 17}",1,0
E250_M200_S2,0.25,0.2,2,29,28,0.9655172413793104,0.9629629629629629,"[1.0, 0.8888888888888888, 1.0]","[[10, 0, 0], [0, 8, 1], [0, 0, 10]]",0.5155172413793103,0.4,1.0,1.0155172413793103,0.9,1.5,12.864686206896552,20.844,"{'0.2': 0, '0.25': 4, '0.3': 10, '0.4': 16, '0.5': 17}",2,0
E250_M200_S3,0.25,0.2,3,29,28,0.9655172413793104,0.9629629629629629,"[1.0, 0.8888888888888888, 1.0]","[[10, 0, 0], [0, 8, 1], [0, 0, 10]]",0.6017241379310344,0.6,1.0,1.1017241379310345,1.1,1.5,15.51076551724138,21.7435,"{'0.2': 0, '0.25': 0, '0.3': 5, '0.4': 9, '0.5': 14}",2,0
E250_M225_S2,0.25,0.225,2,29,28,0.9655172413793104,0.9629629629629629,"[1.0, 0.8888888888888888, 1.0]","[[10, 0, 0], [0, 8, 1], [0, 0, 10]]",0.6155172413793104,0.6,1.0,1.1155172413793104,1.1,1.5,15.304310344827586,22.051119999999997,"{'0.2': 0, '0.25': 1, '0.3': 6, '0.4': 10, '0.5': 14}",4,0
E250_M225_S3,0.25,0.225,3,29,28,0.9655172413793104,0.9629629629629629,"[1.0, 0.8888888888888888, 1.0]","[[10, 0, 0], [0, 8, 1], [0, 0, 10]]",0.6413793103448276,0.6,1.0,1.1413793103448275,1.1,1.5,16.098044827586207,22.41098,"{'0.2': 0, '0.25': 0, '0.3': 5, '0.4': 8, '0.5': 14}",4,0
E250_M250_S2,0.25,0.25,2,29,28,0.9655172413793104,0.9629629629629629,"[1.0, 0.8888888888888888, 1.0]","[[10, 0, 0], [0, 8, 1], [0, 0, 10]]",0.6775862068965517,0.6,1.0,1.1775862068965517,1.1,1.5,16.951196551724138,22.41002,"{'0.2': 0, '0.25': 0, '0.3': 4, '0.4': 8, '0.5': 9}",6,0
E250_M250_S3,0.25,0.25,3,29,28,0.9655172413793104,0.9629629629629629,"[1.0, 0.8888888888888888, 1.0]","[[10, 0, 0], [0, 8, 1], [0, 0, 10]]",0.6982758620689655,0.6,1.0,1.1982758620689655,1.1,1.5,17.42008965517241,22.65432,"{'0.2': 0, '0.25': 0, '0.3': 4, '0.4': 7, '0.5': 8}",6,0
E250_M275_S2,0.25,0.275,2,29,28,0.9655172413793104,0.9629629629629629,"[1.0, 0.8888888888888888, 1.0]","[[10, 0, 0], [0, 8, 1], [0, 0, 10]]",0.7517241379310345,0.8,1.0,1.2517241379310347,1.3,1.5,18.606537931034485,22.650479999999998,"{'0.2': 0, '0.25': 0, '0.3': 0, '0.4': 5, '0.5': 6}",9,0
E250_M275_S3,0.25,0.275,3,29,28,0.9655172413793104,0.9629629629629629,"[1.0, 0.8888888888888888, 1.0]","[[10, 0, 0], [0, 8, 1], [0, 0, 10]]",0.7724137931034483,0.8,1.0,1.2724137931034483,1.3,1.5,19.075431034482758,23.57088,"{'0.2': 0, '0.25': 0, '0.3': 0, '0.4': 4, '0.5': 5}",9,0
E250_M300_S2,0.25,0.3,2,29,28,0.9655172413793104,0.9629629629629629,"[1.0, 0.8888888888888888, 1.0]","[[10, 0, 0], [0, 8, 1], [0, 0, 10]]",0.8344827586206897,1.0,1.0,1.3344827586206898,1.5,1.5,20.18136896551724,24.62712,"{'0.2': 0, '0.25': 0, '0.3': 0, '0.4': 2, '0.5': 2}",10,0
E250_M300_S3,0.25,0.3,3,29,28,0.9655172413793104,0.9629629629629629,"[1.0, 0.8888888888888888, 1.0]","[[10, 0, 0], [0, 8, 1], [0, 0, 10]]",0.8413793103448275,1.0,1.0,1.3413793103448275,1.5,1.5,20.26792068965517,24.62712,"{'0.2': 0, '0.25': 0, '0.3': 0, '0.4': 2, '0.5': 2}",11,0
E250_M325_S2,0.25,0.325,2,29,28,0.9655172413793104,0.9629629629629629,"[1.0, 0.8888888888888888, 1.0]","[[10, 0, 0], [0, 8, 1], [0, 0, 10]]",0.9,1.0,1.0,1.4000000000000001,1.5,1.5,21.308910344827584,24.62712,"{'0.2': 0, '0.25': 0, '0.3': 0, '0.4': 0, '0.5': 1}",13,0
E250_M325_S3,0.25,0.325,3,29,28,0.9655172413793104,0.9629629629629629,"[1.0, 0.8888888888888888, 1.0]","[[10, 0, 0], [0, 8, 1], [0, 0, 10]]",0.9,1.0,1.0,1.4000000000000001,1.5,1.5,21.308910344827584,24.62712,"{'0.2': 0, '0.25': 0, '0.3': 0, '0.4': 0, '0.5': 1}",13,0
E250_M350_S2,0.25,0.35,2,29,28,0.9655172413793104,0.9629629629629629,"[1.0, 0.8888888888888888, 1.0]","[[10, 0, 0], [0, 8, 1], [0, 0, 10]]",0.9275862068965517,1.0,1.0,1.4275862068965517,1.5,1.5,21.68834827586207,24.62712,"{'0.2': 0, '0.25': 0, '0.3': 0, '0.4': 0, '0.5': 1}",13,0
E250_M350_S3,0.25,0.35,3,29,28,0.9655172413793104,0.9629629629629629,"[1.0, 0.8888888888888888, 1.0]","[[10, 0, 0], [0, 8, 1], [0, 0, 10]]",0.9275862068965517,1.0,1.0,1.4275862068965517,1.5,1.5,21.68834827586207,24.62712,"{'0.2': 0, '0.25': 0, '0.3': 0, '0.4': 0, '0.5': 1}",13,0
E250_M375_S2,0.25,0.375,2,29,28,0.9655172413793104,0.9629629629629629,"[1.0, 0.8888888888888888, 1.0]","[[10, 0, 0], [0, 8, 1], [0, 0, 10]]",0.9275862068965517,1.0,1.0,1.4275862068965517,1.5,1.5,21.68834827586207,24.62712,"{'0.2': 0, '0.25': 0, '0.3': 0, '0.4': 0, '0.5': 1}",16,0
E250_M375_S3,0.25,0.375,3,29,28,0.9655172413793104,0.9629629629629629,"[1.0, 0.8888888888888888, 1.0]","[[10, 0, 0], [0, 8, 1], [0, 0, 10]]",0.9275862068965517,1.0,1.0,1.4275862068965517,1.5,1.5,21.68834827586207,24.62712,"{'0.2': 0, '0.25': 0, '0.3': 0, '0.4': 0, '0.5': 1}",16,0
E250_M400_S2,0.25,0.4,2,29,28,0.9655172413793104,0.9629629629629629,"[1.0, 0.8888888888888888, 1.0]","[[10, 0, 0], [0, 8, 1], [0, 0, 10]]",0.9551724137931035,1.0,1.0,1.4551724137931035,1.5,1.5,22.055427586206896,25.421899999999997,"{'0.2': 0, '0.25': 0, '0.3': 0, '0.4': 0, '0.5': 1}",18,0
E250_M400_S3,0.25,0.4,3,29,28,0.9655172413793104,0.9629629629629629,"[1.0, 0.8888888888888888, 1.0]","[[10, 0, 0], [0, 8, 1], [0, 0, 10]]",0.9551724137931035,1.0,1.0,1.4551724137931035,1.5,1.5,22.055427586206896,25.421899999999997,"{'0.2': 0, '0.25': 0, '0.3': 0, '0.4': 0, '0.5': 1}",18,0
E250_M425_S2,0.25,0.425,2,29,28,0.9655172413793104,0.9629629629629629,"[1.0, 0.8888888888888888, 1.0]","[[10, 0, 0], [0, 8, 1], [0, 0, 10]]",0.9862068965517242,1.0,1.0,1.486206896551724,1.5,1.5,22.520044827586208,25.7271,"{'0.2': 0, '0.25': 0, '0.3': 0, '0.4': 0, '0.5': 0}",19,0
E250_M425_S3,0.25,0.425,3,29,28,0.9655172413793104,0.9629629629629629,"[1.0, 0.8888888888888888, 1.0]","[[10, 0, 0], [0, 8, 1], [0, 0, 10]]",0.9862068965517242,1.0,1.0,1.486206896551724,1.5,1.5,22.520044827586208,25.7271,"{'0.2': 0, '0.25': 0, '0.3': 0, '0.4': 0, '0.5': 0}",19,0
E250_M450_S2,0.25,0.45,2,29,28,0.9655172413793104,0.9629629629629629,"[1.0, 0.8888888888888888, 1.0]","[[10, 0, 0], [0, 8, 1], [0, 0, 10]]",1.0,1.0,1.0,1.5,1.5,1.5,22.729679310344828,25.7271,"{'0.2': 0, '0.25': 0, '0.3': 0, '0.4': 0, '0.5': 0}",22,0
E250_M450_S3,0.25,0.45,3,29,28,0.9655172413793104,0.9629629629629629,"[1.0, 0.8888888888888888, 1.0]","[[10, 0, 0], [0, 8, 1], [0, 0, 10]]",1.0,1.0,1.0,1.5,1.5,1.5,22.729679310344828,25.7271,"{'0.2': 0, '0.25': 0, '0.3': 0, '0.4': 0, '0.5': 0}",22,0
E250_M475_S2,0.25,0.475,2,29,28,0.9655172413793104,0.9629629629629629,"[1.0, 0.8888888888888888, 1.0]","[[10, 0, 0], [0, 8, 1], [0, 0, 10]]",1.0,1.0,1.0,1.5,1.5,1.5,22.729679310344828,25.7271,"{'0.2': 0, '0.25': 0, '0.3': 0, '0.4': 0, '0.5': 0}",24,0
E250_M475_S3,0.25,0.475,3,29,28,0.9655172413793104,0.9629629629629629,"[1.0, 0.8888888888888888, 1.0]","[[10, 0, 0], [0, 8, 1], [0, 0, 10]]",1.0,1.0,1.0,1.5,1.5,1.5,22.729679310344828,25.7271,"{'0.2': 0, '0.25': 0, '0.3': 0, '0.4': 0, '0.5': 0}",24,0
E250_M500_S2,0.25,0.5,2,29,28,0.9655172413793104,0.9629629629629629,"[1.0, 0.8888888888888888, 1.0]","[[10, 0, 0], [0, 8, 1], [0, 0, 10]]",1.0,1.0,1.0,1.5,1.5,1.5,22.729679310344828,25.7271,"{'0.2': 0, '0.25': 0, '0.3': 0, '0.4': 0, '0.5': 0}",24,0
E250_M500_S3,0.25,0.5,3,29,28,0.9655172413793104,0.9629629629629629,"[1.0, 0.8888888888888888, 1.0]","[[10, 0, 0], [0, 8, 1], [0, 0, 10]]",1.0,1.0,1.0,1.5,1.5,1.5,22.729679310344828,25.7271,"{'0.2': 0, '0.25': 0, '0.3': 0, '0.4': 0, '0.5': 0}",24,0
E300_M000_S2,0.3,0.0,2,29,25,0.8620689655172413,0.8592592592592593,"[0.9, 0.7777777777777778, 0.9]","[[9, 1, 0], [2, 7, 0], [1, 0, 9]]",0.31551724137931036,0.3,0.35,0.8155172413793104,0.8,0.85,7.67328275862069,10.53854,"{'0.2': 0, '0.25': 0, '0.3': 22, '0.4': 29, '0.5': 29}",0,4
E300_M000_S3,0.3,0.0,3,29,25,0.8620689655172413,0.8592592592592593,"[0.9, 0.7777777777777778, 0.9]","[[9, 1, 0], [2, 7, 0], [1, 0, 9]]",0.34310344827586203,0.3,0.4,0.843103448275862,0.8,0.9,9.083886206896553,12.56026,"{'0.2': 0, '0.25': 0, '0.3': 15, '0.4': 27, '0.5': 29}",0,4
E300_M025_S2,0.3,0.025,2,29,25,0.8620689655172413,0.8592592592592593,"[0.9, 0.7777777777777778, 0.9]","[[9, 1, 0], [2, 7, 0], [1, 0, 9]]",0.31896551724137934,0.3,0.35,0.8189655172413793,0.8,0.85,7.883041379310345,10.7295,"{'0.2': 0, '0.25': 0, '0.3': 20, '0.4': 29, '0.5': 29}",0,4
E300_M025_S3,0.3,0.025,3,29,25,0.8620689655172413,0.8592592592592593,"[0.9, 0.7777777777777778, 0.9]","[[9, 1, 0], [2, 7, 0], [1, 0, 9]]",0.3448275862068966,0.35,0.4,0.8448275862068966,0.85,0.9,9.159106896551725,12.56026,"{'0.2': 0, '0.25': 0, '0.3': 14, '0.4': 27, '0.5': 29}",0,4
E300_M050_S2,0.3,0.05,2,29,25,0.8620689655172413,0.8592592592592593,"[0.9, 0.7777777777777778, 0.9]","[[9, 1, 0], [2, 7, 0], [1, 0, 9]]",0.3258620689655172,0.3,0.4,0.8258620689655172,0.8,0.9,8.210603448275863,11.987,"{'0.2': 0, '0.25': 0, '0.3': 19, '0.4': 29, '0.5': 29}",0,4
E300_M050_S3,0.3,0.05,3,29,25,0.8620689655172413,0.8592592592592593,"[0.9, 0.7777777777777778, 0.9]","[[9, 1, 0], [2, 7, 0], [1, 0, 9]]",0.3482758620689655,0.35,0.4,0.8482758620689655,0.85,0.9,9.346496551724139,12.604659999999999,"{'0.2': 0, '0.25': 0, '0.3': 13, '0.4': 27, '0.5': 29}",0,4
E300_M075_S2,0.3,0.075,2,29,26,0.896551724137931,0.8925925925925927,"[0.9, 0.7777777777777778, 1.0]","[[9, 1, 0], [2, 7, 0], [0, 0, 10]]",0.33448275862068966,0.3,0.4,0.8344827586206897,0.8,0.9,8.517693103448277,12.416220000000001,"{'0.2': 0, '0.25': 0, '0.3': 18, '0.4': 28, '0.5': 29}",0,3
E300_M075_S3,0.3,0.075,3,29,27,0.9310344827586207,0.9259259259259259,"[1.0, 0.7777777777777778, 1.0]","[[10, 0, 0], [2, 7, 0], [0, 0, 10]]",0.3724137931034483,0.35,0.5,0.8724137931034484,0.85,1.0,9.971165517241378,13.56722,"{'0.2': 0, '0.25': 0, '0.3': 12, '0.4': 25, '0.5': 28}",0,2
E300_M100_S2,0.3,0.1,2,29,25,0.8620689655172413,0.8555555555555555,"[0.9, 0.6666666666666666, 1.0]","[[9, 1, 0], [2, 6, 1], [0, 0, 10]]",0.36724137931034484,0.3,0.5,0.867241379310345,0.8,1.0,9.280689655172413,13.87082,"{'0.2': 0, '0.25': 0, '0.3': 17, '0.4': 25, '0.5': 28}",1,3
E300_M100_S3,0.3,0.1,3,29,26,0.896551724137931,0.8888888888888888,"[1.0, 0.6666666666666666, 1.0]","[[10, 0, 0], [2, 6, 1], [0, 0, 10]]",0.4017241379310345,0.35,0.5,0.9017241379310346,0.85,1.0,10.549810344827586,14.8132,"{'0.2': 0, '0.25': 0, '0.3': 12, '0.4': 22, '0.5': 27}",1,2
E300_M125_S2,0.3,0.125,2,29,25,0.8620689655172413,0.8555555555555555,"[0.9, 0.6666666666666666, 1.0]","[[9, 1, 0], [2, 6, 1], [0, 0, 10]]",0.39827586206896554,0.35,0.5,0.8982758620689656,0.85,1.0,10.290548275862069,14.61514,"{'0.2': 0, '0.25': 0, '0.3': 13, '0.4': 23, '0.5': 27}",1,3
E300_M125_S3,0.3,0.125,3,29,26,0.896551724137931,0.8888888888888888,"[1.0, 0.6666666666666666, 1.0]","[[10, 0, 0], [2, 6, 1], [0, 0, 10]]",0.42758620689655175,0.35,0.5599999999999998,0.9275862068965518,0.85,1.0599999999999998,11.278941379310345,15.593939999999996,"{'0.2': 0, '0.25': 0, '0.3': 9, '0.4': 20, '0.5': 26}",1,2
E300_M150_S2,0.3,0.15,2,29,27,0.9310344827586207,0.9296296296296296,"[0.9, 0.8888888888888888, 1.0]","[[9, 1, 0], [0, 8, 1], [0, 0, 10]]",0.4517241379310345,0.35,0.8,0.9517241379310345,0.85,1.3,11.81758275862069,20.03272,"{'0.2': 0, '0.25': 0, '0.3': 11, '0.4': 19, '0.5': 21}",1,1
E300_M150_S3,0.3,0.15,3,29,28,0.9655172413793104,0.9629629629629629,"[1.0, 0.8888888888888888, 1.0]","[[10, 0, 0], [0, 8, 1], [0, 0, 10]]",0.5172413793103449,0.4,1.0,1.0172413793103448,0.9,1.5,13.498789655172414,21.03238,"{'0.2': 0, '0.25': 0, '0.3': 7, '0.4': 15, '0.5': 19}",1,0
E300_M175_S2,0.3,0.175,2,29,28,0.9655172413793104,0.9629629629629629,"[1.0, 0.8888888888888888, 1.0]","[[10, 0, 0], [0, 8, 1], [0, 0, 10]]",0.5,0.4,0.8399999999999999,1.0,0.9,1.3399999999999999,13.057806896551725,20.39594,"{'0.2': 0, '0.25': 0, '0.3': 8, '0.4': 17, '0.5': 18}",1,0
E300_M175_S3,0.3,0.175,3,29,28,0.9655172413793104,0.9629629629629629,"[1.0, 0.8888888888888888, 1.0]","[[10, 0, 0], [0, 8, 1], [0, 0, 10]]",0.5396551724137931,0.5,1.0,1.0396551724137932,1.0,1.5,14.05256896551724,21.65318,"{'0.2': 0, '0.25': 0, '0.3': 6, '0.4': 14, '0.5': 17}",1,0
E300_M200_S2,0.3,0.2,2,29,28,0.9655172413793104,0.9629629629629629,"[1.0, 0.8888888888888888, 1.0]","[[10, 0, 0], [0, 8, 1], [0, 0, 10]]",0.5465517241379311,0.5,1.0,1.0465517241379312,1.0,1.5,14.204455172413793,21.172900000000002,"{'0.2': 0, '0.25': 0, '0.3': 7, '0.4': 13, '0.5': 16}",2,0
E300_M200_S3,0.3,0.2,3,29,28,0.9655172413793104,0.9629629629629629,"[1.0, 0.8888888888888888, 1.0]","[[10, 0, 0], [0, 8, 1], [0, 0, 10]]",0.6017241379310344,0.6,1.0,1.1017241379310345,1.1,1.5,15.51076551724138,21.7435,"{'0.2': 0, '0.25': 0, '0.3': 5, '0.4': 9, '0.5': 14}",2,0
E300_M225_S2,0.3,0.225,2,29,28,0.9655172413793104,0.9629629629629629,"[1.0, 0.8888888888888888, 1.0]","[[10, 0, 0], [0, 8, 1], [0, 0, 10]]",0.6241379310344828,0.6,1.0,1.1241379310344828,1.1,1.5,15.71821724137931,22.051119999999997,"{'0.2': 0, '0.25': 0, '0.3': 5, '0.4': 9, '0.5': 14}",4,0
E300_M225_S3,0.3,0.225,3,29,28,0.9655172413793104,0.9629629629629629,"[1.0, 0.8888888888888888, 1.0]","[[10, 0, 0], [0, 8, 1], [0, 0, 10]]",0.6413793103448276,0.6,1.0,1.1413793103448275,1.1,1.5,16.098044827586207,22.41098,"{'0.2': 0, '0.25': 0, '0.3': 5, '0.4': 8, '0.5': 14}",4,0
E300_M250_S2,0.3,0.25,2,29,28,0.9655172413793104,0.9629629629629629,"[1.0, 0.8888888888888888, 1.0]","[[10, 0, 0], [0, 8, 1], [0, 0, 10]]",0.6775862068965517,0.6,1.0,1.1775862068965517,1.1,1.5,16.951196551724138,22.41002,"{'0.2': 0, '0.25': 0, '0.3': 4, '0.4': 8, '0.5': 9}",6,0
E300_M250_S3,0.3,0.25,3,29,28,0.9655172413793104,0.9629629629629629,"[1.0, 0.8888888888888888, 1.0]","[[10, 0, 0], [0, 8, 1], [0, 0, 10]]",0.6982758620689655,0.6,1.0,1.1982758620689655,1.1,1.5,17.42008965517241,22.65432,"{'0.2': 0, '0.25': 0, '0.3': 4, '0.4': 7, '0.5': 8}",6,0
E300_M275_S2,0.3,0.275,2,29,28,0.9655172413793104,0.9629629629629629,"[1.0, 0.8888888888888888, 1.0]","[[10, 0, 0], [0, 8, 1], [0, 0, 10]]",0.7517241379310345,0.8,1.0,1.2517241379310347,1.3,1.5,18.606537931034485,22.650479999999998,"{'0.2': 0, '0.25': 0, '0.3': 0, '0.4': 5, '0.5': 6}",9,0
E300_M275_S3,0.3,0.275,3,29,28,0.9655172413793104,0.9629629629629629,"[1.0, 0.8888888888888888, 1.0]","[[10, 0, 0], [0, 8, 1], [0, 0, 10]]",0.7724137931034483,0.8,1.0,1.2724137931034483,1.3,1.5,19.075431034482758,23.57088,"{'0.2': 0, '0.25': 0, '0.3': 0, '0.4': 4, '0.5': 5}",9,0
E300_M300_S2,0.3,0.3,2,29,28,0.9655172413793104,0.9629629629629629,"[1.0, 0.8888888888888888, 1.0]","[[10, 0, 0], [0, 8, 1], [0, 0, 10]]",0.8344827586206897,1.0,1.0,1.3344827586206898,1.5,1.5,20.18136896551724,24.62712,"{'0.2': 0, '0.25': 0, '0.3': 0, '0.4': 2, '0.5': 2}",10,0
E300_M300_S3,0.3,0.3,3,29,28,0.9655172413793104,0.9629629629629629,"[1.0, 0.8888888888888888, 1.0]","[[10, 0, 0], [0, 8, 1], [0, 0, 10]]",0.8413793103448275,1.0,1.0,1.3413793103448275,1.5,1.5,20.26792068965517,24.62712,"{'0.2': 0, '0.25': 0, '0.3': 0, '0.4': 2, '0.5': 2}",11,0
E300_M325_S2,0.3,0.325,2,29,28,0.9655172413793104,0.9629629629629629,"[1.0, 0.8888888888888888, 1.0]","[[10, 0, 0], [0, 8, 1], [0, 0, 10]]",0.9,1.0,1.0,1.4000000000000001,1.5,1.5,21.308910344827584,24.62712,"{'0.2': 0, '0.25': 0, '0.3': 0, '0.4': 0, '0.5': 1}",13,0
E300_M325_S3,0.3,0.325,3,29,28,0.9655172413793104,0.9629629629629629,"[1.0, 0.8888888888888888, 1.0]","[[10, 0, 0], [0, 8, 1], [0, 0, 10]]",0.9,1.0,1.0,1.4000000000000001,1.5,1.5,21.308910344827584,24.62712,"{'0.2': 0, '0.25': 0, '0.3': 0, '0.4': 0, '0.5': 1}",13,0
E300_M350_S2,0.3,0.35,2,29,28,0.9655172413793104,0.9629629629629629,"[1.0, 0.8888888888888888, 1.0]","[[10, 0, 0], [0, 8, 1], [0, 0, 10]]",0.9275862068965517,1.0,1.0,1.4275862068965517,1.5,1.5,21.68834827586207,24.62712,"{'0.2': 0, '0.25': 0, '0.3': 0, '0.4': 0, '0.5': 1}",13,0
E300_M350_S3,0.3,0.35,3,29,28,0.9655172413793104,0.9629629629629629,"[1.0, 0.8888888888888888, 1.0]","[[10, 0, 0], [0, 8, 1], [0, 0, 10]]",0.9275862068965517,1.0,1.0,1.4275862068965517,1.5,1.5,21.68834827586207,24.62712,"{'0.2': 0, '0.25': 0, '0.3': 0, '0.4': 0, '0.5': 1}",13,0
E300_M375_S2,0.3,0.375,2,29,28,0.9655172413793104,0.9629629629629629,"[1.0, 0.8888888888888888, 1.0]","[[10, 0, 0], [0, 8, 1], [0, 0, 10]]",0.9275862068965517,1.0,1.0,1.4275862068965517,1.5,1.5,21.68834827586207,24.62712,"{'0.2': 0, '0.25': 0, '0.3': 0, '0.4': 0, '0.5': 1}",16,0
E300_M375_S3,0.3,0.375,3,29,28,0.9655172413793104,0.9629629629629629,"[1.0, 0.8888888888888888, 1.0]","[[10, 0, 0], [0, 8, 1], [0, 0, 10]]",0.9275862068965517,1.0,1.0,1.4275862068965517,1.5,1.5,21.68834827586207,24.62712,"{'0.2': 0, '0.25': 0, '0.3': 0, '0.4': 0, '0.5': 1}",16,0
E300_M400_S2,0.3,0.4,2,29,28,0.9655172413793104,0.9629629629629629,"[1.0, 0.8888888888888888, 1.0]","[[10, 0, 0], [0, 8, 1], [0, 0, 10]]",0.9551724137931035,1.0,1.0,1.4551724137931035,1.5,1.5,22.055427586206896,25.421899999999997,"{'0.2': 0, '0.25': 0, '0.3': 0, '0.4': 0, '0.5': 1}",18,0
E300_M400_S3,0.3,0.4,3,29,28,0.9655172413793104,0.9629629629629629,"[1.0, 0.8888888888888888, 1.0]","[[10, 0, 0], [0, 8, 1], [0, 0, 10]]",0.9551724137931035,1.0,1.0,1.4551724137931035,1.5,1.5,22.055427586206896,25.421899999999997,"{'0.2': 0, '0.25': 0, '0.3': 0, '0.4': 0, '0.5': 1}",18,0
E300_M425_S2,0.3,0.425,2,29,28,0.9655172413793104,0.9629629629629629,"[1.0, 0.8888888888888888, 1.0]","[[10, 0, 0], [0, 8, 1], [0, 0, 10]]",0.9862068965517242,1.0,1.0,1.486206896551724,1.5,1.5,22.520044827586208,25.7271,"{'0.2': 0, '0.25': 0, '0.3': 0, '0.4': 0, '0.5': 0}",19,0
E300_M425_S3,0.3,0.425,3,29,28,0.9655172413793104,0.9629629629629629,"[1.0, 0.8888888888888888, 1.0]","[[10, 0, 0], [0, 8, 1], [0, 0, 10]]",0.9862068965517242,1.0,1.0,1.486206896551724,1.5,1.5,22.520044827586208,25.7271,"{'0.2': 0, '0.25': 0, '0.3': 0, '0.4': 0, '0.5': 0}",19,0
E300_M450_S2,0.3,0.45,2,29,28,0.9655172413793104,0.9629629629629629,"[1.0, 0.8888888888888888, 1.0]","[[10, 0, 0], [0, 8, 1], [0, 0, 10]]",1.0,1.0,1.0,1.5,1.5,1.5,22.729679310344828,25.7271,"{'0.2': 0, '0.25': 0, '0.3': 0, '0.4': 0, '0.5': 0}",22,0
E300_M450_S3,0.3,0.45,3,29,28,0.9655172413793104,0.9629629629629629,"[1.0, 0.8888888888888888, 1.0]","[[10, 0, 0], [0, 8, 1], [0, 0, 10]]",1.0,1.0,1.0,1.5,1.5,1.5,22.729679310344828,25.7271,"{'0.2': 0, '0.25': 0, '0.3': 0, '0.4': 0, '0.5': 0}",22,0
E300_M475_S2,0.3,0.475,2,29,28,0.9655172413793104,0.9629629629629629,"[1.0, 0.8888888888888888, 1.0]","[[10, 0, 0], [0, 8, 1], [0, 0, 10]]",1.0,1.0,1.0,1.5,1.5,1.5,22.729679310344828,25.7271,"{'0.2': 0, '0.25': 0, '0.3': 0, '0.4': 0, '0.5': 0}",24,0
E300_M475_S3,0.3,0.475,3,29,28,0.9655172413793104,0.9629629629629629,"[1.0, 0.8888888888888888, 1.0]","[[10, 0, 0], [0, 8, 1], [0, 0, 10]]",1.0,1.0,1.0,1.5,1.5,1.5,22.729679310344828,25.7271,"{'0.2': 0, '0.25': 0, '0.3': 0, '0.4': 0, '0.5': 0}",24,0
E300_M500_S2,0.3,0.5,2,29,28,0.9655172413793104,0.9629629629629629,"[1.0, 0.8888888888888888, 1.0]","[[10, 0, 0], [0, 8, 1], [0, 0, 10]]",1.0,1.0,1.0,1.5,1.5,1.5,22.729679310344828,25.7271,"{'0.2': 0, '0.25': 0, '0.3': 0, '0.4': 0, '0.5': 0}",24,0
E300_M500_S3,0.3,0.5,3,29,28,0.9655172413793104,0.9629629629629629,"[1.0, 0.8888888888888888, 1.0]","[[10, 0, 0], [0, 8, 1], [0, 0, 10]]",1.0,1.0,1.0,1.5,1.5,1.5,22.729679310344828,25.7271,"{'0.2': 0, '0.25': 0, '0.3': 0, '0.4': 0, '0.5': 0}",24,0
E350_M000_S2,0.35,0.0,2,29,26,0.896551724137931,0.8925925925925927,"[0.9, 0.7777777777777778, 1.0]","[[9, 1, 0], [2, 7, 0], [0, 0, 10]]",0.35517241379310344,0.35,0.35999999999999993,0.8551724137931035,0.85,0.86,10.17941724137931,11.4548,"{'0.2': 0, '0.25': 0, '0.3': 0, '0.4': 29, '0.5': 29}",0,3
E350_M000_S3,0.35,0.0,3,29,26,0.896551724137931,0.8925925925925927,"[0.9, 0.7777777777777778, 1.0]","[[9, 1, 0], [2, 7, 0], [0, 0, 10]]",0.37413793103448273,0.35,0.41999999999999993,0.8741379310344828,0.85,0.9199999999999999,10.762737931034483,13.2449,"{'0.2': 0, '0.25': 0, '0.3': 0, '0.4': 26, '0.5': 29}",0,3
E350_M025_S2,0.35,0.025,2,29,26,0.896551724137931,0.8925925925925927,"[0.9, 0.7777777777777778, 1.0]","[[9, 1, 0], [2, 7, 0], [0, 0, 10]]",0.35517241379310344,0.35,0.35999999999999993,0.8551724137931035,0.85,0.86,10.17941724137931,11.4548,"{'0.2': 0, '0.25': 0, '0.3': 0, '0.4': 29, '0.5': 29}",0,3
E350_M025_S3,0.35,0.025,3,29,26,0.896551724137931,0.8925925925925927,"[0.9, 0.7777777777777778, 1.0]","[[9, 1, 0], [2, 7, 0], [0, 0, 10]]",0.37413793103448273,0.35,0.41999999999999993,0.8741379310344828,0.85,0.9199999999999999,10.762737931034483,13.2449,"{'0.2': 0, '0.25': 0, '0.3': 0, '0.4': 26, '0.5': 29}",0,3
E350_M050_S2,0.35,0.05,2,29,26,0.896551724137931,0.8925925925925927,"[0.9, 0.7777777777777778, 1.0]","[[9, 1, 0], [2, 7, 0], [0, 0, 10]]",0.3603448275862069,0.35,0.4,0.8603448275862069,0.85,0.9,10.389372413793104,12.387220000000001,"{'0.2': 0, '0.25': 0, '0.3': 0, '0.4': 29, '0.5': 29}",0,3
E350_M050_S3,0.35,0.05,3,29,26,0.896551724137931,0.8925925925925927,"[0.9, 0.7777777777777778, 1.0]","[[9, 1, 0], [2, 7, 0], [0, 0, 10]]",0.37586206896551727,0.35,0.41999999999999993,0.8758620689655172,0.85,0.9199999999999999,10.832520689655173,13.2449,"{'0.2': 0, '0.25': 0, '0.3': 0, '0.4': 26, '0.5': 29}",0,3
E350_M075_S2,0.35,0.075,2,29,27,0.9310344827586207,0.9259259259259259,"[1.0, 0.7777777777777778, 1.0]","[[10, 0, 0], [2, 7, 0], [0, 0, 10]]",0.38275862068965516,0.35,0.4,0.8827586206896553,0.85,0.9,10.925041379310343,12.81346,"{'0.2': 0, '0.25': 0, '0.3': 0, '0.4': 27, '0.5': 28}",0,2
E350_M075_S3,0.35,0.075,3,29,27,0.9310344827586207,0.9259259259259259,"[1.0, 0.7777777777777778, 1.0]","[[10, 0, 0], [2, 7, 0], [0, 0, 10]]",0.3948275862068965,0.35,0.5,0.8948275862068965,0.85,1.0,11.292855172413793,13.56722,"{'0.2': 0, '0.25': 0, '0.3': 0, '0.4': 25, '0.5': 28}",0,2
E350_M100_S2,0.35,0.1,2,29,26,0.896551724137931,0.8888888888888888,"[1.0, 0.6666666666666666, 1.0]","[[10, 0, 0], [2, 6, 1], [0, 0, 10]]",0.41379310344827586,0.35,0.5,0.9137931034482759,0.85,1.0,11.575406896551725,14.8132,"{'0.2': 0, '0.25': 0, '0.3': 0, '0.4': 24, '0.5': 27}",1,2
E350_M100_S3,0.35,0.1,3,29,26,0.896551724137931,0.8888888888888888,"[1.0, 0.6666666666666666, 1.0]","[[10, 0, 0], [2, 6, 1], [0, 0, 10]]",0.4241379310344828,0.35,0.5,0.9241379310344828,0.85,1.0,11.871500000000001,14.8132,"{'0.2': 0, '0.25': 0, '0.3': 0, '0.4': 22, '0.5': 27}",1,2
E350_M125_S2,0.35,0.125,2,29,26,0.896551724137931,0.8888888888888888,"[1.0, 0.6666666666666666, 1.0]","[[10, 0, 0], [2, 6, 1], [0, 0, 10]]",0.4362068965517242,0.35,0.5599999999999998,0.9362068965517241,0.85,1.0599999999999998,12.090431034482759,15.593939999999996,"{'0.2': 0, '0.25': 0, '0.3': 0, '0.4': 22, '0.5': 26}",1,2
E350_M125_S3,0.35,0.125,3,29,26,0.896551724137931,0.8888888888888888,"[1.0, 0.6666666666666666, 1.0]","[[10, 0, 0], [2, 6, 1], [0, 0, 10]]",0.44310344827586207,0.35,0.5599999999999998,0.9431034482758621,0.85,1.0599999999999998,12.235193103448276,15.593939999999996,"{'0.2': 0, '0.25': 0, '0.3': 0, '0.4': 20, '0.5': 26}",1,2
E350_M150_S2,0.35,0.15,2,29,28,0.9655172413793104,0.9629629629629629,"[1.0, 0.8888888888888888, 1.0]","[[10, 0, 0], [0, 8, 1], [0, 0, 10]]",0.5017241379310345,0.4,0.8,1.0017241379310344,0.9,1.3,13.677041379310346,20.03272,"{'0.2': 0, '0.25': 0, '0.3': 0, '0.4': 17, '0.5': 19}",1,0
E350_M150_S3,0.35,0.15,3,29,28,0.9655172413793104,0.9629629629629629,"[1.0, 0.8888888888888888, 1.0]","[[10, 0, 0], [0, 8, 1], [0, 0, 10]]",0.5293103448275862,0.4,1.0,1.0293103448275862,0.9,1.5,14.212720689655173,21.03238,"{'0.2': 0, '0.25': 0, '0.3': 0, '0.4': 15, '0.5': 19}",1,0
E350_M175_S2,0.35,0.175,2,29,28,0.9655172413793104,0.9629629629629629,"[1.0, 0.8888888888888888, 1.0]","[[10, 0, 0], [0, 8, 1], [0, 0, 10]]",0.5379310344827586,0.4,0.8399999999999999,1.0379310344827586,0.9,1.3399999999999999,14.554720689655174,20.941300000000002,"{'0.2': 0, '0.25': 0, '0.3': 0, '0.4': 15, '0.5': 16}",1,0
E350_M175_S3,0.35,0.175,3,29,28,0.9655172413793104,0.9629629629629629,"[1.0, 0.8888888888888888, 1.0]","[[10, 0, 0], [0, 8, 1], [0, 0, 10]]",0.5586206896551724,0.5,1.0,1.0586206896551724,1.0,1.5,15.005455172413793,21.7435,"{'0.2': 0, '0.25': 0, '0.3': 0, '0.4': 13, '0.5': 16}",1,0
E350_M200_S2,0.35,0.2,2,29,28,0.9655172413793104,0.9629629629629629,"[1.0, 0.8888888888888888, 1.0]","[[10, 0, 0], [0, 8, 1], [0, 0, 10]]",0.5948275862068966,0.6,1.0,1.0948275862068966,1.1,1.5,15.772531034482757,21.172900000000002,"{'0.2': 0, '0.25': 0, '0.3': 0, '0.4': 10, '0.5': 14}",2,0
E350_M200_S3,0.35,0.2,3,29,28,0.9655172413793104,0.9629629629629629,"[1.0, 0.8888888888888888, 1.0]","[[10, 0, 0], [0, 8, 1], [0, 0, 10]]",0.6155172413793104,0.6,1.0,1.1155172413793104,1.1,1.5,16.22326551724138,21.7435,"{'0.2': 0, '0.25': 0, '0.3': 0, '0.4': 8, '0.5': 14}",2,0
E350_M225_S2,0.35,0.225,2,29,28,0.9655172413793104,0.9629629629629629,"[1.0, 0.8888888888888888, 1.0]","[[10, 0, 0], [0, 8, 1], [0, 0, 10]]",0.6379310344827587,0.6,1.0,1.1379310344827587,1.1,1.5,16.43071724137931,22.051119999999997,"{'0.2': 0, '0.25': 0, '0.3': 0, '0.4': 8, '0.5': 14}",4,0
E350_M225_S3,0.35,0.225,3,29,28,0.9655172413793104,0.9629629629629629,"[1.0, 0.8888888888888888, 1.0]","[[10, 0, 0], [0, 8, 1], [0, 0, 10]]",0.6551724137931034,0.6,1.0,1.1551724137931034,1.1,1.5,16.810544827586206,22.41098,"{'0.2': 0, '0.25': 0, '0.3': 0, '0.4': 7, '0.5': 14}",4,0
E350_M250_S2,0.35,0.25,2,29,28,0.9655172413793104,0.9629629629629629,"[1.0, 0.8888888888888888, 1.0]","[[10, 0, 0], [0, 8, 1], [0, 0, 10]]",0.6948275862068966,0.6,1.0,1.1948275862068964,1.1,1.5,17.68904482758621,22.41002,"{'0.2': 0, '0.25': 0, '0.3': 0, '0.4': 7, '0.5': 8}",6,0
E350_M250_S3,0.35,0.25,3,29,28,0.9655172413793104,0.9629629629629629,"[1.0, 0.8888888888888888, 1.0]","[[10, 0, 0], [0, 8, 1], [0, 0, 10]]",0.7155172413793104,0.6,1.0,1.2155172413793103,1.1,1.5,18.157937931034482,22.65432,"{'0.2': 0, '0.25': 0, '0.3': 0, '0.4': 6, '0.5': 7}",6,0
E350_M275_S2,0.35,0.275,2,29,28,0.9655172413793104,0.9629629629629629,"[1.0, 0.8888888888888888, 1.0]","[[10, 0, 0], [0, 8, 1], [0, 0, 10]]",0.7517241379310345,0.8,1.0,1.2517241379310347,1.3,1.5,18.606537931034485,22.650479999999998,"{'0.2': 0, '0.25': 0, '0.3': 0, '0.4': 5, '0.5': 6}",9,0
E350_M275_S3,0.35,0.275,3,29,28,0.9655172413793104,0.9629629629629629,"[1.0, 0.8888888888888888, 1.0]","[[10, 0, 0], [0, 8, 1], [0, 0, 10]]",0.7724137931034483,0.8,1.0,1.2724137931034483,1.3,1.5,19.075431034482758,23.57088,"{'0.2': 0, '0.25': 0, '0.3': 0, '0.4': 4, '0.5': 5}",9,0
E350_M300_S2,0.35,0.3,2,29,28,0.9655172413793104,0.9629629629629629,"[1.0, 0.8888888888888888, 1.0]","[[10, 0, 0], [0, 8, 1], [0, 0, 10]]",0.8344827586206897,1.0,1.0,1.3344827586206898,1.5,1.5,20.18136896551724,24.62712,"{'0.2': 0, '0.25': 0, '0.3': 0, '0.4': 2, '0.5': 2}",10,0
E350_M300_S3,0.35,0.3,3,29,28,0.9655172413793104,0.9629629629629629,"[1.0, 0.8888888888888888, 1.0]","[[10, 0, 0], [0, 8, 1], [0, 0, 10]]",0.8413793103448275,1.0,1.0,1.3413793103448275,1.5,1.5,20.26792068965517,24.62712,"{'0.2': 0, '0.25': 0, '0.3': 0, '0.4': 2, '0.5': 2}",11,0
E350_M325_S2,0.35,0.325,2,29,28,0.9655172413793104,0.9629629629629629,"[1.0, 0.8888888888888888, 1.0]","[[10, 0, 0], [0, 8, 1], [0, 0, 10]]",0.9,1.0,1.0,1.4000000000000001,1.5,1.5,21.308910344827584,24.62712,"{'0.2': 0, '0.25': 0, '0.3': 0, '0.4': 0, '0.5': 1}",13,0
E350_M325_S3,0.35,0.325,3,29,28,0.9655172413793104,0.9629629629629629,"[1.0, 0.8888888888888888, 1.0]","[[10, 0, 0], [0, 8, 1], [0, 0, 10]]",0.9,1.0,1.0,1.4000000000000001,1.5,1.5,21.308910344827584,24.62712,"{'0.2': 0, '0.25': 0, '0.3': 0, '0.4': 0, '0.5': 1}",13,0
E350_M350_S2,0.35,0.35,2,29,28,0.9655172413793104,0.9629629629629629,"[1.0, 0.8888888888888888, 1.0]","[[10, 0, 0], [0, 8, 1], [0, 0, 10]]",0.9275862068965517,1.0,1.0,1.4275862068965517,1.5,1.5,21.68834827586207,24.62712,"{'0.2': 0, '0.25': 0, '0.3': 0, '0.4': 0, '0.5': 1}",13,0
E350_M350_S3,0.35,0.35,3,29,28,0.9655172413793104,0.9629629629629629,"[1.0, 0.8888888888888888, 1.0]","[[10, 0, 0], [0, 8, 1], [0, 0, 10]]",0.9275862068965517,1.0,1.0,1.4275862068965517,1.5,1.5,21.68834827586207,24.62712,"{'0.2': 0, '0.25': 0, '0.3': 0, '0.4': 0, '0.5': 1}",13,0
E350_M375_S2,0.35,0.375,2,29,28,0.9655172413793104,0.9629629629629629,"[1.0, 0.8888888888888888, 1.0]","[[10, 0, 0], [0, 8, 1], [0, 0, 10]]",0.9275862068965517,1.0,1.0,1.4275862068965517,1.5,1.5,21.68834827586207,24.62712,"{'0.2': 0, '0.25': 0, '0.3': 0, '0.4': 0, '0.5': 1}",16,0
E350_M375_S3,0.35,0.375,3,29,28,0.9655172413793104,0.9629629629629629,"[1.0, 0.8888888888888888, 1.0]","[[10, 0, 0], [0, 8, 1], [0, 0, 10]]",0.9275862068965517,1.0,1.0,1.4275862068965517,1.5,1.5,21.68834827586207,24.62712,"{'0.2': 0, '0.25': 0, '0.3': 0, '0.4': 0, '0.5': 1}",16,0
E350_M400_S2,0.35,0.4,2,29,28,0.9655172413793104,0.9629629629629629,"[1.0, 0.8888888888888888, 1.0]","[[10, 0, 0], [0, 8, 1], [0, 0, 10]]",0.9551724137931035,1.0,1.0,1.4551724137931035,1.5,1.5,22.055427586206896,25.421899999999997,"{'0.2': 0, '0.25': 0, '0.3': 0, '0.4': 0, '0.5': 1}",18,0
E350_M400_S3,0.35,0.4,3,29,28,0.9655172413793104,0.9629629629629629,"[1.0, 0.8888888888888888, 1.0]","[[10, 0, 0], [0, 8, 1], [0, 0, 10]]",0.9551724137931035,1.0,1.0,1.4551724137931035,1.5,1.5,22.055427586206896,25.421899999999997,"{'0.2': 0, '0.25': 0, '0.3': 0, '0.4': 0, '0.5': 1}",18,0
E350_M425_S2,0.35,0.425,2,29,28,0.9655172413793104,0.9629629629629629,"[1.0, 0.8888888888888888, 1.0]","[[10, 0, 0], [0, 8, 1], [0, 0, 10]]",0.9862068965517242,1.0,1.0,1.486206896551724,1.5,1.5,22.520044827586208,25.7271,"{'0.2': 0, '0.25': 0, '0.3': 0, '0.4': 0, '0.5': 0}",19,0
E350_M425_S3,0.35,0.425,3,29,28,0.9655172413793104,0.9629629629629629,"[1.0, 0.8888888888888888, 1.0]","[[10, 0, 0], [0, 8, 1], [0, 0, 10]]",0.9862068965517242,1.0,1.0,1.486206896551724,1.5,1.5,22.520044827586208,25.7271,"{'0.2': 0, '0.25': 0, '0.3': 0, '0.4': 0, '0.5': 0}",19,0
E350_M450_S2,0.35,0.45,2,29,28,0.9655172413793104,0.9629629629629629,"[1.0, 0.8888888888888888, 1.0]","[[10, 0, 0], [0, 8, 1], [0, 0, 10]]",1.0,1.0,1.0,1.5,1.5,1.5,22.729679310344828,25.7271,"{'0.2': 0, '0.25': 0, '0.3': 0, '0.4': 0, '0.5': 0}",22,0
E350_M450_S3,0.35,0.45,3,29,28,0.9655172413793104,0.9629629629629629,"[1.0, 0.8888888888888888, 1.0]","[[10, 0, 0], [0, 8, 1], [0, 0, 10]]",1.0,1.0,1.0,1.5,1.5,1.5,22.729679310344828,25.7271,"{'0.2': 0, '0.25': 0, '0.3': 0, '0.4': 0, '0.5': 0}",22,0
E350_M475_S2,0.35,0.475,2,29,28,0.9655172413793104,0.9629629629629629,"[1.0, 0.8888888888888888, 1.0]","[[10, 0, 0], [0, 8, 1], [0, 0, 10]]",1.0,1.0,1.0,1.5,1.5,1.5,22.729679310344828,25.7271,"{'0.2': 0, '0.25': 0, '0.3': 0, '0.4': 0, '0.5': 0}",24,0
E350_M475_S3,0.35,0.475,3,29,28,0.9655172413793104,0.9629629629629629,"[1.0, 0.8888888888888888, 1.0]","[[10, 0, 0], [0, 8, 1], [0, 0, 10]]",1.0,1.0,1.0,1.5,1.5,1.5,22.729679310344828,25.7271,"{'0.2': 0, '0.25': 0, '0.3': 0, '0.4': 0, '0.5': 0}",24,0
E350_M500_S2,0.35,0.5,2,29,28,0.9655172413793104,0.9629629629629629,"[1.0, 0.8888888888888888, 1.0]","[[10, 0, 0], [0, 8, 1], [0, 0, 10]]",1.0,1.0,1.0,1.5,1.5,1.5,22.729679310344828,25.7271,"{'0.2': 0, '0.25': 0, '0.3': 0, '0.4': 0, '0.5': 0}",24,0
E350_M500_S3,0.35,0.5,3,29,28,0.9655172413793104,0.9629629629629629,"[1.0, 0.8888888888888888, 1.0]","[[10, 0, 0], [0, 8, 1], [0, 0, 10]]",1.0,1.0,1.0,1.5,1.5,1.5,22.729679310344828,25.7271,"{'0.2': 0, '0.25': 0, '0.3': 0, '0.4': 0, '0.5': 0}",24,0
E400_M000_S2,0.4,0.0,2,29,26,0.896551724137931,0.8925925925925927,"[0.9, 0.7777777777777778, 1.0]","[[9, 1, 0], [2, 7, 0], [0, 0, 10]]",0.4,0.4,0.4,0.9,0.9,0.9,12.103889655172415,13.38184,"{'0.2': 0, '0.25': 0, '0.3': 0, '0.4': 29, '0.5': 29}",0,3
E400_M000_S3,0.4,0.0,3,29,26,0.896551724137931,0.8925925925925927,"[0.9, 0.7777777777777778, 1.0]","[[9, 1, 0], [2, 7, 0], [0, 0, 10]]",0.4103448275862069,0.4,0.41999999999999993,0.9103448275862069,0.9,0.9199999999999999,12.323986206896551,13.56722,"{'0.2': 0, '0.25': 0, '0.3': 0, '0.4': 26, '0.5': 29}",0,3
E400_M025_S2,0.4,0.025,2,29,26,0.896551724137931,0.8925925925925927,"[0.9, 0.7777777777777778, 1.0]","[[9, 1, 0], [2, 7, 0], [0, 0, 10]]",0.4,0.4,0.4,0.9,0.9,0.9,12.103889655172415,13.38184,"{'0.2': 0, '0.25': 0, '0.3': 0, '0.4': 29, '0.5': 29}",0,3
E400_M025_S3,0.4,0.025,3,29,26,0.896551724137931,0.8925925925925927,"[0.9, 0.7777777777777778, 1.0]","[[9, 1, 0], [2, 7, 0], [0, 0, 10]]",0.4103448275862069,0.4,0.41999999999999993,0.9103448275862069,0.9,0.9199999999999999,12.323986206896551,13.56722,"{'0.2': 0, '0.25': 0, '0.3': 0, '0.4': 26, '0.5': 29}",0,3
E400_M050_S2,0.4,0.05,2,29,26,0.896551724137931,0.8925925925925927,"[0.9, 0.7777777777777778, 1.0]","[[9, 1, 0], [2, 7, 0], [0, 0, 10]]",0.403448275862069,0.4,0.4,0.903448275862069,0.9,0.9,12.261168965517241,13.48906,"{'0.2': 0, '0.25': 0, '0.3': 0, '0.4': 28, '0.5': 29}",0,3
E400_M050_S3,0.4,0.05,3,29,26,0.896551724137931,0.8925925925925927,"[0.9, 0.7777777777777778, 1.0]","[[9, 1, 0], [2, 7, 0], [0, 0, 10]]",0.41379310344827586,0.4,0.5,0.9137931034482759,0.9,1.0,12.48126551724138,13.8432,"{'0.2': 0, '0.25': 0, '0.3': 0, '0.4': 25, '0.5': 29}",0,3
E400_M075_S2,0.4,0.075,2,29,27,0.9310344827586207,0.9259259259259259,"[1.0, 0.7777777777777778, 1.0]","[[10, 0, 0], [2, 7, 0], [0, 0, 10]]",0.4344827586206897,0.4,0.5,0.9344827586206897,0.9,1.0,12.79751724137931,15.591619999999999,"{'0.2': 0, '0.25': 0, '0.3': 0, '0.4': 25, '0.5': 27}",0,2
E400_M075_S3,0.4,0.075,3,29,27,0.9310344827586207,0.9259259259259259,"[1.0, 0.7777777777777778, 1.0]","[[10, 0, 0], [2, 7, 0], [0, 0, 10]]",0.4482758620689655,0.4,0.5,0.9482758620689655,0.9,1.0,13.1617,15.591619999999999,"{'0.2': 0, '0.25': 0, '0.3': 0, '0.4': 23, '0.5': 27}",0,2
E400_M100_S2,0.4,0.1,2,29,26,0.896551724137931,0.8888888888888888,"[1.0, 0.6666666666666666, 1.0]","[[10, 0, 0], [2, 6, 1], [0, 0, 10]]",0.4620689655172414,0.4,0.5599999999999998,0.9620689655172414,0.9,1.0599999999999998,13.307131034482758,17.1835,"{'0.2': 0, '0.25': 0, '0.3': 0, '0.4': 22, '0.5': 26}",1,2
E400_M100_S3,0.4,0.1,3,29,26,0.896551724137931,0.8888888888888888,"[1.0, 0.6666666666666666, 1.0]","[[10, 0, 0], [2, 6, 1], [0, 0, 10]]",0.47586206896551725,0.4,0.5599999999999998,0.9758620689655173,0.9,1.0599999999999998,13.671313793103447,17.225619999999996,"{'0.2': 0, '0.25': 0, '0.3': 0, '0.4': 20, '0.5': 26}",1,2
E400_M125_S2,0.4,0.125,2,29,26,0.896551724137931,0.8888888888888888,"[1.0, 0.6666666666666666, 1.0]","[[10, 0, 0], [2, 6, 1], [0, 0, 10]]",0.496551724137931,0.4,0.8,0.9965517241379311,0.9,1.3,14.186813793103449,19.68712,"{'0.2': 0, '0.25': 0, '0.3': 0, '0.4': 17, '0.5': 23}",1,2
E400_M125_S3,0.4,0.125,3,29,26,0.896551724137931,0.8888888888888888,"[1.0, 0.6666666666666666, 1.0]","[[10, 0, 0], [2, 6, 1], [0, 0, 10]]",0.5103448275862069,0.4,0.8,1.010344827586207,0.9,1.3,14.550996551724138,20.57372,"{'0.2': 0, '0.25': 0, '0.3': 0, '0.4': 15, '0.5': 23}",1,2
E400_M150_S2,0.4,0.15,2,29,28,0.9655172413793104,0.9629629629629629,"[1.0, 0.8888888888888888, 1.0]","[[10, 0, 0], [0, 8, 1], [0, 0, 10]]",0.5379310344827586,0.5,0.8,1.0379310344827586,1.0,1.3,15.122410344827586,20.17232,"{'0.2': 0, '0.25': 0, '0.3': 0, '0.4': 14, '0.5': 18}",1,0
E400_M150_S3,0.4,0.15,3,29,28,0.9655172413793104,0.9629629629629629,"[1.0, 0.8888888888888888, 1.0]","[[10, 0, 0], [0, 8, 1], [0, 0, 10]]",0.5655172413793103,0.5,1.0,1.0655172413793104,1.0,1.5,15.658089655172414,21.7435,"{'0.2': 0, '0.25': 0, '0.3': 0, '0.4': 12, '0.5': 18}",1,0
E400_M175_S2,0.4,0.175,2,29,28,0.9655172413793104,0.9629629629629629,"[1.0, 0.8888888888888888, 1.0]","[[10, 0, 0], [0, 8, 1], [0, 0, 10]]",0.5793103448275863,0.5,0.8399999999999999,1.0793103448275863,1.0,1.3399999999999999,15.860313793103447,20.941300000000002,"{'0.2': 0, '0.25': 0, '0.3': 0, '0.4': 11, '0.5': 15}",1,0
E400_M175_S3,0.4,0.175,3,29,28,0.9655172413793104,0.9629629629629629,"[1.0, 0.8888888888888888, 1.0]","[[10, 0, 0], [0, 8, 1], [0, 0, 10]]",0.6,0.5,1.0,1.1,1.0,1.5,16.31104827586207,21.7435,"{'0.2': 0, '0.25': 0, '0.3': 0, '0.4': 9, '0.5': 15}",1,0
E400_M200_S2,0.4,0.2,2,29,28,0.9655172413793104,0.9629629629629629,"[1.0, 0.8888888888888888, 1.0]","[[10, 0, 0], [0, 8, 1], [0, 0, 10]]",0.6137931034482759,0.6,1.0,1.113793103448276,1.1,1.5,16.48446896551724,21.172900000000002,"{'0.2': 0, '0.25': 0, '0.3': 0, '0.4': 8, '0.5': 14}",2,0
E400_M200_S3,0.4,0.2,3,29,28,0.9655172413793104,0.9629629629629629,"[1.0, 0.8888888888888888, 1.0]","[[10, 0, 0], [0, 8, 1], [0, 0, 10]]",0.6344827586206896,0.6,1.0,1.1344827586206896,1.1,1.5,16.935203448275864,21.7435,"{'0.2': 0, '0.25': 0, '0.3': 0, '0.4': 6, '0.5': 14}",2,0
E400_M225_S2,0.4,0.225,2,29,28,0.9655172413793104,0.9629629629629629,"[1.0, 0.8888888888888888, 1.0]","[[10, 0, 0], [0, 8, 1], [0, 0, 10]]",0.6551724137931034,0.6,1.0,1.1551724137931034,1.1,1.5,17.073810344827585,22.051119999999997,"{'0.2': 0, '0.25': 0, '0.3': 0, '0.4': 7, '0.5': 13}",4,0
E400_M225_S3,0.4,0.225,3,29,28,0.9655172413793104,0.9629629629629629,"[1.0, 0.8888888888888888, 1.0]","[[10, 0, 0], [0, 8, 1], [0, 0, 10]]",0.6724137931034483,0.6,1.0,1.1724137931034482,1.1,1.5,17.453637931034482,22.41098,"{'0.2': 0, '0.25': 0, '0.3': 0, '0.4': 6, '0.5': 13}",4,0
E400_M250_S2,0.4,0.25,2,29,28,0.9655172413793104,0.9629629629629629,"[1.0, 0.8888888888888888, 1.0]","[[10, 0, 0], [0, 8, 1], [0, 0, 10]]",0.710344827586207,0.6,1.0,1.210344827586207,1.1,1.5,18.17907931034483,22.41002,"{'0.2': 0, '0.25': 0, '0.3': 0, '0.4': 5, '0.5': 7}",6,0
E400_M250_S3,0.4,0.25,3,29,28,0.9655172413793104,0.9629629629629629,"[1.0, 0.8888888888888888, 1.0]","[[10, 0, 0], [0, 8, 1], [0, 0, 10]]",0.7310344827586207,0.6,1.0,1.2310344827586208,1.1,1.5,18.647972413793102,22.65432,"{'0.2': 0, '0.25': 0, '0.3': 0, '0.4': 4, '0.5': 6}",6,0
E400_M275_S2,0.4,0.275,2,29,28,0.9655172413793104,0.9629629629629629,"[1.0, 0.8888888888888888, 1.0]","[[10, 0, 0], [0, 8, 1], [0, 0, 10]]",0.7724137931034483,0.8,1.0,1.2724137931034483,1.3,1.5,19.082186206896555,22.650479999999998,"{'0.2': 0, '0.25': 0, '0.3': 0, '0.4': 3, '0.5': 5}",9,0
E400_M275_S3,0.4,0.275,3,29,28,0.9655172413793104,0.9629629629629629,"[1.0, 0.8888888888888888, 1.0]","[[10, 0, 0], [0, 8, 1], [0, 0, 10]]",0.7931034482758621,0.8,1.0,1.293103448275862,1.3,1.5,19.55107931034483,23.57088,"{'0.2': 0, '0.25': 0, '0.3': 0, '0.4': 2, '0.5': 4}",9,0
E400_M300_S2,0.4,0.3,2,29,28,0.9655172413793104,0.9629629629629629,"[1.0, 0.8888888888888888, 1.0]","[[10, 0, 0], [0, 8, 1], [0, 0, 10]]",0.8344827586206897,1.0,1.0,1.3344827586206898,1.5,1.5,20.18136896551724,24.62712,"{'0.2': 0, '0.25': 0, '0.3': 0, '0.4': 2, '0.5': 2}",10,0
E400_M300_S3,0.4,0.3,3,29,28,0.9655172413793104,0.9629629629629629,"[1.0, 0.8888888888888888, 1.0]","[[10, 0, 0], [0, 8, 1], [0, 0, 10]]",0.8413793103448275,1.0,1.0,1.3413793103448275,1.5,1.5,20.26792068965517,24.62712,"{'0.2': 0, '0.25': 0, '0.3': 0, '0.4': 2, '0.5': 2}",11,0
E400_M325_S2,0.4,0.325,2,29,28,0.9655172413793104,0.9629629629629629,"[1.0, 0.8888888888888888, 1.0]","[[10, 0, 0], [0, 8, 1], [0, 0, 10]]",0.9,1.0,1.0,1.4000000000000001,1.5,1.5,21.308910344827584,24.62712,"{'0.2': 0, '0.25': 0, '0.3': 0, '0.4': 0, '0.5': 1}",13,0
E400_M325_S3,0.4,0.325,3,29,28,0.9655172413793104,0.9629629629629629,"[1.0, 0.8888888888888888, 1.0]","[[10, 0, 0], [0, 8, 1], [0, 0, 10]]",0.9,1.0,1.0,1.4000000000000001,1.5,1.5,21.308910344827584,24.62712,"{'0.2': 0, '0.25': 0, '0.3': 0, '0.4': 0, '0.5': 1}",13,0
E400_M350_S2,0.4,0.35,2,29,28,0.9655172413793104,0.9629629629629629,"[1.0, 0.8888888888888888, 1.0]","[[10, 0, 0], [0, 8, 1], [0, 0, 10]]",0.9275862068965517,1.0,1.0,1.4275862068965517,1.5,1.5,21.68834827586207,24.62712,"{'0.2': 0, '0.25': 0, '0.3': 0, '0.4': 0, '0.5': 1}",13,0
E400_M350_S3,0.4,0.35,3,29,28,0.9655172413793104,0.9629629629629629,"[1.0, 0.8888888888888888, 1.0]","[[10, 0, 0], [0, 8, 1], [0, 0, 10]]",0.9275862068965517,1.0,1.0,1.4275862068965517,1.5,1.5,21.68834827586207,24.62712,"{'0.2': 0, '0.25': 0, '0.3': 0, '0.4': 0, '0.5': 1}",13,0
E400_M375_S2,0.4,0.375,2,29,28,0.9655172413793104,0.9629629629629629,"[1.0, 0.8888888888888888, 1.0]","[[10, 0, 0], [0, 8, 1], [0, 0, 10]]",0.9275862068965517,1.0,1.0,1.4275862068965517,1.5,1.5,21.68834827586207,24.62712,"{'0.2': 0, '0.25': 0, '0.3': 0, '0.4': 0, '0.5': 1}",16,0
E400_M375_S3,0.4,0.375,3,29,28,0.9655172413793104,0.9629629629629629,"[1.0, 0.8888888888888888, 1.0]","[[10, 0, 0], [0, 8, 1], [0, 0, 10]]",0.9275862068965517,1.0,1.0,1.4275862068965517,1.5,1.5,21.68834827586207,24.62712,"{'0.2': 0, '0.25': 0, '0.3': 0, '0.4': 0, '0.5': 1}",16,0
E400_M400_S2,0.4,0.4,2,29,28,0.9655172413793104,0.9629629629629629,"[1.0, 0.8888888888888888, 1.0]","[[10, 0, 0], [0, 8, 1], [0, 0, 10]]",0.9551724137931035,1.0,1.0,1.4551724137931035,1.5,1.5,22.055427586206896,25.421899999999997,"{'0.2': 0, '0.25': 0, '0.3': 0, '0.4': 0, '0.5': 1}",18,0
E400_M400_S3,0.4,0.4,3,29,28,0.9655172413793104,0.9629629629629629,"[1.0, 0.8888888888888888, 1.0]","[[10, 0, 0], [0, 8, 1], [0, 0, 10]]",0.9551724137931035,1.0,1.0,1.4551724137931035,1.5,1.5,22.055427586206896,25.421899999999997,"{'0.2': 0, '0.25': 0, '0.3': 0, '0.4': 0, '0.5': 1}",18,0
E400_M425_S2,0.4,0.425,2,29,28,0.9655172413793104,0.9629629629629629,"[1.0, 0.8888888888888888, 1.0]","[[10, 0, 0], [0, 8, 1], [0, 0, 10]]",0.9862068965517242,1.0,1.0,1.486206896551724,1.5,1.5,22.520044827586208,25.7271,"{'0.2': 0, '0.25': 0, '0.3': 0, '0.4': 0, '0.5': 0}",19,0
E400_M425_S3,0.4,0.425,3,29,28,0.9655172413793104,0.9629629629629629,"[1.0, 0.8888888888888888, 1.0]","[[10, 0, 0], [0, 8, 1], [0, 0, 10]]",0.9862068965517242,1.0,1.0,1.486206896551724,1.5,1.5,22.520044827586208,25.7271,"{'0.2': 0, '0.25': 0, '0.3': 0, '0.4': 0, '0.5': 0}",19,0
E400_M450_S2,0.4,0.45,2,29,28,0.9655172413793104,0.9629629629629629,"[1.0, 0.8888888888888888, 1.0]","[[10, 0, 0], [0, 8, 1], [0, 0, 10]]",1.0,1.0,1.0,1.5,1.5,1.5,22.729679310344828,25.7271,"{'0.2': 0, '0.25': 0, '0.3': 0, '0.4': 0, '0.5': 0}",22,0
E400_M450_S3,0.4,0.45,3,29,28,0.9655172413793104,0.9629629629629629,"[1.0, 0.8888888888888888, 1.0]","[[10, 0, 0], [0, 8, 1], [0, 0, 10]]",1.0,1.0,1.0,1.5,1.5,1.5,22.729679310344828,25.7271,"{'0.2': 0, '0.25': 0, '0.3': 0, '0.4': 0, '0.5': 0}",22,0
E400_M475_S2,0.4,0.475,2,29,28,0.9655172413793104,0.9629629629629629,"[1.0, 0.8888888888888888, 1.0]","[[10, 0, 0], [0, 8, 1], [0, 0, 10]]",1.0,1.0,1.0,1.5,1.5,1.5,22.729679310344828,25.7271,"{'0.2': 0, '0.25': 0, '0.3': 0, '0.4': 0, '0.5': 0}",24,0
E400_M475_S3,0.4,0.475,3,29,28,0.9655172413793104,0.9629629629629629,"[1.0, 0.8888888888888888, 1.0]","[[10, 0, 0], [0, 8, 1], [0, 0, 10]]",1.0,1.0,1.0,1.5,1.5,1.5,22.729679310344828,25.7271,"{'0.2': 0, '0.25': 0, '0.3': 0, '0.4': 0, '0.5': 0}",24,0
E400_M500_S2,0.4,0.5,2,29,28,0.9655172413793104,0.9629629629629629,"[1.0, 0.8888888888888888, 1.0]","[[10, 0, 0], [0, 8, 1], [0, 0, 10]]",1.0,1.0,1.0,1.5,1.5,1.5,22.729679310344828,25.7271,"{'0.2': 0, '0.25': 0, '0.3': 0, '0.4': 0, '0.5': 0}",24,0
E400_M500_S3,0.4,0.5,3,29,28,0.9655172413793104,0.9629629629629629,"[1.0, 0.8888888888888888, 1.0]","[[10, 0, 0], [0, 8, 1], [0, 0, 10]]",1.0,1.0,1.0,1.5,1.5,1.5,22.729679310344828,25.7271,"{'0.2': 0, '0.25': 0, '0.3': 0, '0.4': 0, '0.5': 0}",24,0
E500_M000_S2,0.5,0.0,2,29,27,0.9310344827586207,0.9259259259259259,"[1.0, 0.7777777777777778, 1.0]","[[10, 0, 0], [2, 7, 0], [0, 0, 10]]",0.5137931034482759,0.5,0.5,1.013793103448276,1.0,1.0,14.818937931034482,17.196,"{'0.2': 0, '0.25': 0, '0.3': 0, '0.4': 0, '0.5': 27}",0,2
E500_M000_S3,0.5,0.0,3,29,27,0.9310344827586207,0.9259259259259259,"[1.0, 0.7777777777777778, 1.0]","[[10, 0, 0], [2, 7, 0], [0, 0, 10]]",0.5275862068965518,0.5,0.5,1.0275862068965518,1.0,1.0,15.113506896551725,17.85532,"{'0.2': 0, '0.25': 0, '0.3': 0, '0.4': 0, '0.5': 27}",0,2
E500_M025_S2,0.5,0.025,2,29,28,0.9655172413793104,0.9629629629629629,"[1.0, 0.8888888888888888, 1.0]","[[10, 0, 0], [1, 8, 0], [0, 0, 10]]",0.5241379310344827,0.5,0.5199999999999999,1.0241379310344827,1.0,1.02,14.966817241379312,17.85532,"{'0.2': 0, '0.25': 0, '0.3': 0, '0.4': 0, '0.5': 26}",0,1
E500_M025_S3,0.5,0.025,3,29,28,0.9655172413793104,0.9629629629629629,"[1.0, 0.8888888888888888, 1.0]","[[10, 0, 0], [1, 8, 0], [0, 0, 10]]",0.5448275862068965,0.5,0.5599999999999998,1.0448275862068965,1.0,1.0599999999999998,15.347937931034481,18.13194,"{'0.2': 0, '0.25': 0, '0.3': 0, '0.4': 0, '0.5': 26}",0,1
E500_M050_S2,0.5,0.05,2,29,28,0.9655172413793104,0.9629629629629629,"[1.0, 0.8888888888888888, 1.0]","[[10, 0, 0], [1, 8, 0], [0, 0, 10]]",0.5482758620689655,0.5,0.8,1.0482758620689654,1.0,1.3,15.325396551724138,19.04242,"{'0.2': 0, '0.25': 0, '0.3': 0, '0.4': 0, '0.5': 25}",1,1
E500_M050_S3,0.5,0.05,3,29,28,0.9655172413793104,0.9629629629629629,"[1.0, 0.8888888888888888, 1.0]","[[10, 0, 0], [1, 8, 0], [0, 0, 10]]",0.5620689655172414,0.5,0.8399999999999999,1.0620689655172415,1.0,1.3399999999999999,15.631368965517241,19.870899999999995,"{'0.2': 0, '0.25': 0, '0.3': 0, '0.4': 0, '0.5': 25}",1,1
E500_M075_S2,0.5,0.075,2,29,28,0.9655172413793104,0.9629629629629629,"[1.0, 0.8888888888888888, 1.0]","[[10, 0, 0], [1, 8, 0], [0, 0, 10]]",0.5482758620689655,0.5,0.8,1.0482758620689654,1.0,1.3,15.325396551724138,19.04242,"{'0.2': 0, '0.25': 0, '0.3': 0, '0.4': 0, '0.5': 25}",1,1
E500_M075_S3,0.5,0.075,3,29,28,0.9655172413793104,0.9629629629629629,"[1.0, 0.8888888888888888, 1.0]","[[10, 0, 0], [1, 8, 0], [0, 0, 10]]",0.5620689655172414,0.5,0.8399999999999999,1.0620689655172415,1.0,1.3399999999999999,15.631368965517241,19.870899999999995,"{'0.2': 0, '0.25': 0, '0.3': 0, '0.4': 0, '0.5': 25}",1,1
E500_M100_S2,0.5,0.1,2,29,27,0.9310344827586207,0.9259259259259259,"[1.0, 0.7777777777777778, 1.0]","[[10, 0, 0], [1, 7, 1], [0, 0, 10]]",0.5689655172413793,0.5,0.8,1.0689655172413792,1.0,1.3,15.716137931034481,20.33956,"{'0.2': 0, '0.25': 0, '0.3': 0, '0.4': 0, '0.5': 23}",2,1
E500_M100_S3,0.5,0.1,3,29,27,0.9310344827586207,0.9259259259259259,"[1.0, 0.7777777777777778, 1.0]","[[10, 0, 0], [1, 7, 1], [0, 0, 10]]",0.5827586206896551,0.5,1.0,1.0827586206896551,1.0,1.5,16.022110344827585,22.11618,"{'0.2': 0, '0.25': 0, '0.3': 0, '0.4': 0, '0.5': 23}",2,1
E500_M125_S2,0.5,0.125,2,29,27,0.9310344827586207,0.9259259259259259,"[1.0, 0.7777777777777778, 1.0]","[[10, 0, 0], [1, 7, 1], [0, 0, 10]]",0.5862068965517241,0.5,0.8,1.0862068965517242,1.0,1.3,16.056675862068964,20.57372,"{'0.2': 0, '0.25': 0, '0.3': 0, '0.4': 0, '0.5': 20}",2,1
E500_M125_S3,0.5,0.125,3,29,27,0.9310344827586207,0.9259259259259259,"[1.0, 0.7777777777777778, 1.0]","[[10, 0, 0], [1, 7, 1], [0, 0, 10]]",0.6,0.5,1.0,1.0999999999999999,1.0,1.5,16.362648275862067,22.11618,"{'0.2': 0, '0.25': 0, '0.3': 0, '0.4': 0, '0.5': 20}",2,1
E500_M150_S2,0.5,0.15,2,29,28,0.9655172413793104,0.9629629629629629,"[1.0, 0.8888888888888888, 1.0]","[[10, 0, 0], [0, 8, 1], [0, 0, 10]]",0.603448275862069,0.5,0.8,1.103448275862069,1.0,1.3,16.53926551724138,20.57372,"{'0.2': 0, '0.25': 0, '0.3': 0, '0.4': 0, '0.5': 17}",2,0
E500_M150_S3,0.5,0.15,3,29,28,0.9655172413793104,0.9629629629629629,"[1.0, 0.8888888888888888, 1.0]","[[10, 0, 0], [0, 8, 1], [0, 0, 10]]",0.6241379310344828,0.5,1.0,1.1241379310344828,1.0,1.5,16.93018275862069,22.11618,"{'0.2': 0, '0.25': 0, '0.3': 0, '0.4': 0, '0.5': 17}",2,0
E500_M175_S2,0.5,0.175,2,29,28,0.9655172413793104,0.9629629629629629,"[1.0, 0.8888888888888888, 1.0]","[[10, 0, 0], [0, 8, 1], [0, 0, 10]]",0.6379310344827587,0.6,1.0,1.1379310344827587,1.1,1.5,17.098120689655172,21.584680000000002,"{'0.2': 0, '0.25': 0, '0.3': 0, '0.4': 0, '0.5': 13}",2,0
E500_M175_S3,0.5,0.175,3,29,28,0.9655172413793104,0.9629629629629629,"[1.0, 0.8888888888888888, 1.0]","[[10, 0, 0], [0, 8, 1], [0, 0, 10]]",0.6517241379310345,0.6,1.0,1.1517241379310343,1.1,1.5,17.404093103448275,22.11618,"{'0.2': 0, '0.25': 0, '0.3': 0, '0.4': 0, '0.5': 13}",2,0
E500_M200_S2,0.5,0.2,2,29,28,0.9655172413793104,0.9629629629629629,"[1.0, 0.8888888888888888, 1.0]","[[10, 0, 0], [0, 8, 1], [0, 0, 10]]",0.6689655172413793,0.6,1.0,1.1689655172413793,1.1,1.5,17.56003448275862,21.584680000000002,"{'0.2': 0, '0.25': 0, '0.3': 0, '0.4': 0, '0.5': 12}",3,0
E500_M200_S3,0.5,0.2,3,29,28,0.9655172413793104,0.9629629629629629,"[1.0, 0.8888888888888888, 1.0]","[[10, 0, 0], [0, 8, 1], [0, 0, 10]]",0.6827586206896552,0.6,1.0,1.182758620689655,1.1,1.5,17.866006896551724,22.11618,"{'0.2': 0, '0.25': 0, '0.3': 0, '0.4': 0, '0.5': 12}",3,0
E500_M225_S2,0.5,0.225,2,29,28,0.9655172413793104,0.9629629629629629,"[1.0, 0.8888888888888888, 1.0]","[[10, 0, 0], [0, 8, 1], [0, 0, 10]]",0.710344827586207,0.6,1.0,1.210344827586207,1.1,1.5,18.26288620689655,22.22544,"{'0.2': 0, '0.25': 0, '0.3': 0, '0.4': 0, '0.5': 10}",5,0
E500_M225_S3,0.5,0.225,3,29,28,0.9655172413793104,0.9629629629629629,"[1.0, 0.8888888888888888, 1.0]","[[10, 0, 0], [0, 8, 1], [0, 0, 10]]",0.7241379310344828,0.6,1.0,1.2241379310344827,1.1,1.5,18.568858620689653,22.51186,"{'0.2': 0, '0.25': 0, '0.3': 0, '0.4': 0, '0.5': 10}",5,0
E500_M250_S2,0.5,0.25,2,29,28,0.9655172413793104,0.9629629629629629,"[1.0, 0.8888888888888888, 1.0]","[[10, 0, 0], [0, 8, 1], [0, 0, 10]]",0.7448275862068966,0.6,1.0,1.2448275862068967,1.1,1.5,19.02106206896552,22.41002,"{'0.2': 0, '0.25': 0, '0.3': 0, '0.4': 0, '0.5': 4}",6,0
E500_M250_S3,0.5,0.25,3,29,28,0.9655172413793104,0.9629629629629629,"[1.0, 0.8888888888888888, 1.0]","[[10, 0, 0], [0, 8, 1], [0, 0, 10]]",0.7586206896551724,0.6,1.0,1.2586206896551724,1.1,1.5,19.327034482758624,22.65432,"{'0.2': 0, '0.25': 0, '0.3': 0, '0.4': 0, '0.5': 4}",6,0
E500_M275_S2,0.5,0.275,2,29,28,0.9655172413793104,0.9629629629629629,"[1.0, 0.8888888888888888, 1.0]","[[10, 0, 0], [0, 8, 1], [0, 0, 10]]",0.789655172413793,0.8,1.0,1.289655172413793,1.3,1.5,19.611968965517242,22.650479999999998,"{'0.2': 0, '0.25': 0, '0.3': 0, '0.4': 0, '0.5': 3}",9,0
E500_M275_S3,0.5,0.275,3,29,28,0.9655172413793104,0.9629629629629629,"[1.0, 0.8888888888888888, 1.0]","[[10, 0, 0], [0, 8, 1], [0, 0, 10]]",0.803448275862069,0.8,1.0,1.3034482758620691,1.3,1.5,19.917941379310346,23.57088,"{'0.2': 0, '0.25': 0, '0.3': 0, '0.4': 0, '0.5': 3}",9,0
E500_M300_S2,0.5,0.3,2,29,28,0.9655172413793104,0.9629629629629629,"[1.0, 0.8888888888888888, 1.0]","[[10, 0, 0], [0, 8, 1], [0, 0, 10]]",0.8448275862068966,1.0,1.0,1.3448275862068966,1.5,1.5,20.548231034482757,24.62712,"{'0.2': 0, '0.25': 0, '0.3': 0, '0.4': 0, '0.5': 1}",10,0
E500_M300_S3,0.5,0.3,3,29,28,0.9655172413793104,0.9629629629629629,"[1.0, 0.8888888888888888, 1.0]","[[10, 0, 0], [0, 8, 1], [0, 0, 10]]",0.8517241379310344,1.0,1.0,1.3517241379310345,1.5,1.5,20.634782758620688,24.62712,"{'0.2': 0, '0.25': 0, '0.3': 0, '0.4': 0, '0.5': 1}",11,0
E500_M325_S2,0.5,0.325,2,29,28,0.9655172413793104,0.9629629629629629,"[1.0, 0.8888888888888888, 1.0]","[[10, 0, 0], [0, 8, 1], [0, 0, 10]]",0.9,1.0,1.0,1.4000000000000001,1.5,1.5,21.308910344827584,24.62712,"{'0.2': 0, '0.25': 0, '0.3': 0, '0.4': 0, '0.5': 1}",13,0
E500_M325_S3,0.5,0.325,3,29,28,0.9655172413793104,0.9629629629629629,"[1.0, 0.8888888888888888, 1.0]","[[10, 0, 0], [0, 8, 1], [0, 0, 10]]",0.9,1.0,1.0,1.4000000000000001,1.5,1.5,21.308910344827584,24.62712,"{'0.2': 0, '0.25': 0, '0.3': 0, '0.4': 0, '0.5': 1}",13,0
E500_M350_S2,0.5,0.35,2,29,28,0.9655172413793104,0.9629629629629629,"[1.0, 0.8888888888888888, 1.0]","[[10, 0, 0], [0, 8, 1], [0, 0, 10]]",0.9275862068965517,1.0,1.0,1.4275862068965517,1.5,1.5,21.68834827586207,24.62712,"{'0.2': 0, '0.25': 0, '0.3': 0, '0.4': 0, '0.5': 1}",13,0
E500_M350_S3,0.5,0.35,3,29,28,0.9655172413793104,0.9629629629629629,"[1.0, 0.8888888888888888, 1.0]","[[10, 0, 0], [0, 8, 1], [0, 0, 10]]",0.9275862068965517,1.0,1.0,1.4275862068965517,1.5,1.5,21.68834827586207,24.62712,"{'0.2': 0, '0.25': 0, '0.3': 0, '0.4': 0, '0.5': 1}",13,0
E500_M375_S2,0.5,0.375,2,29,28,0.9655172413793104,0.9629629629629629,"[1.0, 0.8888888888888888, 1.0]","[[10, 0, 0], [0, 8, 1], [0, 0, 10]]",0.9275862068965517,1.0,1.0,1.4275862068965517,1.5,1.5,21.68834827586207,24.62712,"{'0.2': 0, '0.25': 0, '0.3': 0, '0.4': 0, '0.5': 1}",16,0
E500_M375_S3,0.5,0.375,3,29,28,0.9655172413793104,0.9629629629629629,"[1.0, 0.8888888888888888, 1.0]","[[10, 0, 0], [0, 8, 1], [0, 0, 10]]",0.9275862068965517,1.0,1.0,1.4275862068965517,1.5,1.5,21.68834827586207,24.62712,"{'0.2': 0, '0.25': 0, '0.3': 0, '0.4': 0, '0.5': 1}",16,0
E500_M400_S2,0.5,0.4,2,29,28,0.9655172413793104,0.9629629629629629,"[1.0, 0.8888888888888888, 1.0]","[[10, 0, 0], [0, 8, 1], [0, 0, 10]]",0.9551724137931035,1.0,1.0,1.4551724137931035,1.5,1.5,22.055427586206896,25.421899999999997,"{'0.2': 0, '0.25': 0, '0.3': 0, '0.4': 0, '0.5': 1}",18,0
E500_M400_S3,0.5,0.4,3,29,28,0.9655172413793104,0.9629629629629629,"[1.0, 0.8888888888888888, 1.0]","[[10, 0, 0], [0, 8, 1], [0, 0, 10]]",0.9551724137931035,1.0,1.0,1.4551724137931035,1.5,1.5,22.055427586206896,25.421899999999997,"{'0.2': 0, '0.25': 0, '0.3': 0, '0.4': 0, '0.5': 1}",18,0
E500_M425_S2,0.5,0.425,2,29,28,0.9655172413793104,0.9629629629629629,"[1.0, 0.8888888888888888, 1.0]","[[10, 0, 0], [0, 8, 1], [0, 0, 10]]",0.9862068965517242,1.0,1.0,1.486206896551724,1.5,1.5,22.520044827586208,25.7271,"{'0.2': 0, '0.25': 0, '0.3': 0, '0.4': 0, '0.5': 0}",19,0
E500_M425_S3,0.5,0.425,3,29,28,0.9655172413793104,0.9629629629629629,"[1.0, 0.8888888888888888, 1.0]","[[10, 0, 0], [0, 8, 1], [0, 0, 10]]",0.9862068965517242,1.0,1.0,1.486206896551724,1.5,1.5,22.520044827586208,25.7271,"{'0.2': 0, '0.25': 0, '0.3': 0, '0.4': 0, '0.5': 0}",19,0
E500_M450_S2,0.5,0.45,2,29,28,0.9655172413793104,0.9629629629629629,"[1.0, 0.8888888888888888, 1.0]","[[10, 0, 0], [0, 8, 1], [0, 0, 10]]",1.0,1.0,1.0,1.5,1.5,1.5,22.729679310344828,25.7271,"{'0.2': 0, '0.25': 0, '0.3': 0, '0.4': 0, '0.5': 0}",22,0
E500_M450_S3,0.5,0.45,3,29,28,0.9655172413793104,0.9629629629629629,"[1.0, 0.8888888888888888, 1.0]","[[10, 0, 0], [0, 8, 1], [0, 0, 10]]",1.0,1.0,1.0,1.5,1.5,1.5,22.729679310344828,25.7271,"{'0.2': 0, '0.25': 0, '0.3': 0, '0.4': 0, '0.5': 0}",22,0
E500_M475_S2,0.5,0.475,2,29,28,0.9655172413793104,0.9629629629629629,"[1.0, 0.8888888888888888, 1.0]","[[10, 0, 0], [0, 8, 1], [0, 0, 10]]",1.0,1.0,1.0,1.5,1.5,1.5,22.729679310344828,25.7271,"{'0.2': 0, '0.25': 0, '0.3': 0, '0.4': 0, '0.5': 0}",24,0
E500_M475_S3,0.5,0.475,3,29,28,0.9655172413793104,0.9629629629629629,"[1.0, 0.8888888888888888, 1.0]","[[10, 0, 0], [0, 8, 1], [0, 0, 10]]",1.0,1.0,1.0,1.5,1.5,1.5,22.729679310344828,25.7271,"{'0.2': 0, '0.25': 0, '0.3': 0, '0.4': 0, '0.5': 0}",24,0
E500_M500_S2,0.5,0.5,2,29,28,0.9655172413793104,0.9629629629629629,"[1.0, 0.8888888888888888, 1.0]","[[10, 0, 0], [0, 8, 1], [0, 0, 10]]",1.0,1.0,1.0,1.5,1.5,1.5,22.729679310344828,25.7271,"{'0.2': 0, '0.25': 0, '0.3': 0, '0.4': 0, '0.5': 0}",24,0
E500_M500_S3,0.5,0.5,3,29,28,0.9655172413793104,0.9629629629629629,"[1.0, 0.8888888888888888, 1.0]","[[10, 0, 0], [0, 8, 1], [0, 0, 10]]",1.0,1.0,1.0,1.5,1.5,1.5,22.729679310344828,25.7271,"{'0.2': 0, '0.25': 0, '0.3': 0, '0.4': 0, '0.5': 0}",24,0
