sessionKey,trialId,trueSlotIndex,predictedSlotIndex,correct,evidenceSeconds,nominalLoggedOnsetRelativeDecisionSeconds,stopReason,relativeMarginAtStop,scoresBySlot,cumulativeRecomputeLatencyMs
B1,m6_4-trial-001,0,0,1,0.4,0.9,margin_and_stability,0.24316140290999133,"[1.4368054789507405,0.8530050896353972,1.0874298429803164]",12.081
B1,m6_4-trial-002,2,2,1,0.25,0.75,margin_and_stability,0.20143088955955699,"[1.5295812656269896,1.5824706875297034,1.981632731394916]",3.9458
B1,m6_4-trial-003,2,2,1,0.3,0.8,margin_and_stability,0.21860948831794869,"[1.4141529186135608,0.9831724269024326,1.80979023608746]",6.9526
B1,m6_4-trial-004,0,0,1,0.6,1.1,margin_and_stability,0.283347179914786,"[1.3354138894956589,0.8797939431465035,0.9570281298880283]",18.3624
B1,m6_4-trial-005,1,1,1,0.4,0.9,margin_and_stability,0.18096330028519217,"[1.2862061724349103,1.5703889372512525,1.2264898880703365]",10.4545
B1,m6_4-trial-006,1,1,1,0.5,1.0,margin_and_stability,0.24278628895641727,"[0.9429872097358791,1.6373702845187694,1.2398392294929443]",14.0246
B1,m6_4-trial-007,2,2,1,0.6,1.1,margin_and_stability,0.20815163814888973,"[1.260785622858835,0.9515467267709468,1.5922058863789101]",15.7289
B1,m6_4-trial-008,2,2,1,0.6,1.1,margin_and_stability,0.31442653119969605,"[0.893118527573939,1.0342369914517,1.508572076544222]",15.026
B1,m6_4-trial-009,0,0,1,0.3,0.8,margin_and_stability,0.2518056217695585,"[1.7732553711284569,1.1311107577842856,1.3267396998452465]",5.8648
B1,m6_4-trial-010,2,2,1,0.6,1.1,margin_and_stability,0.3098009449808928,"[0.9150108663573714,1.158124284551158,1.6779569258017846]",20.1408
B1,m6_4-trial-012,0,0,1,0.25,0.75,margin_and_stability,0.23872792555533545,"[1.9976536203486006,1.5207579155846735,1.3109943685764744]",5.8503
B1,m6_4-trial-013,0,0,1,0.25,0.75,margin_and_stability,0.20125501612794594,"[1.952791913271898,1.4555025188694504,1.5597827452718398]",8.2984
B1,m6_4-trial-014,1,2,0,1.0,1.5,forced_max_window,0.02599885765812226,"[0.9222140203552932,1.1394001400915799,1.1698139669035896]",22.0175
B1,m6_4-trial-015,2,2,1,0.6,1.1,margin_and_stability,0.26958242210194766,"[1.1034851133930867,1.0232159588823904,1.5107592516716584]",20.2984
B1,m6_4-trial-016,1,1,1,1.0,1.5,margin_and_stability,0.31977549750893464,"[0.9213204904299064,1.3544359061690927,0.865061935127826]",20.7861
B1,m6_4-trial-017,2,2,1,0.25,0.75,margin_and_stability,0.17673081504340513,"[1.3900442826654362,1.5971890608761905,1.94005689762383]",5.0758
B1,m6_4-trial-018,0,0,1,0.35,0.85,margin_and_stability,0.22697379477533966,"[1.5396422695428147,1.1901838210281657,1.1708013991742354]",8.0826
B1,m6_4-trial-019,2,2,1,0.3,0.8,margin_and_stability,0.2585105167249497,"[1.0473877025556844,1.3454548042077932,1.8145298545100284]",6.4712
B1,m6_4-trial-020,1,1,1,0.35,0.85,margin_and_stability,0.20193750066997565,"[1.5792098498374925,1.978804731663552,1.442343332498816]",10.7181
B1,m6_4-trial-021,1,1,1,0.3,0.8,margin_and_stability,0.22316964186490096,"[1.4155152551661903,1.8621988232403295,1.4466125787765451]",7.0633
B1,m6_4-trial-022,0,0,1,1.0,1.5,margin_and_stability,0.2100156054595606,"[1.0877063868626167,0.8592710714634332,0.8446284863062086]",21.5621
B1,m6_4-trial-023,1,1,1,0.6,1.1,margin_and_stability,0.1981586914273036,"[1.2336105353113016,1.538472166652487,1.057754465736552]",16.6869
B1,m6_4-trial-024,2,2,1,0.3,0.8,margin_and_stability,0.24503578665171094,"[1.4238494384807525,1.1346971203058873,1.8859826907105137]",5.5823
B1,m6_4-trial-025,0,0,1,0.35,0.85,margin_and_stability,0.27609642046877575,"[1.7188837280692044,1.218857373470647,1.2443060835472726]",10.1264
B1,m6_4-trial-026,0,0,1,0.4,0.9,margin_and_stability,0.27722590817297366,"[1.6777038347880806,1.0520960650196154,1.2126008655436744]",11.4007
B1,m6_4-trial-027,1,1,1,0.25,0.75,margin_and_stability,0.2078988076302323,"[1.4742874059927835,1.937888430399424,1.5350037363989613]",4.6046
B1,m6_4-trial-028,1,1,1,0.8,1.3,margin_and_stability,0.30567987341353475,"[0.9115857354381212,1.4554796017271094,1.0105687813151847]",20.0057
B1,m6_4-trial-029,0,0,1,0.8,1.3,margin_and_stability,0.21614976580157183,"[1.3200521632385784,0.8500858476972477,1.0347231973087014]",19.5343
B1,m6_4-trial-030,2,2,1,0.4,0.9,margin_and_stability,0.20554560542331005,"[1.535437592119305,1.0700299205208403,1.9326944411169555]",11.1142
