sessionKey,fold,trialId,decoder,configId,trueSlotIndex,predictedSlotIndex,scoresBySlot,evidenceSeconds,guardSeconds,computeNs
A,leave-one-trial-out,m6_1b-trial-001,FBCCA,historical-5ch-3h-three-band,2,2,"[1.1544770397967854,1.3414647921031162,1.5864919279557856]",0.3,0.5,9219900
A,leave-one-trial-out,m6_1b-trial-001,eTRCA,eTRCA-033,2,2,"[-0.015122045272462373,0.24072182717566207,0.4569772073989812]",0.3,0.5,628300
A,leave-one-trial-out,m6_1b-trial-001,TDCA,TDCA-015,2,0,"[0.6677287732726661,0.08679686284953275,0.6602266684605916]",0.3,0.5,618900
A,leave-one-trial-out,m6_1b-trial-002,FBCCA,historical-5ch-3h-three-band,1,1,"[1.2336895153402971,1.6410476717077702,1.363966105571895]",0.3,0.5,2531900
A,leave-one-trial-out,m6_1b-trial-002,eTRCA,eTRCA-033,1,2,"[0.23454085583675388,0.6071440220761999,0.7067175159815674]",0.3,0.5,567200
A,leave-one-trial-out,m6_1b-trial-002,TDCA,TDCA-015,1,2,"[0.30137345731119236,0.0247120894197399,0.566486482566122]",0.3,0.5,540100
A,leave-one-trial-out,m6_1b-trial-003,FBCCA,historical-5ch-3h-three-band,2,2,"[1.4374344491401698,1.517150314202927,1.6357275256064616]",0.3,0.5,2516500
A,leave-one-trial-out,m6_1b-trial-003,eTRCA,eTRCA-033,2,2,"[-0.039317396628958036,-0.1790823837704465,0.6823899000666791]",0.3,0.5,852400
A,leave-one-trial-out,m6_1b-trial-003,TDCA,TDCA-015,2,2,"[0.358174911753578,-0.13077834051448972,0.5758955603408518]",0.3,0.5,995600
A,leave-one-trial-out,m6_1b-trial-004,FBCCA,historical-5ch-3h-three-band,0,0,"[1.5017747574290612,1.2082136226710394,1.2894409315513995]",0.3,0.5,2533900
A,leave-one-trial-out,m6_1b-trial-004,eTRCA,eTRCA-033,0,0,"[0.3656874377758257,-0.06706623245365467,0.2847346551489305]",0.3,0.5,809300
A,leave-one-trial-out,m6_1b-trial-004,TDCA,TDCA-015,0,2,"[0.46612680938842455,0.004823623007289343,0.6322364840769463]",0.3,0.5,856800
A,leave-one-trial-out,m6_1b-trial-005,FBCCA,historical-5ch-3h-three-band,1,1,"[1.0659977875885835,1.6961803397945974,1.405479680435893]",0.3,0.5,2663400
A,leave-one-trial-out,m6_1b-trial-005,eTRCA,eTRCA-033,1,1,"[-0.11738647027297971,0.04966169167925241,-0.5443114449675788]",0.3,0.5,1052400
A,leave-one-trial-out,m6_1b-trial-005,TDCA,TDCA-015,1,1,"[-0.576889163914171,0.2715468815256351,-0.25379181475273876]",0.3,0.5,809600
A,leave-one-trial-out,m6_1b-trial-006,FBCCA,historical-5ch-3h-three-band,2,1,"[1.4912903036315335,1.7063280994449546,1.469228178759219]",0.3,0.5,2795800
A,leave-one-trial-out,m6_1b-trial-006,eTRCA,eTRCA-033,2,2,"[-0.21497134013543348,0.059079571123247965,0.0881933146871754]",0.3,0.5,631400
A,leave-one-trial-out,m6_1b-trial-006,TDCA,TDCA-015,2,1,"[-0.4665380482184097,0.34875236282056277,-0.1646315465257528]",0.3,0.5,726300
A,leave-one-trial-out,m6_1b-trial-007,FBCCA,historical-5ch-3h-three-band,1,1,"[1.605382782092603,1.7638408793772098,1.1012636308203911]",0.3,0.5,3508800
A,leave-one-trial-out,m6_1b-trial-007,eTRCA,eTRCA-033,1,0,"[0.4480305981925874,0.10146312115654572,-0.4592131219838837]",0.3,0.5,802900
A,leave-one-trial-out,m6_1b-trial-007,TDCA,TDCA-015,1,1,"[-0.4207366782362003,0.21132173060791654,-0.1678741161369861]",0.3,0.5,1314500
A,leave-one-trial-out,m6_1b-trial-008,FBCCA,historical-5ch-3h-three-band,2,1,"[1.6666853336338538,1.9283771623529697,1.4273621675001495]",0.3,0.5,3438600
A,leave-one-trial-out,m6_1b-trial-008,eTRCA,eTRCA-033,2,2,"[0.03402894780014737,0.013443452315646455,0.7268649048072411]",0.3,0.5,624400
A,leave-one-trial-out,m6_1b-trial-008,TDCA,TDCA-015,2,0,"[0.6748107266301747,-0.3401688516344429,0.6208383762238651]",0.3,0.5,531900
A,leave-one-trial-out,m6_1b-trial-009,FBCCA,historical-5ch-3h-three-band,0,0,"[1.7079797584134855,1.2086507622176048,1.4002001166883875]",0.3,0.5,3146400
A,leave-one-trial-out,m6_1b-trial-009,eTRCA,eTRCA-033,0,0,"[0.48002349879063205,0.25136834228345734,0.1783435282384222]",0.3,0.5,519900
A,leave-one-trial-out,m6_1b-trial-009,TDCA,TDCA-015,0,0,"[0.5312194834433703,0.13956732020918167,0.3549152641882041]",0.3,0.5,556900
A,leave-one-trial-out,m6_1b-trial-010,FBCCA,historical-5ch-3h-three-band,2,2,"[1.6969640551419745,1.584267353794512,1.7545845303601495]",0.3,0.5,3305600
A,leave-one-trial-out,m6_1b-trial-010,eTRCA,eTRCA-033,2,2,"[-0.26716920093303254,-0.22076554616374558,0.4900341784446709]",0.3,0.5,523300
A,leave-one-trial-out,m6_1b-trial-010,TDCA,TDCA-015,2,0,"[0.03257946921600978,-0.12095108056102882,0.0011586818248622169]",0.3,0.5,697100
A,leave-one-trial-out,m6_1b-trial-011,FBCCA,historical-5ch-3h-three-band,1,0,"[1.7555714315132227,1.68159536638918,1.277149865153414]",0.3,0.5,2923200
A,leave-one-trial-out,m6_1b-trial-011,eTRCA,eTRCA-033,1,2,"[0.13657235757952021,0.13598563641581124,0.5074732991831638]",0.3,0.5,789300
A,leave-one-trial-out,m6_1b-trial-011,TDCA,TDCA-015,1,2,"[0.11799227005007448,-0.07702444846333135,0.14288326028262177]",0.3,0.5,615300
A,leave-one-trial-out,m6_1b-trial-012,FBCCA,historical-5ch-3h-three-band,1,0,"[1.7752978925060348,1.7033466033491553,1.5457827190070679]",0.3,0.5,2377800
A,leave-one-trial-out,m6_1b-trial-012,eTRCA,eTRCA-033,1,2,"[0.5667291512191039,0.33489699751490537,0.8256299623101601]",0.3,0.5,449500
A,leave-one-trial-out,m6_1b-trial-012,TDCA,TDCA-015,1,2,"[0.5560930939297563,-0.0017262396682312944,0.605254530821172]",0.3,0.5,511100
A,leave-one-trial-out,m6_1b-trial-013,FBCCA,historical-5ch-3h-three-band,0,0,"[1.8195654170584106,1.3803187720632,1.4354322041809429]",0.3,0.5,2336800
A,leave-one-trial-out,m6_1b-trial-013,eTRCA,eTRCA-033,0,1,"[-0.27883305272463416,-0.26325919839879786,-0.514983359711419]",0.3,0.5,522600
A,leave-one-trial-out,m6_1b-trial-013,TDCA,TDCA-015,0,1,"[0.06061828449329433,0.409810622677137,-0.33759600544908047]",0.3,0.5,604000
A,leave-one-trial-out,m6_1b-trial-014,FBCCA,historical-5ch-3h-three-band,1,1,"[1.4472723699318746,1.64955604583836,1.4393617173089144]",0.3,0.5,2384000
A,leave-one-trial-out,m6_1b-trial-014,eTRCA,eTRCA-033,1,1,"[-0.10793477318553896,0.2767435070066841,-0.05875754736081746]",0.3,0.5,618900
A,leave-one-trial-out,m6_1b-trial-014,TDCA,TDCA-015,1,0,"[0.013385817721846363,-0.15987225819528356,-0.0715507291298153]",0.3,0.5,711800
A,leave-one-trial-out,m6_1b-trial-015,FBCCA,historical-5ch-3h-three-band,0,1,"[1.3631721388009255,1.5668065529838369,1.4365505299758659]",0.3,0.5,2867500
A,leave-one-trial-out,m6_1b-trial-015,eTRCA,eTRCA-033,0,1,"[0.0465975607856149,0.2908530601762825,-0.20311963356560203]",0.3,0.5,524500
A,leave-one-trial-out,m6_1b-trial-015,TDCA,TDCA-015,0,0,"[-0.007059992055605099,-0.01964978211323079,-0.3783079843405209]",0.3,0.5,568700
A,leave-one-trial-out,m6_1b-trial-016,FBCCA,historical-5ch-3h-three-band,0,1,"[1.3419264425476056,1.388545206350138,1.3378394413771355]",0.3,0.5,2579400
A,leave-one-trial-out,m6_1b-trial-016,eTRCA,eTRCA-033,0,0,"[0.5602602447150965,-0.05476843573162689,0.14105411070246218]",0.3,0.5,503000
A,leave-one-trial-out,m6_1b-trial-016,TDCA,TDCA-015,0,0,"[0.5711057495669107,-0.3251389020271802,0.5050513695106709]",0.3,0.5,591000
A,leave-one-trial-out,m6_1b-trial-017,FBCCA,historical-5ch-3h-three-band,1,1,"[1.504074921287258,1.5837993576027731,1.56161407215289]",0.3,0.5,3559600
A,leave-one-trial-out,m6_1b-trial-017,eTRCA,eTRCA-033,1,1,"[-0.5954218231625826,0.6196001437860156,-0.6895954207611557]",0.3,0.5,492800
A,leave-one-trial-out,m6_1b-trial-017,TDCA,TDCA-015,1,1,"[-0.2466909531501444,0.41934646273929754,-0.14347539240422738]",0.3,0.5,708300
A,leave-one-trial-out,m6_1b-trial-018,FBCCA,historical-5ch-3h-three-band,0,0,"[1.7351105386559034,1.2494902573524094,1.4497162199477045]",0.3,0.5,3893100
A,leave-one-trial-out,m6_1b-trial-018,eTRCA,eTRCA-033,0,0,"[0.34026211759387015,-0.15565630119855406,-0.4570212324565563]",0.3,0.5,788200
A,leave-one-trial-out,m6_1b-trial-018,TDCA,TDCA-015,0,1,"[0.06848729761947783,0.2556798869997518,-0.09649581624881687]",0.3,0.5,635000
A,leave-one-trial-out,m6_1b-trial-019,FBCCA,historical-5ch-3h-three-band,2,2,"[1.4017020777307558,1.3627291937208101,1.6880733751759922]",0.3,0.5,2670800
A,leave-one-trial-out,m6_1b-trial-019,eTRCA,eTRCA-033,2,2,"[0.13669803296054595,0.029658719132444385,0.9861049660193888]",0.3,0.5,507400
A,leave-one-trial-out,m6_1b-trial-019,TDCA,TDCA-015,2,2,"[0.3389051199606679,-0.0422259268606386,0.5931094495843203]",0.3,0.5,567600
A,leave-one-trial-out,m6_1b-trial-020,FBCCA,historical-5ch-3h-three-band,2,2,"[1.58459087296601,1.42205972282258,1.9793018438855956]",0.3,0.5,2476800
A,leave-one-trial-out,m6_1b-trial-020,eTRCA,eTRCA-033,2,2,"[0.3234652151580808,-0.2594295652573864,0.4542124378865333]",0.3,0.5,518400
A,leave-one-trial-out,m6_1b-trial-020,TDCA,TDCA-015,2,2,"[0.30986720981248844,-0.0649086958521652,0.4685664246729]",0.3,0.5,533400
A,leave-one-trial-out,m6_1b-trial-021,FBCCA,historical-5ch-3h-three-band,0,0,"[1.5100802997232905,1.100816477216572,1.2684649374253874]",0.3,0.5,2472900
A,leave-one-trial-out,m6_1b-trial-021,eTRCA,eTRCA-033,0,0,"[0.2940528995019211,-0.05334341019575741,0.16076475163815948]",0.3,0.5,511100
A,leave-one-trial-out,m6_1b-trial-021,TDCA,TDCA-015,0,0,"[0.4974892571878858,-0.24750353999674665,0.16189902598156297]",0.3,0.5,533500
A,leave-one-trial-out,m6_1b-trial-022,FBCCA,historical-5ch-3h-three-band,1,1,"[1.5617326848572346,1.969949097591054,1.1049909333189105]",0.3,0.5,2332100
A,leave-one-trial-out,m6_1b-trial-022,eTRCA,eTRCA-033,1,1,"[-0.19056391557234617,0.406344783832634,0.15221079470094107]",0.3,0.5,450600
A,leave-one-trial-out,m6_1b-trial-022,TDCA,TDCA-015,1,2,"[0.3021385869339273,0.2233559982840524,0.36598880410356804]",0.3,0.5,720800
A,leave-one-trial-out,m6_1b-trial-023,FBCCA,historical-5ch-3h-three-band,2,2,"[1.4157890925752057,1.5944278335935453,1.8903580055579168]",0.3,0.5,2365800
A,leave-one-trial-out,m6_1b-trial-023,eTRCA,eTRCA-033,2,2,"[-0.013918121444411834,0.1364830309168762,0.18600221098847258]",0.3,0.5,531500
A,leave-one-trial-out,m6_1b-trial-023,TDCA,TDCA-015,2,1,"[-0.29662467428587425,-0.01914164238542718,-0.22871160146036457]",0.3,0.5,579500
A,leave-one-trial-out,m6_1b-trial-024,FBCCA,historical-5ch-3h-three-band,2,0,"[1.5572808821762316,1.4234068056477518,1.5527281390095755]",0.3,0.5,2480100
A,leave-one-trial-out,m6_1b-trial-024,eTRCA,eTRCA-033,2,2,"[-0.15460113660292132,0.12717641414009886,0.8875616894535507]",0.3,0.5,552400
A,leave-one-trial-out,m6_1b-trial-024,TDCA,TDCA-015,2,2,"[0.5886069478025691,-0.013632350024058841,0.7115018270572325]",0.3,0.5,551800
A,leave-one-trial-out,m6_1b-trial-025,FBCCA,historical-5ch-3h-three-band,0,0,"[1.876519085679312,1.174371254465921,1.3969888404076007]",0.3,0.5,3209200
A,leave-one-trial-out,m6_1b-trial-025,eTRCA,eTRCA-033,0,0,"[0.7504323739312914,0.2050038540913554,0.0018969856049429138]",0.3,0.5,501200
A,leave-one-trial-out,m6_1b-trial-025,TDCA,TDCA-015,0,0,"[0.08184204505340399,-0.26252314604377136,-0.04022365233428166]",0.3,0.5,575000
A,leave-one-trial-out,m6_1b-trial-026,FBCCA,historical-5ch-3h-three-band,0,2,"[1.3663873070203572,1.317180803305388,1.3815946026821289]",0.3,0.5,2429000
A,leave-one-trial-out,m6_1b-trial-026,eTRCA,eTRCA-033,0,0,"[0.9846039311160365,0.26159880223861415,0.35060648441983017]",0.3,0.5,502800
A,leave-one-trial-out,m6_1b-trial-026,TDCA,TDCA-015,0,0,"[0.3975471646577419,-0.2166199195488794,-0.3026958527796355]",0.3,0.5,533800
A,leave-one-trial-out,m6_1b-trial-027,FBCCA,historical-5ch-3h-three-band,1,1,"[1.4335834148491335,1.6885588288280358,1.3013326608138867]",0.3,0.5,3181300
A,leave-one-trial-out,m6_1b-trial-027,eTRCA,eTRCA-033,1,1,"[-0.1299791601817876,0.4920081825638144,-0.4937806625553581]",0.3,0.5,450300
A,leave-one-trial-out,m6_1b-trial-027,TDCA,TDCA-015,1,1,"[-0.14469782380611915,0.14820371932152296,-0.20993635403489527]",0.3,0.5,508200
A,leave-one-trial-out,m6_1b-trial-028,FBCCA,historical-5ch-3h-three-band,2,1,"[1.3628706122067817,1.564820188685564,1.3803453009240712]",0.3,0.5,2354600
A,leave-one-trial-out,m6_1b-trial-028,eTRCA,eTRCA-033,2,2,"[0.4186827836709485,0.31705823754808077,0.5205806597633036]",0.3,0.5,527800
A,leave-one-trial-out,m6_1b-trial-028,TDCA,TDCA-015,2,2,"[0.2209337825966903,0.059407281229226054,0.6428712040809206]",0.3,0.5,609100
A,leave-one-trial-out,m6_1b-trial-029,FBCCA,historical-5ch-3h-three-band,0,1,"[1.3504871383305637,1.3968539849808272,1.32711251762858]",0.3,0.5,2358900
A,leave-one-trial-out,m6_1b-trial-029,eTRCA,eTRCA-033,0,2,"[0.09699392733290564,0.19300508959258728,0.429570263605389]",0.3,0.5,1366400
A,leave-one-trial-out,m6_1b-trial-029,TDCA,TDCA-015,0,0,"[0.4630733487631724,-0.07779599298369226,0.3240982382251849]",0.3,0.5,749800
A,leave-one-trial-out,m6_1b-trial-030,FBCCA,historical-5ch-3h-three-band,1,1,"[1.2943826522695596,1.5203749878267696,1.363938322387644]",0.3,0.5,2541900
A,leave-one-trial-out,m6_1b-trial-030,eTRCA,eTRCA-033,1,0,"[0.5457895651018319,0.5306079159034653,-0.02362270090240017]",0.3,0.5,756600
A,leave-one-trial-out,m6_1b-trial-030,TDCA,TDCA-015,1,0,"[0.5638546731325215,-0.21668928465221454,0.0014795733702235078]",0.3,0.5,604900
A,leave-one-trial-out,m6_1b-trial-001,FBCCA,historical-5ch-3h-three-band,2,2,"[1.1483594286188932,0.8066220937654871,1.5659939557457145]",0.5,0.5,2560400
A,leave-one-trial-out,m6_1b-trial-001,eTRCA,eTRCA-033,2,2,"[-0.16333536366677232,0.19473826798077823,0.5168416850689114]",0.5,0.5,688900
A,leave-one-trial-out,m6_1b-trial-001,TDCA,TDCA-015,2,2,"[0.48367138596080067,0.25736574938095624,0.5423800201878344]",0.5,0.5,1044100
A,leave-one-trial-out,m6_1b-trial-002,FBCCA,historical-5ch-3h-three-band,1,1,"[1.0733598873110342,1.3341544607646114,0.9331580467814222]",0.5,0.5,2582000
A,leave-one-trial-out,m6_1b-trial-002,eTRCA,eTRCA-033,1,2,"[0.09729732710141742,0.3613550930827151,0.5832027215811925]",0.5,0.5,701100
A,leave-one-trial-out,m6_1b-trial-002,TDCA,TDCA-015,1,1,"[0.25724153483271806,0.45721629387066204,0.29549231096539896]",0.5,0.5,752600
A,leave-one-trial-out,m6_1b-trial-003,FBCCA,historical-5ch-3h-three-band,2,1,"[0.9805849093499046,1.341103649452368,1.3151253977902935]",0.5,0.5,3129900
A,leave-one-trial-out,m6_1b-trial-003,eTRCA,eTRCA-033,2,2,"[0.03023120375535167,-0.23823146698093936,0.6231965207598975]",0.5,0.5,955800
A,leave-one-trial-out,m6_1b-trial-003,TDCA,TDCA-015,2,2,"[0.3977810997963087,-0.00034859624717677553,0.5162236052384774]",0.5,0.5,869600
A,leave-one-trial-out,m6_1b-trial-004,FBCCA,historical-5ch-3h-three-band,0,0,"[1.3549625928029891,0.9550377002084972,1.0290733562912688]",0.5,0.5,3583200
A,leave-one-trial-out,m6_1b-trial-004,eTRCA,eTRCA-033,0,0,"[0.5979576213364602,-0.0380855824054477,0.5613397164884067]",0.5,0.5,717400
A,leave-one-trial-out,m6_1b-trial-004,TDCA,TDCA-015,0,0,"[0.4261655321482351,0.3028370525307004,0.3784936825069747]",0.5,0.5,800600
A,leave-one-trial-out,m6_1b-trial-005,FBCCA,historical-5ch-3h-three-band,1,1,"[1.0343264831364558,1.3284217661986257,1.2001413011607414]",0.5,0.5,2855500
A,leave-one-trial-out,m6_1b-trial-005,eTRCA,eTRCA-033,1,1,"[-0.09558534316175368,-0.06565294493900188,-0.372607831880208]",0.5,0.5,990000
A,leave-one-trial-out,m6_1b-trial-005,TDCA,TDCA-015,1,1,"[-0.4546210564282563,0.007986990994791476,-0.014397120606912476]",0.5,0.5,1115800
A,leave-one-trial-out,m6_1b-trial-006,FBCCA,historical-5ch-3h-three-band,2,0,"[1.2433616029004082,1.148107934358484,1.209199853877115]",0.5,0.5,2968900
A,leave-one-trial-out,m6_1b-trial-006,eTRCA,eTRCA-033,2,1,"[-0.05540507107615135,0.1320778571747428,0.09534374989350637]",0.5,0.5,669500
A,leave-one-trial-out,m6_1b-trial-006,TDCA,TDCA-015,2,2,"[-0.37511721223958816,-0.15969296062307278,0.13425337329755255]",0.5,0.5,802100
A,leave-one-trial-out,m6_1b-trial-007,FBCCA,historical-5ch-3h-three-band,1,1,"[1.441759643044986,1.4575695054135982,0.7215368344032226]",0.5,0.5,3414700
A,leave-one-trial-out,m6_1b-trial-007,eTRCA,eTRCA-033,1,0,"[0.1890218222956051,0.05413971827391641,-0.3994531987846264]",0.5,0.5,708700
A,leave-one-trial-out,m6_1b-trial-007,TDCA,TDCA-015,1,1,"[-0.3853758000003523,0.11570608180151572,0.08355499126840747]",0.5,0.5,779600
A,leave-one-trial-out,m6_1b-trial-008,FBCCA,historical-5ch-3h-three-band,2,2,"[1.2316790112576619,1.330047959138431,1.433875418160897]",0.5,0.5,2528200
A,leave-one-trial-out,m6_1b-trial-008,eTRCA,eTRCA-033,2,2,"[0.09887770106589802,0.014114842527713199,0.7645785926071222]",0.5,0.5,666000
A,leave-one-trial-out,m6_1b-trial-008,TDCA,TDCA-015,2,0,"[0.6289714401586153,0.17155396257922964,0.5632823345849128]",0.5,0.5,836300
A,leave-one-trial-out,m6_1b-trial-009,FBCCA,historical-5ch-3h-three-band,0,2,"[1.3738293101660644,1.0169180233333313,1.4808437958549727]",0.5,0.5,3504000
A,leave-one-trial-out,m6_1b-trial-009,eTRCA,eTRCA-033,0,0,"[0.4248104429823072,0.01254085981293137,0.3281192495271618]",0.5,0.5,715500
A,leave-one-trial-out,m6_1b-trial-009,TDCA,TDCA-015,0,1,"[0.3683625385473769,0.4021574772549443,0.107082299827685]",0.5,0.5,785200
A,leave-one-trial-out,m6_1b-trial-010,FBCCA,historical-5ch-3h-three-band,2,2,"[1.2608329278663715,1.362315591167056,1.5766941456969783]",0.5,0.5,2531900
A,leave-one-trial-out,m6_1b-trial-010,eTRCA,eTRCA-033,2,2,"[-0.1604931910473937,-0.1456658015425429,0.49700257950751053]",0.5,0.5,1639400
A,leave-one-trial-out,m6_1b-trial-010,TDCA,TDCA-015,2,2,"[0.14697910252513915,-0.1826486958603755,0.19536159025540126]",0.5,0.5,828300
A,leave-one-trial-out,m6_1b-trial-011,FBCCA,historical-5ch-3h-three-band,1,0,"[1.354574971468828,1.2722561122705784,1.0407247351185471]",0.5,0.5,3158700
A,leave-one-trial-out,m6_1b-trial-011,eTRCA,eTRCA-033,1,2,"[0.1617867467998233,0.09459764560478927,0.6432988850823588]",0.5,0.5,658900
A,leave-one-trial-out,m6_1b-trial-011,TDCA,TDCA-015,1,0,"[0.3895438082314594,0.13412425417713914,0.16792333470119566]",0.5,0.5,771100
A,leave-one-trial-out,m6_1b-trial-012,FBCCA,historical-5ch-3h-three-band,1,1,"[1.3011208712241025,1.4580111357933874,1.2569912266228904]",0.5,0.5,3012200
A,leave-one-trial-out,m6_1b-trial-012,eTRCA,eTRCA-033,1,2,"[0.3753284636250685,0.23485802875158243,0.6564744718571163]",0.5,0.5,795600
A,leave-one-trial-out,m6_1b-trial-012,TDCA,TDCA-015,1,1,"[0.34990373586631446,0.5816269662315763,0.3081595980776166]",0.5,0.5,814400
A,leave-one-trial-out,m6_1b-trial-013,FBCCA,historical-5ch-3h-three-band,0,0,"[1.4801107520342642,1.1752636015675135,0.8924696955778518]",0.5,0.5,3200800
A,leave-one-trial-out,m6_1b-trial-013,eTRCA,eTRCA-033,0,0,"[-0.18361457788444643,-0.2453152015366952,-0.591642386718846]",0.5,0.5,707700
A,leave-one-trial-out,m6_1b-trial-013,TDCA,TDCA-015,0,0,"[0.10619805690818977,0.07598291289905737,-0.14351939165111863]",0.5,0.5,769200
A,leave-one-trial-out,m6_1b-trial-014,FBCCA,historical-5ch-3h-three-band,1,1,"[1.386200256010308,1.4961862503020162,1.2232653789451053]",0.5,0.5,2527300
A,leave-one-trial-out,m6_1b-trial-014,eTRCA,eTRCA-033,1,1,"[-0.12301373542455707,0.35897774124994664,-0.010997834740806437]",0.5,0.5,702500
A,leave-one-trial-out,m6_1b-trial-014,TDCA,TDCA-015,1,2,"[-0.1942689598517005,-0.17957852092972668,0.00853610046467322]",0.5,0.5,898100
A,leave-one-trial-out,m6_1b-trial-015,FBCCA,historical-5ch-3h-three-band,0,1,"[1.2050998030464855,1.3631719056561253,0.9749992604826732]",0.5,0.5,2573400
A,leave-one-trial-out,m6_1b-trial-015,eTRCA,eTRCA-033,0,0,"[0.3169982436801416,0.13456931329392896,-0.20027304604149435]",0.5,0.5,706800
A,leave-one-trial-out,m6_1b-trial-015,TDCA,TDCA-015,0,0,"[0.044088109171512395,-0.22062230035767436,-0.23150732915270908]",0.5,0.5,1784000
A,leave-one-trial-out,m6_1b-trial-016,FBCCA,historical-5ch-3h-three-band,0,0,"[1.344583169279825,1.057753679346542,1.1785413972395127]",0.5,0.5,2636100
A,leave-one-trial-out,m6_1b-trial-016,eTRCA,eTRCA-033,0,0,"[0.5806746608655593,0.0622922630792614,0.1536993249725754]",0.5,0.5,692700
A,leave-one-trial-out,m6_1b-trial-016,TDCA,TDCA-015,0,0,"[0.41899587317528114,0.13981485080181583,0.3002130212589201]",0.5,0.5,2228300
A,leave-one-trial-out,m6_1b-trial-017,FBCCA,historical-5ch-3h-three-band,1,1,"[1.3041807154762368,1.5837497640034626,1.091127984776024]",0.5,0.5,2688400
A,leave-one-trial-out,m6_1b-trial-017,eTRCA,eTRCA-033,1,1,"[-0.5582012008707605,0.5858349909141808,-0.587542566276642]",0.5,0.5,660100
A,leave-one-trial-out,m6_1b-trial-017,TDCA,TDCA-015,1,1,"[-0.17770104304325135,0.33268906339913407,-0.03893583035300127]",0.5,0.5,760900
A,leave-one-trial-out,m6_1b-trial-018,FBCCA,historical-5ch-3h-three-band,0,0,"[1.3116948568926001,1.0052969047820273,1.2357575216149101]",0.5,0.5,2520700
A,leave-one-trial-out,m6_1b-trial-018,eTRCA,eTRCA-033,0,0,"[0.24556872416282588,-0.09829211291835578,-0.42823431715427557]",0.5,0.5,937400
A,leave-one-trial-out,m6_1b-trial-018,TDCA,TDCA-015,0,0,"[0.17934330585989847,-0.0016268645996205006,0.14276563294395167]",0.5,0.5,798000
A,leave-one-trial-out,m6_1b-trial-019,FBCCA,historical-5ch-3h-three-band,2,2,"[1.1113363339008004,1.0428394670769294,1.4593775199760524]",0.5,0.5,2522100
A,leave-one-trial-out,m6_1b-trial-019,eTRCA,eTRCA-033,2,2,"[0.37627834639834196,-0.015382262671623221,0.6981159851217401]",0.5,0.5,649900
A,leave-one-trial-out,m6_1b-trial-019,TDCA,TDCA-015,2,2,"[0.4124599334156689,0.30815217081453733,0.6206064179950038]",0.5,0.5,933700
A,leave-one-trial-out,m6_1b-trial-020,FBCCA,historical-5ch-3h-three-band,2,2,"[1.3094754881762,1.1847955338818597,1.7392696976130637]",0.5,0.5,2542700
A,leave-one-trial-out,m6_1b-trial-020,eTRCA,eTRCA-033,2,2,"[0.20423653999538133,-0.22813191729297777,0.5438317447883927]",0.5,0.5,711100
A,leave-one-trial-out,m6_1b-trial-020,TDCA,TDCA-015,2,2,"[0.2634806617416874,0.23370163753374024,0.375984660602059]",0.5,0.5,1353500
A,leave-one-trial-out,m6_1b-trial-021,FBCCA,historical-5ch-3h-three-band,0,0,"[1.1307518006257922,0.8819893621001687,0.895818715116143]",0.5,0.5,3284100
A,leave-one-trial-out,m6_1b-trial-021,eTRCA,eTRCA-033,0,2,"[0.3060939312672527,-0.024976578171581904,0.3909748040170492]",0.5,0.5,1097500
A,leave-one-trial-out,m6_1b-trial-021,TDCA,TDCA-015,0,0,"[0.44651664624465914,-0.13485636929147085,0.19338843576104447]",0.5,0.5,1333700
A,leave-one-trial-out,m6_1b-trial-022,FBCCA,historical-5ch-3h-three-band,1,1,"[1.204787339627629,1.6736533029276592,0.8344488483442346]",0.5,0.5,2894400
A,leave-one-trial-out,m6_1b-trial-022,eTRCA,eTRCA-033,1,1,"[-0.1479526459750807,0.37203823349386134,-0.06015682673804655]",0.5,0.5,677300
A,leave-one-trial-out,m6_1b-trial-022,TDCA,TDCA-015,1,1,"[0.10393434441495711,0.3586024041994048,0.14339594255565383]",0.5,0.5,961000
A,leave-one-trial-out,m6_1b-trial-023,FBCCA,historical-5ch-3h-three-band,2,2,"[1.2066289398242849,1.0600379533692335,1.5299303780977602]",0.5,0.5,2517200
A,leave-one-trial-out,m6_1b-trial-023,eTRCA,eTRCA-033,2,1,"[-0.2045552101627535,0.20889975100696745,0.015137177671753356]",0.5,0.5,1169900
A,leave-one-trial-out,m6_1b-trial-023,TDCA,TDCA-015,2,2,"[-0.10614555497014835,-0.11452715368939145,0.09351838607463996]",0.5,0.5,761500
A,leave-one-trial-out,m6_1b-trial-024,FBCCA,historical-5ch-3h-three-band,2,2,"[0.9844767908169207,1.2061849490877212,1.3613753775072228]",0.5,0.5,2586100
A,leave-one-trial-out,m6_1b-trial-024,eTRCA,eTRCA-033,2,2,"[0.2225815801384929,0.2057864462769419,0.639336319135904]",0.5,0.5,1503700
A,leave-one-trial-out,m6_1b-trial-024,TDCA,TDCA-015,2,2,"[0.45490387316232606,0.38249261707483334,0.6538999478912983]",0.5,0.5,1392800
A,leave-one-trial-out,m6_1b-trial-025,FBCCA,historical-5ch-3h-three-band,0,0,"[1.3909201931342337,0.9636176610035074,1.175132851945064]",0.5,0.5,7241200
A,leave-one-trial-out,m6_1b-trial-025,eTRCA,eTRCA-033,0,0,"[0.8065672684522229,0.01747714867177892,0.1461489308904548]",0.5,0.5,653400
A,leave-one-trial-out,m6_1b-trial-025,TDCA,TDCA-015,0,0,"[0.2163942819148529,-0.11812851303483658,0.08666414073175183]",0.5,0.5,1129400
A,leave-one-trial-out,m6_1b-trial-026,FBCCA,historical-5ch-3h-three-band,0,0,"[1.36174274124907,1.0008010718965223,0.9203797325597347]",0.5,0.5,2964800
A,leave-one-trial-out,m6_1b-trial-026,eTRCA,eTRCA-033,0,0,"[0.6286381244756964,0.23437512141864428,0.25452043709903294]",0.5,0.5,722400
A,leave-one-trial-out,m6_1b-trial-026,TDCA,TDCA-015,0,0,"[0.34302391058891996,-0.22596790830441044,-0.10539345546049714]",0.5,0.5,785800
A,leave-one-trial-out,m6_1b-trial-027,FBCCA,historical-5ch-3h-three-band,1,0,"[1.447101955155778,1.4441738016079173,0.7267159179047362]",0.5,0.5,2615600
A,leave-one-trial-out,m6_1b-trial-027,eTRCA,eTRCA-033,1,1,"[-0.22454380985269698,0.5813000757021647,-0.4436185964757399]",0.5,0.5,655200
A,leave-one-trial-out,m6_1b-trial-027,TDCA,TDCA-015,1,1,"[-0.2952966979839559,0.37704977872896983,-0.1994272209202998]",0.5,0.5,1384800
A,leave-one-trial-out,m6_1b-trial-028,FBCCA,historical-5ch-3h-three-band,2,2,"[1.1164184694265644,1.2444500478966665,1.2451990501359196]",0.5,0.5,3643300
A,leave-one-trial-out,m6_1b-trial-028,eTRCA,eTRCA-033,2,2,"[0.40297199038509296,0.099386018283373,0.769593095682337]",0.5,0.5,773900
A,leave-one-trial-out,m6_1b-trial-028,TDCA,TDCA-015,2,2,"[0.3427378694838692,0.07032969015474198,0.6681792957768767]",0.5,0.5,947300
A,leave-one-trial-out,m6_1b-trial-029,FBCCA,historical-5ch-3h-three-band,0,2,"[1.057061800742245,0.9474712182991418,1.1409791628218109]",0.5,0.5,3096600
A,leave-one-trial-out,m6_1b-trial-029,eTRCA,eTRCA-033,0,2,"[0.25830257530931666,-0.11779812452011733,0.40835473943090084]",0.5,0.5,640700
A,leave-one-trial-out,m6_1b-trial-029,TDCA,TDCA-015,0,0,"[0.5576457012535412,0.04518665556245516,0.3085335882257406]",0.5,0.5,785200
A,leave-one-trial-out,m6_1b-trial-030,FBCCA,historical-5ch-3h-three-band,1,1,"[1.1476151640859988,1.384716007390859,1.0383551151805106]",0.5,0.5,2788500
A,leave-one-trial-out,m6_1b-trial-030,eTRCA,eTRCA-033,1,1,"[0.3446625356418232,0.5924138324708087,0.07868331684174462]",0.5,0.5,667200
A,leave-one-trial-out,m6_1b-trial-030,TDCA,TDCA-015,1,0,"[0.3240845889135385,0.2757099372172252,-0.056126505148334116]",0.5,0.5,810900
A,leave-one-trial-out,m6_1b-trial-001,FBCCA,historical-5ch-3h-three-band,2,2,"[0.7613824036749381,0.6086580595922275,1.3463804907529484]",1.0,0.5,2905100
A,leave-one-trial-out,m6_1b-trial-001,eTRCA,eTRCA-033,2,2,"[0.25668188442009465,0.1407712653535097,0.8631173412781025]",1.0,0.5,717400
A,leave-one-trial-out,m6_1b-trial-001,TDCA,TDCA-015,2,2,"[0.21064384881517748,-0.04974088750863666,0.5358966272488963]",1.0,0.5,1635400
A,leave-one-trial-out,m6_1b-trial-002,FBCCA,historical-5ch-3h-three-band,1,1,"[0.7551509618193984,1.2685874029526738,0.7909022549470126]",1.0,0.5,3141200
A,leave-one-trial-out,m6_1b-trial-002,eTRCA,eTRCA-033,1,2,"[-0.03273538680579397,0.12340959401871529,0.49929147586161465]",1.0,0.5,630200
A,leave-one-trial-out,m6_1b-trial-002,TDCA,TDCA-015,1,1,"[0.09102487308178782,0.46929798363748493,0.11038130137711952]",1.0,0.5,1348000
A,leave-one-trial-out,m6_1b-trial-003,FBCCA,historical-5ch-3h-three-band,2,2,"[0.8163427380342947,0.9185170567738202,1.1641112275149088]",1.0,0.5,2941500
A,leave-one-trial-out,m6_1b-trial-003,eTRCA,eTRCA-033,2,2,"[0.09123612930051549,-0.22421853643357978,0.7337536184566963]",1.0,0.5,645100
A,leave-one-trial-out,m6_1b-trial-003,TDCA,TDCA-015,2,2,"[0.1970766837814387,-0.014207513842584868,0.6409947857286479]",1.0,0.5,1244300
A,leave-one-trial-out,m6_1b-trial-004,FBCCA,historical-5ch-3h-three-band,0,0,"[1.0579972718166075,0.8060683377445816,0.7241078185201885]",1.0,0.5,2904100
A,leave-one-trial-out,m6_1b-trial-004,eTRCA,eTRCA-033,0,0,"[0.5657987047796886,-0.15434870803595602,0.38392864625788176]",1.0,0.5,715500
A,leave-one-trial-out,m6_1b-trial-004,TDCA,TDCA-015,0,0,"[0.38227780154051233,0.16835450057542584,0.10226435116195497]",1.0,0.5,1798500
A,leave-one-trial-out,m6_1b-trial-005,FBCCA,historical-5ch-3h-three-band,1,1,"[0.6322034994486676,1.3327242513026885,0.7959448540427567]",1.0,0.5,2954100
A,leave-one-trial-out,m6_1b-trial-005,eTRCA,eTRCA-033,1,1,"[-0.024435837701834568,0.005397997130770536,-0.45822370170448656]",1.0,0.5,703700
A,leave-one-trial-out,m6_1b-trial-005,TDCA,TDCA-015,1,1,"[-0.2436232514120949,0.23225261588253754,-0.06967505399247043]",1.0,0.5,1287600
A,leave-one-trial-out,m6_1b-trial-006,FBCCA,historical-5ch-3h-three-band,2,2,"[1.0024713261746863,0.5980282375315493,1.2477664786862717]",1.0,0.5,2925200
A,leave-one-trial-out,m6_1b-trial-006,eTRCA,eTRCA-033,2,1,"[-0.06563028366759407,0.19991685315815735,0.10181889546871993]",1.0,0.5,702800
A,leave-one-trial-out,m6_1b-trial-006,TDCA,TDCA-015,2,2,"[0.045591771473303115,0.12997178565982226,0.35277303808057875]",1.0,0.5,1652800
A,leave-one-trial-out,m6_1b-trial-007,FBCCA,historical-5ch-3h-three-band,1,1,"[0.892180996855313,1.208152483359243,0.6814683620755144]",1.0,0.5,3179400
A,leave-one-trial-out,m6_1b-trial-007,eTRCA,eTRCA-033,1,1,"[-0.12137374038119611,0.30589301098037264,-0.34847261506911725]",1.0,0.5,751800
A,leave-one-trial-out,m6_1b-trial-007,TDCA,TDCA-015,1,1,"[-0.36747769656769164,0.30771061549883083,0.21739225723338607]",1.0,0.5,1349900
A,leave-one-trial-out,m6_1b-trial-008,FBCCA,historical-5ch-3h-three-band,2,2,"[1.0401457558326141,0.9956288223408101,1.22474706820205]",1.0,0.5,2949200
A,leave-one-trial-out,m6_1b-trial-008,eTRCA,eTRCA-033,2,2,"[0.21153022294224336,0.05911385279521101,0.7416475291788417]",1.0,0.5,708800
A,leave-one-trial-out,m6_1b-trial-008,TDCA,TDCA-015,2,2,"[0.38546713238318137,-0.1017083063125498,0.6736881674626901]",1.0,0.5,1326600
A,leave-one-trial-out,m6_1b-trial-009,FBCCA,historical-5ch-3h-three-band,0,0,"[1.3439695859895917,0.6998341754821878,0.770148685645162]",1.0,0.5,2997700
A,leave-one-trial-out,m6_1b-trial-009,eTRCA,eTRCA-033,0,0,"[0.5733596762013599,-0.12063612246532027,0.4502885014449727]",1.0,0.5,1032500
A,leave-one-trial-out,m6_1b-trial-009,TDCA,TDCA-015,0,0,"[0.2906414877173499,0.2601869729162387,-0.010481011704403017]",1.0,0.5,2059000
A,leave-one-trial-out,m6_1b-trial-010,FBCCA,historical-5ch-3h-three-band,2,2,"[0.9045210620665036,0.8594121264337867,1.3004470033447735]",1.0,0.5,4465800
A,leave-one-trial-out,m6_1b-trial-010,eTRCA,eTRCA-033,2,2,"[-0.12100827469854968,0.0742765745714449,0.25317758882330765]",1.0,0.5,1130700
A,leave-one-trial-out,m6_1b-trial-010,TDCA,TDCA-015,2,2,"[-0.006902874555344359,-0.012415880415133435,0.4190716162832039]",1.0,0.5,1366100
A,leave-one-trial-out,m6_1b-trial-011,FBCCA,historical-5ch-3h-three-band,1,1,"[1.022457018827013,1.209201136077027,0.8143212032502654]",1.0,0.5,3004100
A,leave-one-trial-out,m6_1b-trial-011,eTRCA,eTRCA-033,1,2,"[0.17467986171000888,0.06172212824583993,0.5537535367368788]",1.0,0.5,1269800
A,leave-one-trial-out,m6_1b-trial-011,TDCA,TDCA-015,1,1,"[0.08559376903737831,0.11450865093916772,0.08384285339555965]",1.0,0.5,1275000
A,leave-one-trial-out,m6_1b-trial-012,FBCCA,historical-5ch-3h-three-band,1,1,"[0.914412011382074,1.2468810847996359,0.692526539448855]",1.0,0.5,3169400
A,leave-one-trial-out,m6_1b-trial-012,eTRCA,eTRCA-033,1,2,"[0.2572586835676407,0.35110774699103703,0.47137271562548666]",1.0,0.5,1163700
A,leave-one-trial-out,m6_1b-trial-012,TDCA,TDCA-015,1,1,"[0.07228549938044275,0.5919285493425767,0.1796145813962746]",1.0,0.5,1872200
A,leave-one-trial-out,m6_1b-trial-013,FBCCA,historical-5ch-3h-three-band,0,0,"[1.409486812010063,0.8953417800251213,0.7496805361107103]",1.0,0.5,3515900
A,leave-one-trial-out,m6_1b-trial-013,eTRCA,eTRCA-033,0,1,"[-0.244285591487506,-0.2151943433687994,-0.6236942948697007]",1.0,0.5,1037700
A,leave-one-trial-out,m6_1b-trial-013,TDCA,TDCA-015,0,0,"[0.28373150717437756,-0.0008576946131495986,-0.10414147411590498]",1.0,0.5,2850700
A,leave-one-trial-out,m6_1b-trial-014,FBCCA,historical-5ch-3h-three-band,1,1,"[0.8979778717306622,1.2480175469221877,1.005510952006299]",1.0,0.5,4041200
A,leave-one-trial-out,m6_1b-trial-014,eTRCA,eTRCA-033,1,1,"[-0.19102551686224184,0.5393586497767989,0.033660228802369165]",1.0,0.5,752700
A,leave-one-trial-out,m6_1b-trial-014,TDCA,TDCA-015,1,2,"[-0.14542735567901333,-0.05792460952010389,0.025097150622773724]",1.0,0.5,1249300
A,leave-one-trial-out,m6_1b-trial-015,FBCCA,historical-5ch-3h-three-band,0,0,"[1.1328107754353374,0.8933099238078223,0.8635787166581175]",1.0,0.5,2949900
A,leave-one-trial-out,m6_1b-trial-015,eTRCA,eTRCA-033,0,0,"[0.28649982637703,0.1332185438278629,-0.011032474042553595]",1.0,0.5,707900
A,leave-one-trial-out,m6_1b-trial-015,TDCA,TDCA-015,0,0,"[0.33666554642064017,-0.17124026783512247,-0.0978549853920535]",1.0,0.5,1226500
A,leave-one-trial-out,m6_1b-trial-016,FBCCA,historical-5ch-3h-three-band,0,0,"[1.088187201671447,0.651254866731988,1.0103538354929555]",1.0,0.5,3166500
A,leave-one-trial-out,m6_1b-trial-016,eTRCA,eTRCA-033,0,0,"[0.6489792076355902,0.0744159014604982,0.2810405178520779]",1.0,0.5,730300
A,leave-one-trial-out,m6_1b-trial-016,TDCA,TDCA-015,0,0,"[0.3440471594137835,-0.032900323310344544,0.23166690564360523]",1.0,0.5,2230600
A,leave-one-trial-out,m6_1b-trial-017,FBCCA,historical-5ch-3h-three-band,1,1,"[0.9304372183911076,1.4091828281652725,0.8741770080309953]",1.0,0.5,4093400
A,leave-one-trial-out,m6_1b-trial-017,eTRCA,eTRCA-033,1,1,"[-0.31408313204630084,0.5608439225610984,-0.5420594792877896]",1.0,0.5,869500
A,leave-one-trial-out,m6_1b-trial-017,TDCA,TDCA-015,1,1,"[0.053839253678046844,0.47482021788284184,-0.01992322208700707]",1.0,0.5,1677200
A,leave-one-trial-out,m6_1b-trial-018,FBCCA,historical-5ch-3h-three-band,0,0,"[1.1231600972185631,0.9249856009740088,0.7688223468445026]",1.0,0.5,3832700
A,leave-one-trial-out,m6_1b-trial-018,eTRCA,eTRCA-033,0,0,"[0.3105858413825425,0.024808349464602784,-0.337827193372568]",1.0,0.5,746400
A,leave-one-trial-out,m6_1b-trial-018,TDCA,TDCA-015,0,0,"[0.28336815625378264,0.1018468420187533,0.26848869471049036]",1.0,0.5,1496900
A,leave-one-trial-out,m6_1b-trial-019,FBCCA,historical-5ch-3h-three-band,2,2,"[0.7090832692048984,0.7185603327876356,1.2891710419433304]",1.0,0.5,3643600
A,leave-one-trial-out,m6_1b-trial-019,eTRCA,eTRCA-033,2,2,"[0.21111907129402316,-0.0584100969127241,0.5849586331318032]",1.0,0.5,784200
A,leave-one-trial-out,m6_1b-trial-019,TDCA,TDCA-015,2,2,"[0.08597286211346265,0.2239119653057978,0.6038485605842991]",1.0,0.5,1547200
A,leave-one-trial-out,m6_1b-trial-020,FBCCA,historical-5ch-3h-three-band,2,2,"[0.8193742586708983,0.6566827310423994,1.4572582625679558]",1.0,0.5,3071400
A,leave-one-trial-out,m6_1b-trial-020,eTRCA,eTRCA-033,2,2,"[0.10321784674528608,-0.17078485981403269,0.6668894410230372]",1.0,0.5,894200
A,leave-one-trial-out,m6_1b-trial-020,TDCA,TDCA-015,2,2,"[0.06712904197090566,-0.00837430747655322,0.43217495736232264]",1.0,0.5,1329100
A,leave-one-trial-out,m6_1b-trial-021,FBCCA,historical-5ch-3h-three-band,0,0,"[1.0257450937512926,0.4917696187498753,0.8173876882328481]",1.0,0.5,3142000
A,leave-one-trial-out,m6_1b-trial-021,eTRCA,eTRCA-033,0,2,"[0.2840000128221087,-0.23080975161044606,0.373165576086761]",1.0,0.5,709000
A,leave-one-trial-out,m6_1b-trial-021,TDCA,TDCA-015,0,0,"[0.17797072373404824,-0.2583612608669076,-0.011447183720462188]",1.0,0.5,1960000
A,leave-one-trial-out,m6_1b-trial-022,FBCCA,historical-5ch-3h-three-band,1,1,"[1.0140328204916569,1.3706704679250419,0.6049804829043766]",1.0,0.5,3279700
A,leave-one-trial-out,m6_1b-trial-022,eTRCA,eTRCA-033,1,1,"[-0.06574705388065254,0.48111211760435063,0.03827623844663412]",1.0,0.5,796300
A,leave-one-trial-out,m6_1b-trial-022,TDCA,TDCA-015,1,1,"[-0.08370586124384229,0.2703855114133366,-0.0017271891883290638]",1.0,0.5,1260800
A,leave-one-trial-out,m6_1b-trial-023,FBCCA,historical-5ch-3h-three-band,2,2,"[0.9768296785860466,0.8095300772892042,1.286867378499157]",1.0,0.5,3094300
A,leave-one-trial-out,m6_1b-trial-023,eTRCA,eTRCA-033,2,1,"[-0.1065596951002669,0.168224621249988,0.023700074923351213]",1.0,0.5,709600
A,leave-one-trial-out,m6_1b-trial-023,TDCA,TDCA-015,2,2,"[-0.12710139897416742,0.02781780118130043,0.3371206783627312]",1.0,0.5,1308800
A,leave-one-trial-out,m6_1b-trial-024,FBCCA,historical-5ch-3h-three-band,2,2,"[0.8587633125992025,0.7632923982181788,1.1605018634157274]",1.0,0.5,3273000
A,leave-one-trial-out,m6_1b-trial-024,eTRCA,eTRCA-033,2,2,"[0.20614141184111162,0.030809492378790167,0.854373115284106]",1.0,0.5,761200
A,leave-one-trial-out,m6_1b-trial-024,TDCA,TDCA-015,2,2,"[0.17753423237048144,-0.04841795220868007,0.7455760850501997]",1.0,0.5,1239500
A,leave-one-trial-out,m6_1b-trial-025,FBCCA,historical-5ch-3h-three-band,0,0,"[1.2730149629218832,0.8037289729364864,0.8492425400189324]",1.0,0.5,3540700
A,leave-one-trial-out,m6_1b-trial-025,eTRCA,eTRCA-033,0,0,"[0.7400683101739585,0.012136932849300116,0.0743760059542602]",1.0,0.5,698000
A,leave-one-trial-out,m6_1b-trial-025,TDCA,TDCA-015,0,0,"[0.24820168474884,-0.33997274016315043,-0.011844291763490805]",1.0,0.5,1256300
A,leave-one-trial-out,m6_1b-trial-026,FBCCA,historical-5ch-3h-three-band,0,0,"[1.1645063219585392,0.8291877340476173,0.8043611322552096]",1.0,0.5,2943100
A,leave-one-trial-out,m6_1b-trial-026,eTRCA,eTRCA-033,0,0,"[0.5527335606969471,0.13758671195188682,0.06295540018490818]",1.0,0.5,708100
A,leave-one-trial-out,m6_1b-trial-026,TDCA,TDCA-015,0,0,"[0.2640203760737588,0.015072983210135709,-0.0269475897645233]",1.0,0.5,1241900
A,leave-one-trial-out,m6_1b-trial-027,FBCCA,historical-5ch-3h-three-band,1,1,"[1.0399664720115782,1.3404248614904803,0.6236290126200702]",1.0,0.5,3639900
A,leave-one-trial-out,m6_1b-trial-027,eTRCA,eTRCA-033,1,1,"[-0.24753126242494589,0.6811876240994479,-0.3868646095042989]",1.0,0.5,734000
A,leave-one-trial-out,m6_1b-trial-027,TDCA,TDCA-015,1,1,"[-0.1643691835148423,0.6020676420752269,-0.10606517762124446]",1.0,0.5,1433300
A,leave-one-trial-out,m6_1b-trial-028,FBCCA,historical-5ch-3h-three-band,2,2,"[0.5662129082741004,0.8391425592390087,1.2546355526746549]",1.0,0.5,2803200
A,leave-one-trial-out,m6_1b-trial-028,eTRCA,eTRCA-033,2,2,"[0.1355394745771652,-0.034762438007376696,0.9448732031608865]",1.0,0.5,793000
A,leave-one-trial-out,m6_1b-trial-028,TDCA,TDCA-015,2,2,"[0.0910625014339591,0.023861088027102982,0.637970169659736]",1.0,0.5,1572700
A,leave-one-trial-out,m6_1b-trial-029,FBCCA,historical-5ch-3h-three-band,0,0,"[0.8831686356444797,0.7535472207432946,0.8561986141703514]",1.0,0.5,2959800
A,leave-one-trial-out,m6_1b-trial-029,eTRCA,eTRCA-033,0,0,"[0.4470124767959053,-0.05381643025740148,0.3800967584032259]",1.0,0.5,710200
A,leave-one-trial-out,m6_1b-trial-029,TDCA,TDCA-015,0,0,"[0.46870519631098106,-0.10959289547900987,0.04731399944454301]",1.0,0.5,1471600
A,leave-one-trial-out,m6_1b-trial-030,FBCCA,historical-5ch-3h-three-band,1,1,"[0.7751664473875356,1.3661964407807934,0.7695002957583839]",1.0,0.5,3102700
A,leave-one-trial-out,m6_1b-trial-030,eTRCA,eTRCA-033,1,1,"[0.24212448063138328,0.6033385402640024,0.1490890548841901]",1.0,0.5,736700
A,leave-one-trial-out,m6_1b-trial-030,TDCA,TDCA-015,1,1,"[0.1665868838889491,0.27026333525704027,-0.26347794960033705]",1.0,0.5,1680900
