cohort,sessionKey,condition,qTop,contextSlotIndex,alpha,marginFloor,n,correct,accuracy,meanEvidenceSeconds,medianEvidenceSeconds,p90EvidenceSeconds,meanPairedGainSeconds,medianPairedGainSeconds,fractionLE020,fractionLE025,fractionLE030,fractionLE040,fractionLE050,wrongEarlyStopCount,contextInducedWrongEarlyStopCount,exactEegOnlyFallbackRate,contextApplicationRate,meanAppliedTrialGainSeconds,medianAppliedTrialGainSeconds,noDelayViolations
development_A_B1,B1,EEG_ONLY,,,0.0,0.0,29,28,0.9655172413793104,0.4862068965517241,0.4,0.8399999999999999,0.0,0.0,0.0,0.1724137931034483,0.3448275862068966,0.5862068965517241,0.6206896551724138,0,0,1.0,0.0,,,0
development_A_B1,B1,NEUTRAL_CONTEXT,neutral,,0.05,0.1,29,28,0.9655172413793104,0.4862068965517241,0.4,0.8399999999999999,0.0,0.0,0.0,0.1724137931034483,0.3448275862068966,0.5862068965517241,0.6206896551724138,0,0,1.0,0.0,,,0
development_A_B1,B1,CONGRUENT_CONTEXT,0.45,0,0.05,0.1,10,10,1.0,0.47000000000000003,0.375,0.82,0.0,0.0,0.0,0.2,0.3,0.7,0.7,0,0,1.0,0.0,,,0
development_A_B1,B1,INCONGRUENT_CONTEXT,0.45,1,0.05,0.1,20,20,1.0,0.445,0.375,0.6200000000000002,0.0,0.0,0.0,0.2,0.4,0.65,0.65,0,0,1.0,0.0,,,0
development_A_B1,B1,INCONGRUENT_CONTEXT,0.45,2,0.05,0.1,19,18,0.9473684210526315,0.5210526315789474,0.4,1.0,0.0,0.0,0.0,0.15789473684210525,0.2631578947368421,0.5789473684210527,0.631578947368421,0,0,1.0,0.0,,,0
development_A_B1,B1,CONGRUENT_CONTEXT,0.50,0,0.05,0.1,10,10,1.0,0.47000000000000003,0.375,0.82,0.0,0.0,0.0,0.2,0.3,0.7,0.7,0,0,1.0,0.0,,,0
development_A_B1,B1,INCONGRUENT_CONTEXT,0.50,1,0.05,0.1,20,20,1.0,0.445,0.375,0.6200000000000002,0.0,0.0,0.0,0.2,0.4,0.65,0.65,0,0,1.0,0.0,,,0
development_A_B1,B1,INCONGRUENT_CONTEXT,0.50,2,0.05,0.1,19,18,0.9473684210526315,0.5210526315789474,0.4,1.0,0.0,0.0,0.0,0.15789473684210525,0.2631578947368421,0.5789473684210527,0.631578947368421,0,0,1.0,0.0,,,0
development_A_B1,B1,CONGRUENT_CONTEXT,0.55,0,0.05,0.1,10,10,1.0,0.47000000000000003,0.375,0.82,0.0,0.0,0.0,0.2,0.3,0.7,0.7,0,0,1.0,0.0,,,0
development_A_B1,B1,INCONGRUENT_CONTEXT,0.55,1,0.05,0.1,20,20,1.0,0.445,0.375,0.6200000000000002,0.0,0.0,0.0,0.2,0.4,0.65,0.65,0,0,1.0,0.0,,,0
development_A_B1,B1,INCONGRUENT_CONTEXT,0.55,2,0.05,0.1,19,18,0.9473684210526315,0.5210526315789474,0.4,1.0,0.0,0.0,0.0,0.15789473684210525,0.2631578947368421,0.5789473684210527,0.631578947368421,0,0,1.0,0.0,,,0
development_A_B1,B1,CONGRUENT_CONTEXT,0.60,0,0.05,0.1,10,10,1.0,0.47000000000000003,0.375,0.82,0.0,0.0,0.0,0.2,0.3,0.7,0.7,0,0,1.0,0.0,,,0
development_A_B1,B1,INCONGRUENT_CONTEXT,0.60,1,0.05,0.1,20,20,1.0,0.445,0.375,0.6200000000000002,0.0,0.0,0.0,0.2,0.4,0.65,0.65,0,0,1.0,0.0,,,0
development_A_B1,B1,INCONGRUENT_CONTEXT,0.60,2,0.05,0.1,19,18,0.9473684210526315,0.5210526315789474,0.4,1.0,0.0,0.0,0.0,0.15789473684210525,0.2631578947368421,0.5789473684210527,0.631578947368421,0,0,1.0,0.0,,,0
development_A_B1,B1,CONGRUENT_CONTEXT,0.65,0,0.05,0.1,10,10,1.0,0.47000000000000003,0.375,0.82,0.0,0.0,0.0,0.2,0.3,0.7,0.7,0,0,1.0,0.0,,,0
development_A_B1,B1,INCONGRUENT_CONTEXT,0.65,1,0.05,0.1,20,20,1.0,0.445,0.375,0.6200000000000002,0.0,0.0,0.0,0.2,0.4,0.65,0.65,0,0,1.0,0.0,,,0
development_A_B1,B1,INCONGRUENT_CONTEXT,0.65,2,0.05,0.1,19,18,0.9473684210526315,0.5210526315789474,0.4,1.0,0.0,0.0,0.0,0.15789473684210525,0.2631578947368421,0.5789473684210527,0.631578947368421,0,0,1.0,0.0,,,0
development_A_B1,B1,CONGRUENT_CONTEXT,0.70,0,0.05,0.1,10,10,1.0,0.47000000000000003,0.375,0.82,0.0,0.0,0.0,0.2,0.3,0.7,0.7,0,0,1.0,0.0,,,0
development_A_B1,B1,INCONGRUENT_CONTEXT,0.70,1,0.05,0.1,20,20,1.0,0.445,0.375,0.6200000000000002,0.0,0.0,0.0,0.2,0.4,0.65,0.65,0,0,1.0,0.0,,,0
development_A_B1,B1,INCONGRUENT_CONTEXT,0.70,2,0.05,0.1,19,18,0.9473684210526315,0.5210526315789474,0.4,1.0,0.0,0.0,0.0,0.15789473684210525,0.2631578947368421,0.5789473684210527,0.631578947368421,0,0,1.0,0.0,,,0
development_A_B1,B1,CONGRUENT_CONTEXT,0.75,0,0.05,0.1,10,10,1.0,0.47000000000000003,0.375,0.82,0.0,0.0,0.0,0.2,0.3,0.7,0.7,0,0,1.0,0.0,,,0
development_A_B1,B1,INCONGRUENT_CONTEXT,0.75,1,0.05,0.1,20,20,1.0,0.445,0.375,0.6200000000000002,0.0,0.0,0.0,0.2,0.4,0.65,0.65,0,0,1.0,0.0,,,0
development_A_B1,B1,INCONGRUENT_CONTEXT,0.75,2,0.05,0.1,19,18,0.9473684210526315,0.5210526315789474,0.4,1.0,0.0,0.0,0.0,0.15789473684210525,0.2631578947368421,0.5789473684210527,0.631578947368421,0,0,1.0,0.0,,,0
development_A_B1,B1,CONGRUENT_CONTEXT,0.80,0,0.05,0.1,10,10,1.0,0.47000000000000003,0.375,0.82,0.0,0.0,0.0,0.2,0.3,0.7,0.7,0,0,1.0,0.0,,,0
development_A_B1,B1,INCONGRUENT_CONTEXT,0.80,1,0.05,0.1,20,20,1.0,0.445,0.375,0.6200000000000002,0.0,0.0,0.0,0.2,0.4,0.65,0.65,0,0,1.0,0.0,,,0
development_A_B1,B1,INCONGRUENT_CONTEXT,0.80,2,0.05,0.1,19,18,0.9473684210526315,0.5210526315789474,0.4,1.0,0.0,0.0,0.0,0.15789473684210525,0.2631578947368421,0.5789473684210527,0.631578947368421,0,0,1.0,0.0,,,0
development_A_B1,B1,CONGRUENT_CONTEXT,0.85,0,0.05,0.1,10,10,1.0,0.47000000000000003,0.375,0.82,0.0,0.0,0.0,0.2,0.3,0.7,0.7,0,0,1.0,0.0,,,0
development_A_B1,B1,INCONGRUENT_CONTEXT,0.85,1,0.05,0.1,20,20,1.0,0.445,0.375,0.6200000000000002,0.0,0.0,0.0,0.2,0.4,0.65,0.65,0,0,1.0,0.0,,,0
development_A_B1,B1,INCONGRUENT_CONTEXT,0.85,2,0.05,0.1,19,18,0.9473684210526315,0.5210526315789474,0.4,1.0,0.0,0.0,0.0,0.15789473684210525,0.2631578947368421,0.5789473684210527,0.631578947368421,0,0,1.0,0.0,,,0
development_A_B1,B1,CONGRUENT_CONTEXT,0.90,0,0.05,0.1,10,10,1.0,0.47000000000000003,0.375,0.82,0.0,0.0,0.0,0.2,0.3,0.7,0.7,0,0,1.0,0.0,,,0
development_A_B1,B1,INCONGRUENT_CONTEXT,0.90,1,0.05,0.1,20,20,1.0,0.445,0.375,0.6200000000000002,0.0,0.0,0.0,0.2,0.4,0.65,0.65,0,0,1.0,0.0,,,0
development_A_B1,B1,INCONGRUENT_CONTEXT,0.90,2,0.05,0.1,19,18,0.9473684210526315,0.5210526315789474,0.4,1.0,0.0,0.0,0.0,0.15789473684210525,0.2631578947368421,0.5789473684210527,0.631578947368421,0,0,1.0,0.0,,,0
development_A_B1,B1,CONGRUENT_CONTEXT,0.95,0,0.05,0.1,10,10,1.0,0.47000000000000003,0.375,0.82,0.0,0.0,0.0,0.2,0.3,0.7,0.7,0,0,1.0,0.0,,,0
development_A_B1,B1,INCONGRUENT_CONTEXT,0.95,1,0.05,0.1,20,20,1.0,0.445,0.375,0.6200000000000002,0.0,0.0,0.0,0.2,0.4,0.65,0.65,0,0,1.0,0.0,,,0
development_A_B1,B1,INCONGRUENT_CONTEXT,0.95,2,0.05,0.1,19,18,0.9473684210526315,0.5210526315789474,0.4,1.0,0.0,0.0,0.0,0.15789473684210525,0.2631578947368421,0.5789473684210527,0.631578947368421,0,0,1.0,0.0,,,0
development_A_B1,B1,CONGRUENT_CONTEXT,0.45,2,0.05,0.1,10,10,1.0,0.4,0.35,0.6,0.019999999999999997,0.0,0.0,0.2,0.5,0.7,0.7,0,0,0.9,0.1,0.19999999999999996,0.19999999999999996,0
development_A_B1,B1,INCONGRUENT_CONTEXT,0.45,0,0.05,0.1,19,18,0.9473684210526315,0.4947368421052632,0.4,0.8399999999999999,0.0,0.0,0.0,0.15789473684210525,0.3684210526315789,0.5263157894736842,0.5789473684210527,0,0,1.0,0.0,,,0
development_A_B1,B1,CONGRUENT_CONTEXT,0.50,2,0.05,0.1,10,10,1.0,0.4,0.35,0.6,0.019999999999999997,0.0,0.0,0.2,0.5,0.7,0.7,0,0,0.9,0.1,0.19999999999999996,0.19999999999999996,0
development_A_B1,B1,INCONGRUENT_CONTEXT,0.50,0,0.05,0.1,19,18,0.9473684210526315,0.4947368421052632,0.4,0.8399999999999999,0.0,0.0,0.0,0.15789473684210525,0.3684210526315789,0.5263157894736842,0.5789473684210527,0,0,1.0,0.0,,,0
development_A_B1,B1,CONGRUENT_CONTEXT,0.55,2,0.05,0.1,10,10,1.0,0.4,0.35,0.6,0.019999999999999997,0.0,0.0,0.2,0.5,0.7,0.7,0,0,0.9,0.1,0.19999999999999996,0.19999999999999996,0
development_A_B1,B1,INCONGRUENT_CONTEXT,0.55,0,0.05,0.1,19,18,0.9473684210526315,0.4947368421052632,0.4,0.8399999999999999,0.0,0.0,0.0,0.15789473684210525,0.3684210526315789,0.5263157894736842,0.5789473684210527,0,0,1.0,0.0,,,0
development_A_B1,B1,CONGRUENT_CONTEXT,0.60,2,0.05,0.1,10,10,1.0,0.4,0.35,0.6,0.019999999999999997,0.0,0.0,0.2,0.5,0.7,0.7,0,0,0.9,0.1,0.19999999999999996,0.19999999999999996,0
development_A_B1,B1,INCONGRUENT_CONTEXT,0.60,0,0.05,0.1,19,18,0.9473684210526315,0.4947368421052632,0.4,0.8399999999999999,0.0,0.0,0.0,0.15789473684210525,0.3684210526315789,0.5263157894736842,0.5789473684210527,0,0,1.0,0.0,,,0
development_A_B1,B1,CONGRUENT_CONTEXT,0.65,2,0.05,0.1,10,10,1.0,0.4,0.35,0.6,0.019999999999999997,0.0,0.0,0.2,0.5,0.7,0.7,0,0,0.9,0.1,0.19999999999999996,0.19999999999999996,0
development_A_B1,B1,INCONGRUENT_CONTEXT,0.65,0,0.05,0.1,19,18,0.9473684210526315,0.4947368421052632,0.4,0.8399999999999999,0.0,0.0,0.0,0.15789473684210525,0.3684210526315789,0.5263157894736842,0.5789473684210527,0,0,1.0,0.0,,,0
development_A_B1,B1,CONGRUENT_CONTEXT,0.70,2,0.05,0.1,10,10,1.0,0.4,0.35,0.6,0.019999999999999997,0.0,0.0,0.2,0.5,0.7,0.7,0,0,0.9,0.1,0.19999999999999996,0.19999999999999996,0
development_A_B1,B1,INCONGRUENT_CONTEXT,0.70,0,0.05,0.1,19,18,0.9473684210526315,0.4947368421052632,0.4,0.8399999999999999,0.0,0.0,0.0,0.15789473684210525,0.3684210526315789,0.5263157894736842,0.5789473684210527,0,0,1.0,0.0,,,0
development_A_B1,B1,CONGRUENT_CONTEXT,0.75,2,0.05,0.1,10,10,1.0,0.4,0.35,0.6,0.019999999999999997,0.0,0.0,0.2,0.5,0.7,0.7,0,0,0.9,0.1,0.19999999999999996,0.19999999999999996,0
development_A_B1,B1,INCONGRUENT_CONTEXT,0.75,0,0.05,0.1,19,18,0.9473684210526315,0.4947368421052632,0.4,0.8399999999999999,0.0,0.0,0.0,0.15789473684210525,0.3684210526315789,0.5263157894736842,0.5789473684210527,0,0,1.0,0.0,,,0
development_A_B1,B1,CONGRUENT_CONTEXT,0.80,2,0.05,0.1,10,10,1.0,0.39499999999999996,0.32499999999999996,0.6,0.025,0.0,0.0,0.2,0.5,0.7,0.7,0,0,0.9,0.1,0.25,0.25,0
development_A_B1,B1,INCONGRUENT_CONTEXT,0.80,0,0.05,0.1,19,18,0.9473684210526315,0.4947368421052632,0.4,0.8399999999999999,0.0,0.0,0.0,0.15789473684210525,0.3684210526315789,0.5263157894736842,0.5789473684210527,0,0,1.0,0.0,,,0
development_A_B1,B1,CONGRUENT_CONTEXT,0.85,2,0.05,0.1,10,10,1.0,0.39499999999999996,0.32499999999999996,0.6,0.025,0.0,0.0,0.2,0.5,0.7,0.7,0,0,0.9,0.1,0.25,0.25,0
development_A_B1,B1,INCONGRUENT_CONTEXT,0.85,0,0.05,0.1,19,18,0.9473684210526315,0.4947368421052632,0.4,0.8399999999999999,0.0,0.0,0.0,0.15789473684210525,0.3684210526315789,0.5263157894736842,0.5789473684210527,0,0,1.0,0.0,,,0
development_A_B1,B1,CONGRUENT_CONTEXT,0.90,2,0.05,0.1,10,10,1.0,0.39499999999999996,0.32499999999999996,0.6,0.025,0.0,0.0,0.2,0.5,0.7,0.7,0,0,0.9,0.1,0.25,0.25,0
development_A_B1,B1,INCONGRUENT_CONTEXT,0.90,0,0.05,0.1,19,18,0.9473684210526315,0.4947368421052632,0.4,0.8399999999999999,0.0,0.0,0.0,0.15789473684210525,0.3684210526315789,0.5263157894736842,0.5789473684210527,0,0,1.0,0.0,,,0
development_A_B1,B1,CONGRUENT_CONTEXT,0.95,2,0.05,0.1,10,10,1.0,0.39499999999999996,0.32499999999999996,0.6,0.025,0.0,0.0,0.2,0.5,0.7,0.7,0,0,0.9,0.1,0.25,0.25,0
development_A_B1,B1,INCONGRUENT_CONTEXT,0.95,0,0.05,0.1,19,18,0.9473684210526315,0.4947368421052632,0.4,0.8399999999999999,0.0,0.0,0.0,0.15789473684210525,0.3684210526315789,0.5263157894736842,0.5789473684210527,0,0,1.0,0.0,,,0
development_A_B1,B1,CONGRUENT_CONTEXT,0.45,1,0.05,0.1,9,8,0.8888888888888888,0.5777777777777778,0.5,1.0,0.0,0.0,0.0,0.1111111111111111,0.2222222222222222,0.4444444444444444,0.5555555555555556,0,0,1.0,0.0,,,0
development_A_B1,B1,CONGRUENT_CONTEXT,0.50,1,0.05,0.1,9,8,0.8888888888888888,0.5777777777777778,0.5,1.0,0.0,0.0,0.0,0.1111111111111111,0.2222222222222222,0.4444444444444444,0.5555555555555556,0,0,1.0,0.0,,,0
development_A_B1,B1,CONGRUENT_CONTEXT,0.55,1,0.05,0.1,9,8,0.8888888888888888,0.5666666666666667,0.5,1.0,0.011111111111111108,0.0,0.0,0.1111111111111111,0.2222222222222222,0.4444444444444444,0.6666666666666666,0,0,0.8888888888888888,0.1111111111111111,0.09999999999999998,0.09999999999999998,0
development_A_B1,B1,CONGRUENT_CONTEXT,0.60,1,0.05,0.1,9,8,0.8888888888888888,0.5666666666666667,0.5,1.0,0.011111111111111108,0.0,0.0,0.1111111111111111,0.2222222222222222,0.4444444444444444,0.6666666666666666,0,0,0.8888888888888888,0.1111111111111111,0.09999999999999998,0.09999999999999998,0
development_A_B1,B1,CONGRUENT_CONTEXT,0.65,1,0.05,0.1,9,8,0.8888888888888888,0.5666666666666667,0.5,1.0,0.011111111111111108,0.0,0.0,0.1111111111111111,0.2222222222222222,0.4444444444444444,0.6666666666666666,0,0,0.8888888888888888,0.1111111111111111,0.09999999999999998,0.09999999999999998,0
development_A_B1,B1,CONGRUENT_CONTEXT,0.70,1,0.05,0.1,9,8,0.8888888888888888,0.5666666666666667,0.5,1.0,0.011111111111111108,0.0,0.0,0.1111111111111111,0.2222222222222222,0.4444444444444444,0.6666666666666666,0,0,0.8888888888888888,0.1111111111111111,0.09999999999999998,0.09999999999999998,0
development_A_B1,B1,CONGRUENT_CONTEXT,0.75,1,0.05,0.1,9,8,0.8888888888888888,0.5666666666666667,0.5,1.0,0.011111111111111108,0.0,0.0,0.1111111111111111,0.2222222222222222,0.4444444444444444,0.6666666666666666,0,0,0.8888888888888888,0.1111111111111111,0.09999999999999998,0.09999999999999998,0
development_A_B1,B1,CONGRUENT_CONTEXT,0.80,1,0.05,0.1,9,8,0.8888888888888888,0.5666666666666667,0.5,1.0,0.011111111111111108,0.0,0.0,0.1111111111111111,0.2222222222222222,0.4444444444444444,0.6666666666666666,0,0,0.8888888888888888,0.1111111111111111,0.09999999999999998,0.09999999999999998,0
development_A_B1,B1,CONGRUENT_CONTEXT,0.85,1,0.05,0.1,9,8,0.8888888888888888,0.5666666666666667,0.5,1.0,0.011111111111111108,0.0,0.0,0.1111111111111111,0.2222222222222222,0.4444444444444444,0.6666666666666666,0,0,0.8888888888888888,0.1111111111111111,0.09999999999999998,0.09999999999999998,0
development_A_B1,B1,CONGRUENT_CONTEXT,0.90,1,0.05,0.1,9,8,0.8888888888888888,0.5666666666666667,0.5,1.0,0.011111111111111108,0.0,0.0,0.1111111111111111,0.2222222222222222,0.4444444444444444,0.6666666666666666,0,0,0.8888888888888888,0.1111111111111111,0.09999999999999998,0.09999999999999998,0
development_A_B1,B1,CONGRUENT_CONTEXT,0.95,1,0.05,0.1,9,8,0.8888888888888888,0.5666666666666667,0.5,1.0,0.011111111111111108,0.0,0.0,0.1111111111111111,0.2222222222222222,0.4444444444444444,0.6666666666666666,0,0,0.8888888888888888,0.1111111111111111,0.09999999999999998,0.09999999999999998,0
posthoc_primary_B2,B2,EEG_ONLY,,,0.0,0.0,29,26,0.896551724137931,0.41206896551724137,0.35,0.5999999999999996,0.0,0.0,0.0,0.20689655172413793,0.4482758620689655,0.7586206896551724,0.896551724137931,2,0,1.0,0.0,,,0
posthoc_primary_B2,B2,NEUTRAL_CONTEXT,neutral,,0.05,0.1,29,26,0.896551724137931,0.41206896551724137,0.35,0.5999999999999996,0.0,0.0,0.0,0.20689655172413793,0.4482758620689655,0.7586206896551724,0.896551724137931,2,0,1.0,0.0,,,0
posthoc_primary_B2,B2,CONGRUENT_CONTEXT,0.45,2,0.05,0.1,9,9,1.0,0.3055555555555556,0.3,0.4,0.0,0.0,0.0,0.4444444444444444,0.6666666666666666,1.0,1.0,0,0,1.0,0.0,,,0
posthoc_primary_B2,B2,INCONGRUENT_CONTEXT,0.45,0,0.05,0.1,19,18,0.9473684210526315,0.3631578947368421,0.3,0.5,0.0,0.0,0.0,0.2631578947368421,0.5789473684210527,0.8421052631578947,0.9473684210526315,0,0,1.0,0.0,,,0
posthoc_primary_B2,B2,INCONGRUENT_CONTEXT,0.45,1,0.05,0.1,19,17,0.8947368421052632,0.4105263157894737,0.35,0.5999999999999996,0.0,0.0,0.0,0.2631578947368421,0.42105263157894735,0.7894736842105263,0.8947368421052632,2,0,1.0,0.0,,,0
posthoc_primary_B2,B2,CONGRUENT_CONTEXT,0.50,2,0.05,0.1,9,9,1.0,0.3055555555555556,0.3,0.4,0.0,0.0,0.0,0.4444444444444444,0.6666666666666666,1.0,1.0,0,0,1.0,0.0,,,0
posthoc_primary_B2,B2,INCONGRUENT_CONTEXT,0.50,0,0.05,0.1,19,18,0.9473684210526315,0.3631578947368421,0.3,0.5,0.0,0.0,0.0,0.2631578947368421,0.5789473684210527,0.8421052631578947,0.9473684210526315,0,0,1.0,0.0,,,0
posthoc_primary_B2,B2,INCONGRUENT_CONTEXT,0.50,1,0.05,0.1,19,17,0.8947368421052632,0.4105263157894737,0.35,0.5999999999999996,0.0,0.0,0.0,0.2631578947368421,0.42105263157894735,0.7894736842105263,0.8947368421052632,2,0,1.0,0.0,,,0
posthoc_primary_B2,B2,CONGRUENT_CONTEXT,0.55,2,0.05,0.1,9,9,1.0,0.3055555555555556,0.3,0.4,0.0,0.0,0.0,0.4444444444444444,0.6666666666666666,1.0,1.0,0,0,1.0,0.0,,,0
posthoc_primary_B2,B2,INCONGRUENT_CONTEXT,0.55,0,0.05,0.1,19,18,0.9473684210526315,0.3631578947368421,0.3,0.5,0.0,0.0,0.0,0.2631578947368421,0.5789473684210527,0.8421052631578947,0.9473684210526315,0,0,1.0,0.0,,,0
posthoc_primary_B2,B2,INCONGRUENT_CONTEXT,0.55,1,0.05,0.1,19,17,0.8947368421052632,0.4105263157894737,0.35,0.5999999999999996,0.0,0.0,0.0,0.2631578947368421,0.42105263157894735,0.7894736842105263,0.8947368421052632,2,0,1.0,0.0,,,0
posthoc_primary_B2,B2,CONGRUENT_CONTEXT,0.60,2,0.05,0.1,9,9,1.0,0.3055555555555556,0.3,0.4,0.0,0.0,0.0,0.4444444444444444,0.6666666666666666,1.0,1.0,0,0,1.0,0.0,,,0
posthoc_primary_B2,B2,INCONGRUENT_CONTEXT,0.60,0,0.05,0.1,19,18,0.9473684210526315,0.3631578947368421,0.3,0.5,0.0,0.0,0.0,0.2631578947368421,0.5789473684210527,0.8421052631578947,0.9473684210526315,0,0,1.0,0.0,,,0
posthoc_primary_B2,B2,INCONGRUENT_CONTEXT,0.60,1,0.05,0.1,19,17,0.8947368421052632,0.4105263157894737,0.35,0.5999999999999996,0.0,0.0,0.0,0.2631578947368421,0.42105263157894735,0.7894736842105263,0.8947368421052632,2,0,1.0,0.0,,,0
posthoc_primary_B2,B2,CONGRUENT_CONTEXT,0.65,2,0.05,0.1,9,9,1.0,0.3055555555555556,0.3,0.4,0.0,0.0,0.0,0.4444444444444444,0.6666666666666666,1.0,1.0,0,0,1.0,0.0,,,0
posthoc_primary_B2,B2,INCONGRUENT_CONTEXT,0.65,0,0.05,0.1,19,18,0.9473684210526315,0.3631578947368421,0.3,0.5,0.0,0.0,0.0,0.2631578947368421,0.5789473684210527,0.8421052631578947,0.9473684210526315,0,0,1.0,0.0,,,0
posthoc_primary_B2,B2,INCONGRUENT_CONTEXT,0.65,1,0.05,0.1,19,17,0.8947368421052632,0.4105263157894737,0.35,0.5999999999999996,0.0,0.0,0.0,0.2631578947368421,0.42105263157894735,0.7894736842105263,0.8947368421052632,2,0,1.0,0.0,,,0
posthoc_primary_B2,B2,CONGRUENT_CONTEXT,0.70,2,0.05,0.1,9,9,1.0,0.3055555555555556,0.3,0.4,0.0,0.0,0.0,0.4444444444444444,0.6666666666666666,1.0,1.0,0,0,1.0,0.0,,,0
posthoc_primary_B2,B2,INCONGRUENT_CONTEXT,0.70,0,0.05,0.1,19,18,0.9473684210526315,0.3631578947368421,0.3,0.5,0.0,0.0,0.0,0.2631578947368421,0.5789473684210527,0.8421052631578947,0.9473684210526315,0,0,1.0,0.0,,,0
posthoc_primary_B2,B2,INCONGRUENT_CONTEXT,0.70,1,0.05,0.1,19,17,0.8947368421052632,0.4105263157894737,0.35,0.5999999999999996,0.0,0.0,0.0,0.2631578947368421,0.42105263157894735,0.7894736842105263,0.8947368421052632,2,0,1.0,0.0,,,0
posthoc_primary_B2,B2,CONGRUENT_CONTEXT,0.75,2,0.05,0.1,9,9,1.0,0.3055555555555556,0.3,0.4,0.0,0.0,0.0,0.4444444444444444,0.6666666666666666,1.0,1.0,0,0,1.0,0.0,,,0
posthoc_primary_B2,B2,INCONGRUENT_CONTEXT,0.75,0,0.05,0.1,19,18,0.9473684210526315,0.3631578947368421,0.3,0.5,0.0,0.0,0.0,0.2631578947368421,0.5789473684210527,0.8421052631578947,0.9473684210526315,0,0,1.0,0.0,,,0
posthoc_primary_B2,B2,INCONGRUENT_CONTEXT,0.75,1,0.05,0.1,19,17,0.8947368421052632,0.4105263157894737,0.35,0.5999999999999996,0.0,0.0,0.0,0.2631578947368421,0.42105263157894735,0.7894736842105263,0.8947368421052632,2,0,1.0,0.0,,,0
posthoc_primary_B2,B2,CONGRUENT_CONTEXT,0.80,2,0.05,0.1,9,9,1.0,0.3055555555555556,0.3,0.4,0.0,0.0,0.0,0.4444444444444444,0.6666666666666666,1.0,1.0,0,0,1.0,0.0,,,0
posthoc_primary_B2,B2,INCONGRUENT_CONTEXT,0.80,0,0.05,0.1,19,18,0.9473684210526315,0.3631578947368421,0.3,0.5,0.0,0.0,0.0,0.2631578947368421,0.5789473684210527,0.8421052631578947,0.9473684210526315,0,0,1.0,0.0,,,0
posthoc_primary_B2,B2,INCONGRUENT_CONTEXT,0.80,1,0.05,0.1,19,17,0.8947368421052632,0.4105263157894737,0.35,0.5999999999999996,0.0,0.0,0.0,0.2631578947368421,0.42105263157894735,0.7894736842105263,0.8947368421052632,2,0,1.0,0.0,,,0
posthoc_primary_B2,B2,CONGRUENT_CONTEXT,0.85,2,0.05,0.1,9,9,1.0,0.3055555555555556,0.3,0.4,0.0,0.0,0.0,0.4444444444444444,0.6666666666666666,1.0,1.0,0,0,1.0,0.0,,,0
posthoc_primary_B2,B2,INCONGRUENT_CONTEXT,0.85,0,0.05,0.1,19,18,0.9473684210526315,0.3631578947368421,0.3,0.5,0.0,0.0,0.0,0.2631578947368421,0.5789473684210527,0.8421052631578947,0.9473684210526315,0,0,1.0,0.0,,,0
posthoc_primary_B2,B2,INCONGRUENT_CONTEXT,0.85,1,0.05,0.1,19,17,0.8947368421052632,0.4105263157894737,0.35,0.5999999999999996,0.0,0.0,0.0,0.2631578947368421,0.42105263157894735,0.7894736842105263,0.8947368421052632,2,0,1.0,0.0,,,0
posthoc_primary_B2,B2,CONGRUENT_CONTEXT,0.90,2,0.05,0.1,9,9,1.0,0.3055555555555556,0.3,0.4,0.0,0.0,0.0,0.4444444444444444,0.6666666666666666,1.0,1.0,0,0,1.0,0.0,,,0
posthoc_primary_B2,B2,INCONGRUENT_CONTEXT,0.90,0,0.05,0.1,19,18,0.9473684210526315,0.3631578947368421,0.3,0.5,0.0,0.0,0.0,0.2631578947368421,0.5789473684210527,0.8421052631578947,0.9473684210526315,0,0,1.0,0.0,,,0
posthoc_primary_B2,B2,INCONGRUENT_CONTEXT,0.90,1,0.05,0.1,19,17,0.8947368421052632,0.4105263157894737,0.35,0.5999999999999996,0.0,0.0,0.0,0.2631578947368421,0.42105263157894735,0.7894736842105263,0.8947368421052632,2,0,1.0,0.0,,,0
posthoc_primary_B2,B2,CONGRUENT_CONTEXT,0.95,2,0.05,0.1,9,9,1.0,0.3055555555555556,0.3,0.4,0.0,0.0,0.0,0.4444444444444444,0.6666666666666666,1.0,1.0,0,0,1.0,0.0,,,0
posthoc_primary_B2,B2,INCONGRUENT_CONTEXT,0.95,0,0.05,0.1,19,18,0.9473684210526315,0.3631578947368421,0.3,0.5,0.0,0.0,0.0,0.2631578947368421,0.5789473684210527,0.8421052631578947,0.9473684210526315,0,0,1.0,0.0,,,0
posthoc_primary_B2,B2,INCONGRUENT_CONTEXT,0.95,1,0.05,0.1,19,17,0.8947368421052632,0.4105263157894737,0.35,0.5999999999999996,0.0,0.0,0.0,0.2631578947368421,0.42105263157894735,0.7894736842105263,0.8947368421052632,2,0,1.0,0.0,,,0
posthoc_primary_B2,B2,CONGRUENT_CONTEXT,0.45,0,0.05,0.1,10,8,0.8,0.5,0.375,1.0,0.0050000000000000044,0.0,0.0,0.1,0.2,0.6,0.8,2,0,0.9,0.1,0.050000000000000044,0.050000000000000044,0
posthoc_primary_B2,B2,INCONGRUENT_CONTEXT,0.45,2,0.05,0.1,20,17,0.85,0.45999999999999996,0.35,1.0,0.0,0.0,0.0,0.1,0.35,0.65,0.85,2,0,1.0,0.0,,,0
posthoc_primary_B2,B2,CONGRUENT_CONTEXT,0.50,0,0.05,0.1,10,8,0.8,0.5,0.375,1.0,0.0050000000000000044,0.0,0.0,0.1,0.2,0.6,0.8,2,0,0.9,0.1,0.050000000000000044,0.050000000000000044,0
posthoc_primary_B2,B2,INCONGRUENT_CONTEXT,0.50,2,0.05,0.1,20,17,0.85,0.45999999999999996,0.35,1.0,0.0,0.0,0.0,0.1,0.35,0.65,0.85,2,0,1.0,0.0,,,0
posthoc_primary_B2,B2,CONGRUENT_CONTEXT,0.55,0,0.05,0.1,10,8,0.8,0.5,0.375,1.0,0.0050000000000000044,0.0,0.0,0.1,0.2,0.6,0.8,2,0,0.9,0.1,0.050000000000000044,0.050000000000000044,0
posthoc_primary_B2,B2,INCONGRUENT_CONTEXT,0.55,2,0.05,0.1,20,17,0.85,0.45999999999999996,0.35,1.0,0.0,0.0,0.0,0.1,0.35,0.65,0.85,2,0,1.0,0.0,,,0
posthoc_primary_B2,B2,CONGRUENT_CONTEXT,0.60,0,0.05,0.1,10,8,0.8,0.5,0.375,1.0,0.0050000000000000044,0.0,0.0,0.1,0.2,0.6,0.8,2,0,0.9,0.1,0.050000000000000044,0.050000000000000044,0
posthoc_primary_B2,B2,INCONGRUENT_CONTEXT,0.60,2,0.05,0.1,20,17,0.85,0.45999999999999996,0.35,1.0,0.0,0.0,0.0,0.1,0.35,0.65,0.85,2,0,1.0,0.0,,,0
posthoc_primary_B2,B2,CONGRUENT_CONTEXT,0.65,0,0.05,0.1,10,8,0.8,0.5,0.375,1.0,0.0050000000000000044,0.0,0.0,0.1,0.2,0.6,0.8,2,0,0.9,0.1,0.050000000000000044,0.050000000000000044,0
posthoc_primary_B2,B2,INCONGRUENT_CONTEXT,0.65,2,0.05,0.1,20,17,0.85,0.45999999999999996,0.35,1.0,0.0,0.0,0.0,0.1,0.35,0.65,0.85,2,0,1.0,0.0,,,0
posthoc_primary_B2,B2,CONGRUENT_CONTEXT,0.70,0,0.05,0.1,10,8,0.8,0.5,0.375,1.0,0.0050000000000000044,0.0,0.0,0.1,0.2,0.6,0.8,2,0,0.9,0.1,0.050000000000000044,0.050000000000000044,0
posthoc_primary_B2,B2,INCONGRUENT_CONTEXT,0.70,2,0.05,0.1,20,17,0.85,0.45999999999999996,0.35,1.0,0.0,0.0,0.0,0.1,0.35,0.65,0.85,2,0,1.0,0.0,,,0
posthoc_primary_B2,B2,CONGRUENT_CONTEXT,0.75,0,0.05,0.1,10,8,0.8,0.5,0.375,1.0,0.0050000000000000044,0.0,0.0,0.1,0.2,0.6,0.8,2,0,0.9,0.1,0.050000000000000044,0.050000000000000044,0
posthoc_primary_B2,B2,INCONGRUENT_CONTEXT,0.75,2,0.05,0.1,20,17,0.85,0.45999999999999996,0.35,1.0,0.0,0.0,0.0,0.1,0.35,0.65,0.85,2,0,1.0,0.0,,,0
posthoc_primary_B2,B2,CONGRUENT_CONTEXT,0.80,0,0.05,0.1,10,8,0.8,0.5,0.375,1.0,0.0050000000000000044,0.0,0.0,0.1,0.2,0.6,0.8,2,0,0.9,0.1,0.050000000000000044,0.050000000000000044,0
posthoc_primary_B2,B2,INCONGRUENT_CONTEXT,0.80,2,0.05,0.1,20,17,0.85,0.45999999999999996,0.35,1.0,0.0,0.0,0.0,0.1,0.35,0.65,0.85,2,0,1.0,0.0,,,0
posthoc_primary_B2,B2,CONGRUENT_CONTEXT,0.85,0,0.05,0.1,10,8,0.8,0.5,0.375,1.0,0.0050000000000000044,0.0,0.0,0.1,0.2,0.6,0.8,2,0,0.9,0.1,0.050000000000000044,0.050000000000000044,0
posthoc_primary_B2,B2,INCONGRUENT_CONTEXT,0.85,2,0.05,0.1,20,17,0.85,0.45999999999999996,0.35,1.0,0.0,0.0,0.0,0.1,0.35,0.65,0.85,2,0,1.0,0.0,,,0
posthoc_primary_B2,B2,CONGRUENT_CONTEXT,0.90,0,0.05,0.1,10,8,0.8,0.5,0.375,1.0,0.0050000000000000044,0.0,0.0,0.1,0.2,0.6,0.8,2,0,0.9,0.1,0.050000000000000044,0.050000000000000044,0
posthoc_primary_B2,B2,INCONGRUENT_CONTEXT,0.90,2,0.05,0.1,20,17,0.85,0.45999999999999996,0.35,1.0,0.0,0.0,0.0,0.1,0.35,0.65,0.85,2,0,1.0,0.0,,,0
posthoc_primary_B2,B2,CONGRUENT_CONTEXT,0.95,0,0.05,0.1,10,8,0.8,0.5,0.375,1.0,0.0050000000000000044,0.0,0.0,0.1,0.2,0.6,0.8,2,0,0.9,0.1,0.050000000000000044,0.050000000000000044,0
posthoc_primary_B2,B2,INCONGRUENT_CONTEXT,0.95,2,0.05,0.1,20,17,0.85,0.45999999999999996,0.35,1.0,0.0,0.0,0.0,0.1,0.35,0.65,0.85,2,0,1.0,0.0,,,0
posthoc_primary_B2,B2,CONGRUENT_CONTEXT,0.45,1,0.05,0.1,10,9,0.9,0.41500000000000004,0.32499999999999996,0.5499999999999998,0.0,0.0,0.0,0.1,0.5,0.7,0.9,0,0,1.0,0.0,,,0
posthoc_primary_B2,B2,CONGRUENT_CONTEXT,0.50,1,0.05,0.1,10,9,0.9,0.41500000000000004,0.32499999999999996,0.5499999999999998,0.0,0.0,0.0,0.1,0.5,0.7,0.9,0,0,1.0,0.0,,,0
posthoc_primary_B2,B2,CONGRUENT_CONTEXT,0.55,1,0.05,0.1,10,9,0.9,0.41500000000000004,0.32499999999999996,0.5499999999999998,0.0,0.0,0.0,0.1,0.5,0.7,0.9,0,0,1.0,0.0,,,0
posthoc_primary_B2,B2,CONGRUENT_CONTEXT,0.60,1,0.05,0.1,10,9,0.9,0.41500000000000004,0.32499999999999996,0.5499999999999998,0.0,0.0,0.0,0.1,0.5,0.7,0.9,0,0,1.0,0.0,,,0
posthoc_primary_B2,B2,CONGRUENT_CONTEXT,0.65,1,0.05,0.1,10,9,0.9,0.41500000000000004,0.32499999999999996,0.5499999999999998,0.0,0.0,0.0,0.1,0.5,0.7,0.9,0,0,1.0,0.0,,,0
posthoc_primary_B2,B2,CONGRUENT_CONTEXT,0.70,1,0.05,0.1,10,9,0.9,0.41500000000000004,0.32499999999999996,0.5499999999999998,0.0,0.0,0.0,0.1,0.5,0.7,0.9,0,0,1.0,0.0,,,0
posthoc_primary_B2,B2,CONGRUENT_CONTEXT,0.75,1,0.05,0.1,10,9,0.9,0.41500000000000004,0.32499999999999996,0.5499999999999998,0.0,0.0,0.0,0.1,0.5,0.7,0.9,0,0,1.0,0.0,,,0
posthoc_primary_B2,B2,CONGRUENT_CONTEXT,0.80,1,0.05,0.1,10,9,0.9,0.41500000000000004,0.32499999999999996,0.5499999999999998,0.0,0.0,0.0,0.1,0.5,0.7,0.9,0,0,1.0,0.0,,,0
posthoc_primary_B2,B2,CONGRUENT_CONTEXT,0.85,1,0.05,0.1,10,9,0.9,0.41500000000000004,0.32499999999999996,0.5499999999999998,0.0,0.0,0.0,0.1,0.5,0.7,0.9,0,0,1.0,0.0,,,0
posthoc_primary_B2,B2,CONGRUENT_CONTEXT,0.90,1,0.05,0.1,10,9,0.9,0.41500000000000004,0.32499999999999996,0.5499999999999998,0.0,0.0,0.0,0.1,0.5,0.7,0.9,0,0,1.0,0.0,,,0
posthoc_primary_B2,B2,CONGRUENT_CONTEXT,0.95,1,0.05,0.1,10,9,0.9,0.41500000000000004,0.32499999999999996,0.5499999999999998,0.0,0.0,0.0,0.1,0.5,0.7,0.9,0,0,1.0,0.0,,,0
posthoc_stress_S7,S7,EEG_ONLY,,,0.0,0.0,30,28,0.9333333333333333,0.4966666666666667,0.375,1.0,0.0,0.0,0.0,0.3,0.4666666666666667,0.6,0.6666666666666666,1,0,1.0,0.0,,,0
posthoc_stress_S7,S7,NEUTRAL_CONTEXT,neutral,,0.05,0.1,30,28,0.9333333333333333,0.4966666666666667,0.375,1.0,0.0,0.0,0.0,0.3,0.4666666666666667,0.6,0.6666666666666666,1,0,1.0,0.0,,,0
posthoc_stress_S7,S7,CONGRUENT_CONTEXT,0.45,1,0.05,0.1,10,10,1.0,0.41,0.3,0.82,0.0,0.0,0.0,0.4,0.7,0.8,0.8,0,0,1.0,0.0,,,0
posthoc_stress_S7,S7,INCONGRUENT_CONTEXT,0.45,0,0.05,0.1,20,18,0.9,0.495,0.32499999999999996,1.0,0.0,0.0,0.0,0.25,0.5,0.65,0.65,1,0,1.0,0.0,,,0
posthoc_stress_S7,S7,INCONGRUENT_CONTEXT,0.45,2,0.05,0.1,20,20,1.0,0.45499999999999996,0.3,1.0,0.0,0.0,0.0,0.4,0.55,0.65,0.75,0,0,1.0,0.0,,,0
posthoc_stress_S7,S7,CONGRUENT_CONTEXT,0.50,1,0.05,0.1,10,10,1.0,0.41,0.3,0.82,0.0,0.0,0.0,0.4,0.7,0.8,0.8,0,0,1.0,0.0,,,0
posthoc_stress_S7,S7,INCONGRUENT_CONTEXT,0.50,0,0.05,0.1,20,18,0.9,0.495,0.32499999999999996,1.0,0.0,0.0,0.0,0.25,0.5,0.65,0.65,1,0,1.0,0.0,,,0
posthoc_stress_S7,S7,INCONGRUENT_CONTEXT,0.50,2,0.05,0.1,20,20,1.0,0.45499999999999996,0.3,1.0,0.0,0.0,0.0,0.4,0.55,0.65,0.75,0,0,1.0,0.0,,,0
posthoc_stress_S7,S7,CONGRUENT_CONTEXT,0.55,1,0.05,0.1,10,10,1.0,0.41,0.3,0.82,0.0,0.0,0.0,0.4,0.7,0.8,0.8,0,0,1.0,0.0,,,0
posthoc_stress_S7,S7,INCONGRUENT_CONTEXT,0.55,0,0.05,0.1,20,18,0.9,0.495,0.32499999999999996,1.0,0.0,0.0,0.0,0.25,0.5,0.65,0.65,1,0,1.0,0.0,,,0
posthoc_stress_S7,S7,INCONGRUENT_CONTEXT,0.55,2,0.05,0.1,20,20,1.0,0.45499999999999996,0.3,1.0,0.0,0.0,0.0,0.4,0.55,0.65,0.75,0,0,1.0,0.0,,,0
posthoc_stress_S7,S7,CONGRUENT_CONTEXT,0.60,1,0.05,0.1,10,10,1.0,0.41,0.3,0.82,0.0,0.0,0.0,0.4,0.7,0.8,0.8,0,0,1.0,0.0,,,0
posthoc_stress_S7,S7,INCONGRUENT_CONTEXT,0.60,0,0.05,0.1,20,18,0.9,0.495,0.32499999999999996,1.0,0.0,0.0,0.0,0.25,0.5,0.65,0.65,1,0,1.0,0.0,,,0
posthoc_stress_S7,S7,INCONGRUENT_CONTEXT,0.60,2,0.05,0.1,20,19,0.95,0.4225,0.3,0.8200000000000003,0.0325,0.0,0.0,0.4,0.55,0.7,0.8,1,1,0.95,0.05,0.65,0.65,0
posthoc_stress_S7,S7,CONGRUENT_CONTEXT,0.65,1,0.05,0.1,10,10,1.0,0.41,0.3,0.82,0.0,0.0,0.0,0.4,0.7,0.8,0.8,0,0,1.0,0.0,,,0
posthoc_stress_S7,S7,INCONGRUENT_CONTEXT,0.65,0,0.05,0.1,20,17,0.85,0.4625,0.32499999999999996,1.0,0.0325,0.0,0.0,0.25,0.5,0.7,0.7,2,1,0.95,0.05,0.65,0.65,0
posthoc_stress_S7,S7,INCONGRUENT_CONTEXT,0.65,2,0.05,0.1,20,19,0.95,0.4225,0.3,0.8200000000000003,0.0325,0.0,0.0,0.4,0.55,0.7,0.8,1,1,0.95,0.05,0.65,0.65,0
posthoc_stress_S7,S7,CONGRUENT_CONTEXT,0.70,1,0.05,0.1,10,10,1.0,0.41,0.3,0.82,0.0,0.0,0.0,0.4,0.7,0.8,0.8,0,0,1.0,0.0,,,0
posthoc_stress_S7,S7,INCONGRUENT_CONTEXT,0.70,0,0.05,0.1,20,17,0.85,0.4625,0.32499999999999996,1.0,0.0325,0.0,0.0,0.25,0.5,0.7,0.7,2,1,0.95,0.05,0.65,0.65,0
posthoc_stress_S7,S7,INCONGRUENT_CONTEXT,0.70,2,0.05,0.1,20,19,0.95,0.4225,0.3,0.8200000000000003,0.0325,0.0,0.0,0.4,0.55,0.7,0.8,1,1,0.95,0.05,0.65,0.65,0
posthoc_stress_S7,S7,CONGRUENT_CONTEXT,0.75,1,0.05,0.1,10,10,1.0,0.41,0.3,0.82,0.0,0.0,0.0,0.4,0.7,0.8,0.8,0,0,1.0,0.0,,,0
posthoc_stress_S7,S7,INCONGRUENT_CONTEXT,0.75,0,0.05,0.1,20,17,0.85,0.4625,0.32499999999999996,1.0,0.0325,0.0,0.0,0.25,0.5,0.7,0.7,2,1,0.95,0.05,0.65,0.65,0
posthoc_stress_S7,S7,INCONGRUENT_CONTEXT,0.75,2,0.05,0.1,20,19,0.95,0.4225,0.3,0.8200000000000003,0.0325,0.0,0.0,0.4,0.55,0.7,0.8,1,1,0.95,0.05,0.65,0.65,0
posthoc_stress_S7,S7,CONGRUENT_CONTEXT,0.80,1,0.05,0.1,10,10,1.0,0.41,0.3,0.82,0.0,0.0,0.0,0.4,0.7,0.8,0.8,0,0,1.0,0.0,,,0
posthoc_stress_S7,S7,INCONGRUENT_CONTEXT,0.80,0,0.05,0.1,20,17,0.85,0.4625,0.32499999999999996,1.0,0.0325,0.0,0.0,0.25,0.5,0.7,0.7,2,1,0.95,0.05,0.65,0.65,0
posthoc_stress_S7,S7,INCONGRUENT_CONTEXT,0.80,2,0.05,0.1,20,19,0.95,0.4225,0.3,0.8200000000000003,0.0325,0.0,0.0,0.4,0.55,0.7,0.8,1,1,0.95,0.05,0.65,0.65,0
posthoc_stress_S7,S7,CONGRUENT_CONTEXT,0.85,1,0.05,0.1,10,10,1.0,0.41,0.3,0.82,0.0,0.0,0.0,0.4,0.7,0.8,0.8,0,0,1.0,0.0,,,0
posthoc_stress_S7,S7,INCONGRUENT_CONTEXT,0.85,0,0.05,0.1,20,17,0.85,0.4625,0.32499999999999996,1.0,0.0325,0.0,0.0,0.25,0.5,0.7,0.7,2,1,0.95,0.05,0.65,0.65,0
posthoc_stress_S7,S7,INCONGRUENT_CONTEXT,0.85,2,0.05,0.1,20,19,0.95,0.4225,0.3,0.8200000000000003,0.0325,0.0,0.0,0.4,0.55,0.7,0.8,1,1,0.95,0.05,0.65,0.65,0
posthoc_stress_S7,S7,CONGRUENT_CONTEXT,0.90,1,0.05,0.1,10,10,1.0,0.41,0.3,0.82,0.0,0.0,0.0,0.4,0.7,0.8,0.8,0,0,1.0,0.0,,,0
posthoc_stress_S7,S7,INCONGRUENT_CONTEXT,0.90,0,0.05,0.1,20,17,0.85,0.4625,0.32499999999999996,1.0,0.0325,0.0,0.0,0.25,0.5,0.7,0.7,2,1,0.95,0.05,0.65,0.65,0
posthoc_stress_S7,S7,INCONGRUENT_CONTEXT,0.90,2,0.05,0.1,20,19,0.95,0.4225,0.3,0.8200000000000003,0.0325,0.0,0.0,0.4,0.55,0.7,0.8,1,1,0.95,0.05,0.65,0.65,0
posthoc_stress_S7,S7,CONGRUENT_CONTEXT,0.95,1,0.05,0.1,10,10,1.0,0.41,0.3,0.82,0.0,0.0,0.0,0.4,0.7,0.8,0.8,0,0,1.0,0.0,,,0
posthoc_stress_S7,S7,INCONGRUENT_CONTEXT,0.95,0,0.05,0.1,20,17,0.85,0.4625,0.32499999999999996,1.0,0.0325,0.0,0.0,0.25,0.5,0.7,0.7,2,1,0.95,0.05,0.65,0.65,0
posthoc_stress_S7,S7,INCONGRUENT_CONTEXT,0.95,2,0.05,0.1,20,19,0.95,0.4225,0.3,0.8200000000000003,0.0325,0.0,0.0,0.4,0.55,0.7,0.8,1,1,0.95,0.05,0.65,0.65,0
posthoc_stress_S7,S7,CONGRUENT_CONTEXT,0.45,2,0.05,0.1,10,8,0.8,0.58,0.5,1.0,0.0,0.0,0.0,0.1,0.3,0.5,0.5,1,0,1.0,0.0,,,0
posthoc_stress_S7,S7,INCONGRUENT_CONTEXT,0.45,1,0.05,0.1,20,18,0.9,0.54,0.45,1.0,0.0,0.0,0.0,0.25,0.35,0.5,0.6,1,0,1.0,0.0,,,0
posthoc_stress_S7,S7,CONGRUENT_CONTEXT,0.50,2,0.05,0.1,10,8,0.8,0.58,0.5,1.0,0.0,0.0,0.0,0.1,0.3,0.5,0.5,1,0,1.0,0.0,,,0
posthoc_stress_S7,S7,INCONGRUENT_CONTEXT,0.50,1,0.05,0.1,20,18,0.9,0.54,0.45,1.0,0.0,0.0,0.0,0.25,0.35,0.5,0.6,1,0,1.0,0.0,,,0
posthoc_stress_S7,S7,CONGRUENT_CONTEXT,0.55,2,0.05,0.1,10,8,0.8,0.58,0.5,1.0,0.0,0.0,0.0,0.1,0.3,0.5,0.5,1,0,1.0,0.0,,,0
posthoc_stress_S7,S7,INCONGRUENT_CONTEXT,0.55,1,0.05,0.1,20,18,0.9,0.54,0.45,1.0,0.0,0.0,0.0,0.25,0.35,0.5,0.6,1,0,1.0,0.0,,,0
posthoc_stress_S7,S7,CONGRUENT_CONTEXT,0.60,2,0.05,0.1,10,8,0.8,0.53,0.45,1.0,0.05,0.0,0.0,0.1,0.3,0.5,0.6,1,0,0.9,0.1,0.5,0.5,0
posthoc_stress_S7,S7,INCONGRUENT_CONTEXT,0.60,1,0.05,0.1,20,18,0.9,0.54,0.45,1.0,0.0,0.0,0.0,0.25,0.35,0.5,0.6,1,0,1.0,0.0,,,0
posthoc_stress_S7,S7,CONGRUENT_CONTEXT,0.65,2,0.05,0.1,10,8,0.8,0.53,0.45,1.0,0.05,0.0,0.0,0.1,0.3,0.5,0.6,1,0,0.9,0.1,0.5,0.5,0
posthoc_stress_S7,S7,INCONGRUENT_CONTEXT,0.65,1,0.05,0.1,20,18,0.9,0.54,0.45,1.0,0.0,0.0,0.0,0.25,0.35,0.5,0.6,1,0,1.0,0.0,,,0
posthoc_stress_S7,S7,CONGRUENT_CONTEXT,0.70,2,0.05,0.1,10,8,0.8,0.53,0.45,1.0,0.05,0.0,0.0,0.1,0.3,0.5,0.6,1,0,0.9,0.1,0.5,0.5,0
posthoc_stress_S7,S7,INCONGRUENT_CONTEXT,0.70,1,0.05,0.1,20,18,0.9,0.54,0.45,1.0,0.0,0.0,0.0,0.25,0.35,0.5,0.6,1,0,1.0,0.0,,,0
posthoc_stress_S7,S7,CONGRUENT_CONTEXT,0.75,2,0.05,0.1,10,8,0.8,0.53,0.45,1.0,0.05,0.0,0.0,0.1,0.3,0.5,0.6,1,0,0.9,0.1,0.5,0.5,0
posthoc_stress_S7,S7,INCONGRUENT_CONTEXT,0.75,1,0.05,0.1,20,18,0.9,0.54,0.45,1.0,0.0,0.0,0.0,0.25,0.35,0.5,0.6,1,0,1.0,0.0,,,0
posthoc_stress_S7,S7,CONGRUENT_CONTEXT,0.80,2,0.05,0.1,10,8,0.8,0.53,0.45,1.0,0.05,0.0,0.0,0.1,0.3,0.5,0.6,1,0,0.9,0.1,0.5,0.5,0
posthoc_stress_S7,S7,INCONGRUENT_CONTEXT,0.80,1,0.05,0.1,20,18,0.9,0.54,0.45,1.0,0.0,0.0,0.0,0.25,0.35,0.5,0.6,1,0,1.0,0.0,,,0
posthoc_stress_S7,S7,CONGRUENT_CONTEXT,0.85,2,0.05,0.1,10,8,0.8,0.53,0.45,1.0,0.05,0.0,0.0,0.1,0.3,0.5,0.6,1,0,0.9,0.1,0.5,0.5,0
posthoc_stress_S7,S7,INCONGRUENT_CONTEXT,0.85,1,0.05,0.1,20,18,0.9,0.54,0.45,1.0,0.0,0.0,0.0,0.25,0.35,0.5,0.6,1,0,1.0,0.0,,,0
posthoc_stress_S7,S7,CONGRUENT_CONTEXT,0.90,2,0.05,0.1,10,8,0.8,0.53,0.45,1.0,0.05,0.0,0.0,0.1,0.3,0.5,0.6,1,0,0.9,0.1,0.5,0.5,0
posthoc_stress_S7,S7,INCONGRUENT_CONTEXT,0.90,1,0.05,0.1,20,18,0.9,0.54,0.45,1.0,0.0,0.0,0.0,0.25,0.35,0.5,0.6,1,0,1.0,0.0,,,0
posthoc_stress_S7,S7,CONGRUENT_CONTEXT,0.95,2,0.05,0.1,10,8,0.8,0.53,0.45,1.0,0.05,0.0,0.0,0.1,0.3,0.5,0.6,1,0,0.9,0.1,0.5,0.5,0
posthoc_stress_S7,S7,INCONGRUENT_CONTEXT,0.95,1,0.05,0.1,20,18,0.9,0.54,0.45,1.0,0.0,0.0,0.0,0.25,0.35,0.5,0.6,1,0,1.0,0.0,,,0
posthoc_stress_S7,S7,CONGRUENT_CONTEXT,0.45,0,0.05,0.1,10,10,1.0,0.5,0.45,1.0,0.0,0.0,0.0,0.4,0.4,0.5,0.7,0,0,1.0,0.0,,,0
posthoc_stress_S7,S7,CONGRUENT_CONTEXT,0.50,0,0.05,0.1,10,10,1.0,0.5,0.45,1.0,0.0,0.0,0.0,0.4,0.4,0.5,0.7,0,0,1.0,0.0,,,0
posthoc_stress_S7,S7,CONGRUENT_CONTEXT,0.55,0,0.05,0.1,10,10,1.0,0.5,0.45,1.0,0.0,0.0,0.0,0.4,0.4,0.5,0.7,0,0,1.0,0.0,,,0
posthoc_stress_S7,S7,CONGRUENT_CONTEXT,0.60,0,0.05,0.1,10,10,1.0,0.5,0.45,1.0,0.0,0.0,0.0,0.4,0.4,0.5,0.7,0,0,1.0,0.0,,,0
posthoc_stress_S7,S7,CONGRUENT_CONTEXT,0.65,0,0.05,0.1,10,10,1.0,0.5,0.45,1.0,0.0,0.0,0.0,0.4,0.4,0.5,0.7,0,0,1.0,0.0,,,0
posthoc_stress_S7,S7,CONGRUENT_CONTEXT,0.70,0,0.05,0.1,10,10,1.0,0.5,0.45,1.0,0.0,0.0,0.0,0.4,0.4,0.5,0.7,0,0,1.0,0.0,,,0
posthoc_stress_S7,S7,CONGRUENT_CONTEXT,0.75,0,0.05,0.1,10,10,1.0,0.425,0.375,0.6399999999999998,0.075,0.0,0.0,0.4,0.4,0.7,0.8,0,0,0.8,0.2,0.375,0.375,0
posthoc_stress_S7,S7,CONGRUENT_CONTEXT,0.80,0,0.05,0.1,10,10,1.0,0.425,0.375,0.6399999999999998,0.075,0.0,0.0,0.4,0.4,0.7,0.8,0,0,0.8,0.2,0.375,0.375,0
posthoc_stress_S7,S7,CONGRUENT_CONTEXT,0.85,0,0.05,0.1,10,10,1.0,0.425,0.375,0.6399999999999998,0.075,0.0,0.0,0.4,0.4,0.7,0.8,0,0,0.8,0.2,0.375,0.375,0
posthoc_stress_S7,S7,CONGRUENT_CONTEXT,0.90,0,0.05,0.1,10,10,1.0,0.425,0.375,0.6399999999999998,0.075,0.0,0.0,0.4,0.4,0.7,0.8,0,0,0.8,0.2,0.375,0.375,0
posthoc_stress_S7,S7,CONGRUENT_CONTEXT,0.95,0,0.05,0.1,10,10,1.0,0.425,0.375,0.6399999999999998,0.075,0.0,0.0,0.4,0.4,0.7,0.8,0,0,0.8,0.2,0.375,0.375,0
development_A_B1,A,EEG_ONLY,,,0.0,0.0,30,29,0.9666666666666667,0.5950000000000001,0.5,1.0,0.0,0.0,0.0,0.16666666666666666,0.23333333333333334,0.5,0.5,1,0,1.0,0.0,,,0
development_A_B1,A,NEUTRAL_CONTEXT,neutral,,0.05,0.1,30,29,0.9666666666666667,0.5950000000000001,0.5,1.0,0.0,0.0,0.0,0.16666666666666666,0.23333333333333334,0.5,0.5,1,0,1.0,0.0,,,0
development_A_B1,A,CONGRUENT_CONTEXT,0.45,2,0.05,0.1,10,10,1.0,0.645,0.7,1.0,0.0,0.0,0.0,0.1,0.2,0.4,0.4,0,0,1.0,0.0,,,0
development_A_B1,A,INCONGRUENT_CONTEXT,0.45,0,0.05,0.1,20,19,0.95,0.62,0.7,1.0,0.0,0.0,0.0,0.1,0.15,0.45,0.45,1,0,1.0,0.0,,,0
development_A_B1,A,INCONGRUENT_CONTEXT,0.45,1,0.05,0.1,20,20,1.0,0.595,0.5,1.0,0.0,0.0,0.0,0.2,0.3,0.5,0.5,0,0,1.0,0.0,,,0
development_A_B1,A,CONGRUENT_CONTEXT,0.50,2,0.05,0.1,10,10,1.0,0.645,0.7,1.0,0.0,0.0,0.0,0.1,0.2,0.4,0.4,0,0,1.0,0.0,,,0
development_A_B1,A,INCONGRUENT_CONTEXT,0.50,0,0.05,0.1,20,19,0.95,0.62,0.7,1.0,0.0,0.0,0.0,0.1,0.15,0.45,0.45,1,0,1.0,0.0,,,0
development_A_B1,A,INCONGRUENT_CONTEXT,0.50,1,0.05,0.1,20,20,1.0,0.595,0.5,1.0,0.0,0.0,0.0,0.2,0.3,0.5,0.5,0,0,1.0,0.0,,,0
development_A_B1,A,CONGRUENT_CONTEXT,0.55,2,0.05,0.1,10,10,1.0,0.645,0.7,1.0,0.0,0.0,0.0,0.1,0.2,0.4,0.4,0,0,1.0,0.0,,,0
development_A_B1,A,INCONGRUENT_CONTEXT,0.55,0,0.05,0.1,20,19,0.95,0.62,0.7,1.0,0.0,0.0,0.0,0.1,0.15,0.45,0.45,1,0,1.0,0.0,,,0
development_A_B1,A,INCONGRUENT_CONTEXT,0.55,1,0.05,0.1,20,20,1.0,0.595,0.5,1.0,0.0,0.0,0.0,0.2,0.3,0.5,0.5,0,0,1.0,0.0,,,0
development_A_B1,A,CONGRUENT_CONTEXT,0.60,2,0.05,0.1,10,10,1.0,0.645,0.7,1.0,0.0,0.0,0.0,0.1,0.2,0.4,0.4,0,0,1.0,0.0,,,0
development_A_B1,A,INCONGRUENT_CONTEXT,0.60,0,0.05,0.1,20,19,0.95,0.62,0.7,1.0,0.0,0.0,0.0,0.1,0.15,0.45,0.45,1,0,1.0,0.0,,,0
development_A_B1,A,INCONGRUENT_CONTEXT,0.60,1,0.05,0.1,20,20,1.0,0.595,0.5,1.0,0.0,0.0,0.0,0.2,0.3,0.5,0.5,0,0,1.0,0.0,,,0
development_A_B1,A,CONGRUENT_CONTEXT,0.65,2,0.05,0.1,10,10,1.0,0.645,0.7,1.0,0.0,0.0,0.0,0.1,0.2,0.4,0.4,0,0,1.0,0.0,,,0
development_A_B1,A,INCONGRUENT_CONTEXT,0.65,0,0.05,0.1,20,19,0.95,0.62,0.7,1.0,0.0,0.0,0.0,0.1,0.15,0.45,0.45,1,0,1.0,0.0,,,0
development_A_B1,A,INCONGRUENT_CONTEXT,0.65,1,0.05,0.1,20,20,1.0,0.595,0.5,1.0,0.0,0.0,0.0,0.2,0.3,0.5,0.5,0,0,1.0,0.0,,,0
development_A_B1,A,CONGRUENT_CONTEXT,0.70,2,0.05,0.1,10,10,1.0,0.645,0.7,1.0,0.0,0.0,0.0,0.1,0.2,0.4,0.4,0,0,1.0,0.0,,,0
development_A_B1,A,INCONGRUENT_CONTEXT,0.70,0,0.05,0.1,20,19,0.95,0.62,0.7,1.0,0.0,0.0,0.0,0.1,0.15,0.45,0.45,1,0,1.0,0.0,,,0
development_A_B1,A,INCONGRUENT_CONTEXT,0.70,1,0.05,0.1,20,20,1.0,0.595,0.5,1.0,0.0,0.0,0.0,0.2,0.3,0.5,0.5,0,0,1.0,0.0,,,0
development_A_B1,A,CONGRUENT_CONTEXT,0.75,2,0.05,0.1,10,10,1.0,0.645,0.7,1.0,0.0,0.0,0.0,0.1,0.2,0.4,0.4,0,0,1.0,0.0,,,0
development_A_B1,A,INCONGRUENT_CONTEXT,0.75,0,0.05,0.1,20,19,0.95,0.62,0.7,1.0,0.0,0.0,0.0,0.1,0.15,0.45,0.45,1,0,1.0,0.0,,,0
development_A_B1,A,INCONGRUENT_CONTEXT,0.75,1,0.05,0.1,20,20,1.0,0.595,0.5,1.0,0.0,0.0,0.0,0.2,0.3,0.5,0.5,0,0,1.0,0.0,,,0
development_A_B1,A,CONGRUENT_CONTEXT,0.80,2,0.05,0.1,10,10,1.0,0.645,0.7,1.0,0.0,0.0,0.0,0.1,0.2,0.4,0.4,0,0,1.0,0.0,,,0
development_A_B1,A,INCONGRUENT_CONTEXT,0.80,0,0.05,0.1,20,19,0.95,0.62,0.7,1.0,0.0,0.0,0.0,0.1,0.15,0.45,0.45,1,0,1.0,0.0,,,0
development_A_B1,A,INCONGRUENT_CONTEXT,0.80,1,0.05,0.1,20,20,1.0,0.595,0.5,1.0,0.0,0.0,0.0,0.2,0.3,0.5,0.5,0,0,1.0,0.0,,,0
development_A_B1,A,CONGRUENT_CONTEXT,0.85,2,0.05,0.1,10,10,1.0,0.645,0.7,1.0,0.0,0.0,0.0,0.1,0.2,0.4,0.4,0,0,1.0,0.0,,,0
development_A_B1,A,INCONGRUENT_CONTEXT,0.85,0,0.05,0.1,20,19,0.95,0.62,0.7,1.0,0.0,0.0,0.0,0.1,0.15,0.45,0.45,1,0,1.0,0.0,,,0
development_A_B1,A,INCONGRUENT_CONTEXT,0.85,1,0.05,0.1,20,20,1.0,0.595,0.5,1.0,0.0,0.0,0.0,0.2,0.3,0.5,0.5,0,0,1.0,0.0,,,0
development_A_B1,A,CONGRUENT_CONTEXT,0.90,2,0.05,0.1,10,10,1.0,0.645,0.7,1.0,0.0,0.0,0.0,0.1,0.2,0.4,0.4,0,0,1.0,0.0,,,0
development_A_B1,A,INCONGRUENT_CONTEXT,0.90,0,0.05,0.1,20,19,0.95,0.62,0.7,1.0,0.0,0.0,0.0,0.1,0.15,0.45,0.45,1,0,1.0,0.0,,,0
development_A_B1,A,INCONGRUENT_CONTEXT,0.90,1,0.05,0.1,20,20,1.0,0.595,0.5,1.0,0.0,0.0,0.0,0.2,0.3,0.5,0.5,0,0,1.0,0.0,,,0
development_A_B1,A,CONGRUENT_CONTEXT,0.95,2,0.05,0.1,10,10,1.0,0.645,0.7,1.0,0.0,0.0,0.0,0.1,0.2,0.4,0.4,0,0,1.0,0.0,,,0
development_A_B1,A,INCONGRUENT_CONTEXT,0.95,0,0.05,0.1,20,19,0.95,0.62,0.7,1.0,0.0,0.0,0.0,0.1,0.15,0.45,0.45,1,0,1.0,0.0,,,0
development_A_B1,A,INCONGRUENT_CONTEXT,0.95,1,0.05,0.1,20,20,1.0,0.595,0.5,1.0,0.0,0.0,0.0,0.2,0.3,0.5,0.5,0,0,1.0,0.0,,,0
development_A_B1,A,CONGRUENT_CONTEXT,0.45,1,0.05,0.1,10,9,0.9,0.5650000000000001,0.45,0.82,0.030000000000000006,0.0,0.0,0.1,0.1,0.5,0.6,1,0,0.9,0.1,0.30000000000000004,0.30000000000000004,0
development_A_B1,A,INCONGRUENT_CONTEXT,0.45,2,0.05,0.1,20,19,0.95,0.5700000000000001,0.4,1.0,0.0,0.0,0.0,0.2,0.25,0.55,0.55,1,0,1.0,0.0,,,0
development_A_B1,A,CONGRUENT_CONTEXT,0.50,1,0.05,0.1,10,9,0.9,0.5650000000000001,0.45,0.82,0.030000000000000006,0.0,0.0,0.1,0.1,0.5,0.6,1,0,0.9,0.1,0.30000000000000004,0.30000000000000004,0
development_A_B1,A,INCONGRUENT_CONTEXT,0.50,2,0.05,0.1,20,19,0.95,0.5700000000000001,0.4,1.0,0.0,0.0,0.0,0.2,0.25,0.55,0.55,1,0,1.0,0.0,,,0
development_A_B1,A,CONGRUENT_CONTEXT,0.55,1,0.05,0.1,10,9,0.9,0.5650000000000001,0.45,0.82,0.030000000000000006,0.0,0.0,0.1,0.1,0.5,0.6,1,0,0.9,0.1,0.30000000000000004,0.30000000000000004,0
development_A_B1,A,INCONGRUENT_CONTEXT,0.55,2,0.05,0.1,20,19,0.95,0.5700000000000001,0.4,1.0,0.0,0.0,0.0,0.2,0.25,0.55,0.55,1,0,1.0,0.0,,,0
development_A_B1,A,CONGRUENT_CONTEXT,0.60,1,0.05,0.1,10,9,0.9,0.5650000000000001,0.45,0.82,0.030000000000000006,0.0,0.0,0.1,0.1,0.5,0.6,1,0,0.9,0.1,0.30000000000000004,0.30000000000000004,0
development_A_B1,A,INCONGRUENT_CONTEXT,0.60,2,0.05,0.1,20,19,0.95,0.5700000000000001,0.4,1.0,0.0,0.0,0.0,0.2,0.25,0.55,0.55,1,0,1.0,0.0,,,0
development_A_B1,A,CONGRUENT_CONTEXT,0.65,1,0.05,0.1,10,9,0.9,0.5650000000000001,0.45,0.82,0.030000000000000006,0.0,0.0,0.1,0.1,0.5,0.6,1,0,0.9,0.1,0.30000000000000004,0.30000000000000004,0
development_A_B1,A,INCONGRUENT_CONTEXT,0.65,2,0.05,0.1,20,19,0.95,0.5700000000000001,0.4,1.0,0.0,0.0,0.0,0.2,0.25,0.55,0.55,1,0,1.0,0.0,,,0
development_A_B1,A,CONGRUENT_CONTEXT,0.70,1,0.05,0.1,10,9,0.9,0.5599999999999999,0.45,0.82,0.03500000000000001,0.0,0.0,0.1,0.1,0.5,0.6,1,0,0.8,0.2,0.17500000000000004,0.17500000000000004,0
development_A_B1,A,INCONGRUENT_CONTEXT,0.70,2,0.05,0.1,20,19,0.95,0.5700000000000001,0.4,1.0,0.0,0.0,0.0,0.2,0.25,0.55,0.55,1,0,1.0,0.0,,,0
development_A_B1,A,CONGRUENT_CONTEXT,0.75,1,0.05,0.1,10,9,0.9,0.5599999999999999,0.45,0.82,0.03500000000000001,0.0,0.0,0.1,0.1,0.5,0.6,1,0,0.8,0.2,0.17500000000000004,0.17500000000000004,0
development_A_B1,A,INCONGRUENT_CONTEXT,0.75,2,0.05,0.1,20,19,0.95,0.5700000000000001,0.4,1.0,0.0,0.0,0.0,0.2,0.25,0.55,0.55,1,0,1.0,0.0,,,0
development_A_B1,A,CONGRUENT_CONTEXT,0.80,1,0.05,0.1,10,9,0.9,0.5599999999999999,0.45,0.82,0.03500000000000001,0.0,0.0,0.1,0.1,0.5,0.6,1,0,0.8,0.2,0.17500000000000004,0.17500000000000004,0
development_A_B1,A,INCONGRUENT_CONTEXT,0.80,2,0.05,0.1,20,19,0.95,0.5700000000000001,0.4,1.0,0.0,0.0,0.0,0.2,0.25,0.55,0.55,1,0,1.0,0.0,,,0
development_A_B1,A,CONGRUENT_CONTEXT,0.85,1,0.05,0.1,10,9,0.9,0.5599999999999999,0.45,0.82,0.03500000000000001,0.0,0.0,0.1,0.1,0.5,0.6,1,0,0.8,0.2,0.17500000000000004,0.17500000000000004,0
development_A_B1,A,INCONGRUENT_CONTEXT,0.85,2,0.05,0.1,20,19,0.95,0.5700000000000001,0.4,1.0,0.0,0.0,0.0,0.2,0.25,0.55,0.55,1,0,1.0,0.0,,,0
development_A_B1,A,CONGRUENT_CONTEXT,0.90,1,0.05,0.1,10,9,0.9,0.5599999999999999,0.45,0.82,0.03500000000000001,0.0,0.0,0.1,0.1,0.5,0.6,1,0,0.8,0.2,0.17500000000000004,0.17500000000000004,0
development_A_B1,A,INCONGRUENT_CONTEXT,0.90,2,0.05,0.1,20,19,0.95,0.5700000000000001,0.4,1.0,0.0,0.0,0.0,0.2,0.25,0.55,0.55,1,0,1.0,0.0,,,0
development_A_B1,A,CONGRUENT_CONTEXT,0.95,1,0.05,0.1,10,9,0.9,0.5599999999999999,0.45,0.82,0.03500000000000001,0.0,0.0,0.1,0.1,0.5,0.6,1,0,0.8,0.2,0.17500000000000004,0.17500000000000004,0
development_A_B1,A,INCONGRUENT_CONTEXT,0.95,2,0.05,0.1,20,19,0.95,0.5700000000000001,0.4,1.0,0.0,0.0,0.0,0.2,0.25,0.55,0.55,1,0,1.0,0.0,,,0
development_A_B1,A,CONGRUENT_CONTEXT,0.45,0,0.05,0.1,10,10,1.0,0.545,0.4,1.0,0.0,0.0,0.0,0.3,0.4,0.6,0.6,0,0,1.0,0.0,,,0
development_A_B1,A,CONGRUENT_CONTEXT,0.50,0,0.05,0.1,10,10,1.0,0.545,0.4,1.0,0.0,0.0,0.0,0.3,0.4,0.6,0.6,0,0,1.0,0.0,,,0
development_A_B1,A,CONGRUENT_CONTEXT,0.55,0,0.05,0.1,10,10,1.0,0.545,0.4,1.0,0.0,0.0,0.0,0.3,0.4,0.6,0.6,0,0,1.0,0.0,,,0
development_A_B1,A,CONGRUENT_CONTEXT,0.60,0,0.05,0.1,10,10,1.0,0.545,0.4,1.0,0.0,0.0,0.0,0.3,0.4,0.6,0.6,0,0,1.0,0.0,,,0
development_A_B1,A,CONGRUENT_CONTEXT,0.65,0,0.05,0.1,10,10,1.0,0.545,0.4,1.0,0.0,0.0,0.0,0.3,0.4,0.6,0.6,0,0,1.0,0.0,,,0
development_A_B1,A,CONGRUENT_CONTEXT,0.70,0,0.05,0.1,10,10,1.0,0.545,0.4,1.0,0.0,0.0,0.0,0.3,0.4,0.6,0.6,0,0,1.0,0.0,,,0
development_A_B1,A,CONGRUENT_CONTEXT,0.75,0,0.05,0.1,10,10,1.0,0.545,0.4,1.0,0.0,0.0,0.0,0.3,0.4,0.6,0.6,0,0,1.0,0.0,,,0
development_A_B1,A,CONGRUENT_CONTEXT,0.80,0,0.05,0.1,10,10,1.0,0.545,0.4,1.0,0.0,0.0,0.0,0.3,0.4,0.6,0.6,0,0,1.0,0.0,,,0
development_A_B1,A,CONGRUENT_CONTEXT,0.85,0,0.05,0.1,10,10,1.0,0.545,0.4,1.0,0.0,0.0,0.0,0.3,0.4,0.6,0.6,0,0,1.0,0.0,,,0
development_A_B1,A,CONGRUENT_CONTEXT,0.90,0,0.05,0.1,10,10,1.0,0.545,0.4,1.0,0.0,0.0,0.0,0.3,0.4,0.6,0.6,0,0,1.0,0.0,,,0
development_A_B1,A,CONGRUENT_CONTEXT,0.95,0,0.05,0.1,10,10,1.0,0.545,0.4,1.0,0.0,0.0,0.0,0.3,0.4,0.6,0.6,0,0,1.0,0.0,,,0
