sessionKey,guardSeconds,evidenceSeconds,nominalOnsetRelativeDecisionSeconds,n,correct,accuracy,balancedAccuracy,perClassAccuracyBySlot,meanDynamicEvidenceSeconds
A,0.0,0.2,0.2,30,7,0.23333333333333334,0.2333333333333333,"[0.2,0.3,0.2]",
A,0.0,0.25,0.25,30,6,0.2,0.20000000000000004,"[0.2,0.2,0.2]",
A,0.0,0.3,0.3,30,9,0.3,0.3,"[0.4,0.3,0.2]",
A,0.0,0.35,0.35,30,9,0.3,0.3,"[0.5,0.3,0.1]",
A,0.0,0.4,0.4,30,10,0.3333333333333333,0.3333333333333333,"[0.6,0.4,0.0]",
A,0.0,0.5,0.5,30,12,0.4,0.4000000000000001,"[0.8,0.2,0.2]",
A,0.0,0.6,0.6,30,13,0.43333333333333335,0.43333333333333335,"[0.6,0.5,0.2]",
A,0.0,0.8,0.8,30,20,0.6666666666666666,0.6666666666666666,"[0.9,0.6,0.5]",
A,0.0,1.0,1.0,30,22,0.7333333333333333,0.7333333333333334,"[0.8,0.7,0.7]",
A,0.0,dynamic_E200_M175_S2,"guard + evidence, reported separately",30,15,0.5,,,0.6416666666666667
A,0.1,0.2,0.30000000000000004,30,15,0.5,0.5,"[0.5,0.4,0.6]",
A,0.1,0.25,0.35,30,12,0.4,0.39999999999999997,"[0.5,0.3,0.4]",
A,0.1,0.3,0.4,30,10,0.3333333333333333,0.3333333333333333,"[0.6,0.2,0.2]",
A,0.1,0.35,0.44999999999999996,30,9,0.3,0.3,"[0.5,0.1,0.3]",
A,0.1,0.4,0.5,30,12,0.4,0.39999999999999997,"[0.9,0.1,0.2]",
A,0.1,0.5,0.6,30,14,0.4666666666666667,0.4666666666666666,"[0.8,0.3,0.3]",
A,0.1,0.6,0.7,30,15,0.5,0.5,"[0.9,0.4,0.2]",
A,0.1,0.8,0.9,30,20,0.6666666666666666,0.6666666666666666,"[0.9,0.6,0.5]",
A,0.1,1.0,1.1,30,25,0.8333333333333334,0.8333333333333334,"[1.0,0.7,0.8]",
A,0.1,dynamic_E200_M175_S2,"guard + evidence, reported separately",30,20,0.6666666666666666,,,0.6716666666666666
A,0.3,0.2,0.5,30,14,0.4666666666666667,0.4666666666666666,"[0.7,0.1,0.6]",
A,0.3,0.25,0.55,30,10,0.3333333333333333,0.3333333333333333,"[0.4,0.2,0.4]",
A,0.3,0.3,0.6,30,12,0.4,0.39999999999999997,"[0.6,0.2,0.4]",
A,0.3,0.35,0.6499999999999999,30,16,0.5333333333333333,0.5333333333333333,"[0.9,0.2,0.5]",
A,0.3,0.4,0.7,30,18,0.6,0.6,"[0.8,0.4,0.6]",
A,0.3,0.5,0.8,30,21,0.7,0.7000000000000001,"[1.0,0.6,0.5]",
A,0.3,0.6,0.8999999999999999,30,22,0.7333333333333333,0.7333333333333334,"[0.9,0.7,0.6]",
A,0.3,0.8,1.1,30,25,0.8333333333333334,0.8333333333333334,"[0.9,0.9,0.7]",
A,0.3,1.0,1.3,30,27,0.9,0.9,"[0.9,0.9,0.9]",
A,0.3,dynamic_E200_M175_S2,"guard + evidence, reported separately",30,21,0.7,,,0.6233333333333333
A,0.5,0.2,0.7,30,16,0.5333333333333333,0.5333333333333333,"[0.5,0.5,0.6]",
A,0.5,0.25,0.75,30,16,0.5333333333333333,0.5333333333333333,"[0.6,0.5,0.5]",
A,0.5,0.3,0.8,30,20,0.6666666666666666,0.6666666666666666,"[0.6,0.8,0.6]",
A,0.5,0.35,0.85,30,20,0.6666666666666666,0.6666666666666666,"[0.7,0.7,0.6]",
A,0.5,0.4,0.9,30,20,0.6666666666666666,0.6666666666666666,"[0.7,0.7,0.6]",
A,0.5,0.5,1.0,30,23,0.7666666666666667,0.7666666666666666,"[0.7,0.8,0.8]",
A,0.5,0.6,1.1,30,25,0.8333333333333334,0.8333333333333334,"[0.7,0.8,1.0]",
A,0.5,0.8,1.3,30,27,0.9,0.9,"[0.9,0.8,1.0]",
A,0.5,1.0,1.5,30,30,1.0,1.0,"[1.0,1.0,1.0]",
A,0.5,dynamic_E200_M175_S2,"guard + evidence, reported separately",30,29,0.9666666666666667,,,0.5950000000000001
B1,0.0,0.2,0.2,29,6,0.20689655172413793,0.2074074074074074,"[0.3,0.2222222222222222,0.1]",
B1,0.0,0.25,0.25,29,8,0.27586206896551724,0.2740740740740741,"[0.5,0.2222222222222222,0.1]",
B1,0.0,0.3,0.3,29,11,0.3793103448275862,0.37777777777777777,"[0.7,0.3333333333333333,0.1]",
B1,0.0,0.35,0.35,29,9,0.3103448275862069,0.3111111111111111,"[0.5,0.3333333333333333,0.1]",
B1,0.0,0.4,0.4,29,11,0.3793103448275862,0.37777777777777777,"[0.6,0.3333333333333333,0.2]",
B1,0.0,0.5,0.5,29,7,0.2413793103448276,0.24444444444444444,"[0.3,0.3333333333333333,0.1]",
B1,0.0,0.6,0.6,29,8,0.27586206896551724,0.2851851851851852,"[0.1,0.5555555555555556,0.2]",
B1,0.0,0.8,0.8,29,14,0.4827586206896552,0.48888888888888893,"[0.4,0.6666666666666666,0.4]",
B1,0.0,1.0,1.0,29,24,0.8275862068965517,0.8296296296296296,"[0.7,0.8888888888888888,0.9]",
B1,0.0,dynamic_E200_M175_S2,"guard + evidence, reported separately",29,15,0.5172413793103449,,,0.7000000000000001
B1,0.1,0.2,0.30000000000000004,29,13,0.4482758620689655,0.4518518518518519,"[0.5,0.5555555555555556,0.3]",
B1,0.1,0.25,0.35,29,13,0.4482758620689655,0.44814814814814813,"[0.7,0.4444444444444444,0.2]",
B1,0.1,0.3,0.4,29,13,0.4482758620689655,0.44814814814814813,"[0.7,0.4444444444444444,0.2]",
B1,0.1,0.35,0.44999999999999996,29,10,0.3448275862068966,0.34814814814814815,"[0.4,0.4444444444444444,0.2]",
B1,0.1,0.4,0.5,29,9,0.3103448275862069,0.3148148148148148,"[0.4,0.4444444444444444,0.1]",
B1,0.1,0.5,0.6,29,8,0.27586206896551724,0.2888888888888889,"[0.1,0.6666666666666666,0.1]",
B1,0.1,0.6,0.7,29,10,0.3448275862068966,0.3592592592592592,"[0.2,0.7777777777777778,0.1]",
B1,0.1,0.8,0.9,29,18,0.6206896551724138,0.6222222222222222,"[0.7,0.6666666666666666,0.5]",
B1,0.1,1.0,1.1,29,25,0.8620689655172413,0.8666666666666667,"[0.7,1.0,0.9]",
B1,0.1,dynamic_E200_M175_S2,"guard + evidence, reported separately",29,16,0.5517241379310345,,,0.6206896551724138
B1,0.3,0.2,0.5,29,8,0.27586206896551724,0.2851851851851852,"[0.1,0.5555555555555556,0.2]",
B1,0.3,0.25,0.55,29,6,0.20689655172413793,0.2111111111111111,"[0.1,0.3333333333333333,0.2]",
B1,0.3,0.3,0.6,29,12,0.41379310344827586,0.4222222222222222,"[0.2,0.6666666666666666,0.4]",
B1,0.3,0.35,0.6499999999999999,29,13,0.4482758620689655,0.45555555555555555,"[0.5,0.6666666666666666,0.2]",
B1,0.3,0.4,0.7,29,17,0.5862068965517241,0.5925925925925926,"[0.6,0.7777777777777778,0.4]",
B1,0.3,0.5,0.8,29,18,0.6206896551724138,0.6222222222222222,"[0.6,0.6666666666666666,0.6]",
B1,0.3,0.6,0.8999999999999999,29,24,0.8275862068965517,0.8296296296296296,"[0.9,0.8888888888888888,0.7]",
B1,0.3,0.8,1.1,29,28,0.9655172413793104,0.9666666666666667,"[0.9,1.0,1.0]",
B1,0.3,1.0,1.3,29,28,0.9655172413793104,0.9666666666666667,"[0.9,1.0,1.0]",
B1,0.3,dynamic_E200_M175_S2,"guard + evidence, reported separately",29,21,0.7241379310344828,,,0.5913793103448275
B1,0.5,0.2,0.7,29,16,0.5517241379310345,0.5518518518518518,"[0.6,0.5555555555555556,0.5]",
B1,0.5,0.25,0.75,29,22,0.7586206896551724,0.7592592592592592,"[0.8,0.7777777777777778,0.7]",
B1,0.5,0.3,0.8,29,23,0.7931034482758621,0.7925925925925926,"[0.7,0.7777777777777778,0.9]",
B1,0.5,0.35,0.85,29,26,0.896551724137931,0.8925925925925927,"[0.9,0.7777777777777778,1.0]",
B1,0.5,0.4,0.9,29,26,0.896551724137931,0.8925925925925927,"[0.9,0.7777777777777778,1.0]",
B1,0.5,0.5,1.0,29,26,0.896551724137931,0.8925925925925927,"[1.0,0.7777777777777778,0.9]",
B1,0.5,0.6,1.1,29,29,1.0,1.0,"[1.0,1.0,1.0]",
B1,0.5,0.8,1.3,29,27,0.9310344827586207,0.9296296296296296,"[0.9,0.8888888888888888,1.0]",
B1,0.5,1.0,1.5,29,28,0.9655172413793104,0.9629629629629629,"[1.0,0.8888888888888888,1.0]",
B1,0.5,dynamic_E200_M175_S2,"guard + evidence, reported separately",29,28,0.9655172413793104,,,0.4862068965517241
