episodeId,roundIndex,sceneFamily,split,pageIndex,pageSize,pageCandidateIds,qPage,globalTopCandidate,globalTopMass,globalEntropy,pageTopCandidate,pageTopMass,pageEntropy,globalTopInPage,pageTopMatchesGlobalTop,acceptableTargetInPage,pageTopInAcceptableTargets,globalCandidateOrderPreserved
office_phone_charge,1,desktop_office,train,1,3,"[""office_phone_charge__charger"", ""office_phone_charge__cable"", ""office_phone_charge__outlet""]","[0.7817549843965902,0.1358486464506367,0.08239636915277304]",office_phone_charge__charger,0.7427324834156871,0.4632786917089843,office_phone_charge__charger,0.7817549843965902,0.6092603145840509,True,True,True,True,True
office_phone_charge,1,desktop_office,train,2,3,"[""office_phone_charge__stand"", ""office_phone_charge__case"", ""office_phone_charge__notebook""]","[0.4192289516096977,0.3264958357998367,0.25427521259046565]",office_phone_charge__charger,0.7427324834156871,0.4632786917089843,office_phone_charge__stand,0.4192289516096977,0.9813285913248725,False,False,False,False,True
office_phone_charge,1,desktop_office,train,3,1,"[""office_phone_charge__drawer""]",[1.0],office_phone_charge__charger,0.7427324834156871,0.4632786917089843,office_phone_charge__drawer,1.0,0.0,False,False,False,False,True
office_phone_charge,2,desktop_office,train,1,3,"[""office_phone_charge__cable"", ""office_phone_charge__outlet"", ""office_phone_charge__stand""]","[0.5740969929676946,0.3482074278837349,0.0776955791485706]",office_phone_charge__cable,0.5198788470588495,0.677837473292635,office_phone_charge__cable,0.5740969929676946,0.8050627150304813,True,True,True,True,True
office_phone_charge,2,desktop_office,train,2,3,"[""office_phone_charge__case"", ""office_phone_charge__notebook"", ""office_phone_charge__drawer""]","[0.4518627618776061,0.274068619061197,0.274068619061197]",office_phone_charge__cable,0.5198788470588495,0.677837473292635,office_phone_charge__case,0.4518627618776061,0.9725409041019903,False,False,False,False,True
office_phone_charge,3,desktop_office,train,1,3,"[""office_phone_charge__outlet"", ""office_phone_charge__stand"", ""office_phone_charge__case""]","[0.913972147986641,0.05842828462328638,0.027599567390072625]",office_phone_charge__outlet,0.8875436745009762,0.3031888770850862,office_phone_charge__outlet,0.913972147986641,0.3160636858111795,True,True,True,True,True
office_phone_charge,3,desktop_office,train,2,2,"[""office_phone_charge__notebook"", ""office_phone_charge__drawer""]","[0.5621765008857981,0.43782349911420193]",office_phone_charge__outlet,0.8875436745009762,0.3031888770850862,office_phone_charge__notebook,0.5621765008857981,0.9888163926508522,False,False,False,False,True
office_phone_charge,4,desktop_office,train,1,3,"[""office_phone_charge__stand"", ""office_phone_charge__case"", ""office_phone_charge__notebook""]","[0.3333333333333333,0.3333333333333333,0.3333333333333333]",office_phone_charge__stand,0.25,1.0,office_phone_charge__stand,0.3333333333333333,0.9999999999999998,True,True,True,True,True
office_phone_charge,4,desktop_office,train,2,1,"[""office_phone_charge__drawer""]",[1.0],office_phone_charge__stand,0.25,1.0,office_phone_charge__drawer,1.0,0.0,False,False,False,False,True
office_book_shelve,1,desktop_office,train,1,3,"[""office_book_shelve__shelf"", ""office_book_shelve__folder"", ""office_book_shelve__tray""]","[0.8437947344813395,0.042010066134066056,0.11419519938459448]",office_book_shelve__shelf,0.7556837036928572,0.47301224020931476,office_book_shelve__shelf,0.8437947344813395,0.4772080397564655,True,True,True,True,True
office_book_shelve,1,desktop_office,train,2,3,"[""office_book_shelve__drawer"", ""office_book_shelve__lamp"", ""office_book_shelve__pen""]","[0.6624117938958737,0.1897841564479314,0.14780404965619495]",office_book_shelve__shelf,0.7556837036928572,0.47301224020931476,office_book_shelve__drawer,0.6624117938958737,0.7926400881379285,False,False,False,False,True
office_book_shelve,1,desktop_office,train,3,1,"[""office_book_shelve__bin""]",[1.0],office_book_shelve__shelf,0.7556837036928572,0.47301224020931476,office_book_shelve__bin,1.0,0.0,False,False,False,False,True
office_book_shelve,2,desktop_office,train,1,3,"[""office_book_shelve__folder"", ""office_book_shelve__tray"", ""office_book_shelve__drawer""]","[0.506480391055654,0.3071958857184984,0.18632372322584764]",office_book_shelve__folder,0.4569617088523065,0.751018215316332,office_book_shelve__folder,0.506480391055654,0.9286181733536304,True,True,True,True,True
office_book_shelve,2,desktop_office,train,2,3,"[""office_book_shelve__lamp"", ""office_book_shelve__pen"", ""office_book_shelve__bin""]","[0.3836517311905507,0.3836517311905507,0.23269653761889864]",office_book_shelve__folder,0.4569617088523065,0.751018215316332,office_book_shelve__lamp,0.3836517311905507,0.9779322221663671,False,False,False,False,True
office_book_shelve,3,desktop_office,train,1,3,"[""office_book_shelve__tray"", ""office_book_shelve__drawer"", ""office_book_shelve__lamp""]","[0.5922010701861591,0.3591881057825386,0.04861082403130228]",office_book_shelve__tray,0.5246490787034274,0.7216616970365637,office_book_shelve__tray,0.5922010701861591,0.7509748231103883,True,True,True,True,True
office_book_shelve,3,desktop_office,train,2,2,"[""office_book_shelve__pen"", ""office_book_shelve__bin""]","[0.3775406687981454,0.6224593312018545]",office_book_shelve__tray,0.5246490787034274,0.7216616970365637,office_book_shelve__bin,0.6224593312018545,0.956286539380729,False,False,False,False,True
office_book_shelve,4,desktop_office,train,1,3,"[""office_book_shelve__drawer"", ""office_book_shelve__lamp"", ""office_book_shelve__pen""]","[0.7053845126982411,0.03511902695933973,0.2594964603424192]",office_book_shelve__drawer,0.6439142598879722,0.6835034394931655,office_book_shelve__drawer,0.7053845126982411,0.6497886154669469,True,True,True,True,True
office_book_shelve,4,desktop_office,train,2,1,"[""office_book_shelve__bin""]",[1.0],office_book_shelve__drawer,0.6439142598879722,0.6835034394931655,office_book_shelve__bin,1.0,0.0,False,False,False,False,True
office_pen_station,1,desktop_office,train,1,3,"[""office_pen_station__holder"", ""office_pen_station__notebook"", ""office_pen_station__tray""]","[0.9186437381745073,0.04573657859820434,0.035619683227288396]",office_pen_station__holder,0.8642753243344354,0.3182760945386354,office_pen_station__holder,0.9186437381745073,0.3075066645820764,True,True,True,True,True
office_pen_station,1,desktop_office,train,2,3,"[""office_pen_station__drawer"", ""office_pen_station__phone"", ""office_pen_station__mug""]","[0.526376326992845,0.24864257102608728,0.22498110198106763]",office_pen_station__holder,0.8642753243344354,0.3182760945386354,office_pen_station__drawer,0.526376326992845,0.9279476908908669,False,False,False,False,True
office_pen_station,1,desktop_office,train,3,1,"[""office_pen_station__bin""]",[1.0],office_pen_station__holder,0.8642753243344354,0.3182760945386354,office_pen_station__bin,1.0,0.0,False,False,False,False,True
office_pen_station,2,desktop_office,train,1,3,"[""office_pen_station__notebook"", ""office_pen_station__tray"", ""office_pen_station__drawer""]","[0.4192289516096977,0.32649583579983665,0.2542752125904656]",office_pen_station__notebook,0.3661038804740178,0.8147748810492187,office_pen_station__notebook,0.4192289516096977,0.9813285913248723,True,True,True,True,True
office_pen_station,2,desktop_office,train,2,3,"[""office_pen_station__phone"", ""office_pen_station__mug"", ""office_pen_station__bin""]","[0.3909913151594319,0.304504342420284,0.304504342420284]",office_pen_station__notebook,0.3661038804740178,0.8147748810492187,office_pen_station__phone,0.3909913151594319,0.993364186418407,False,False,False,False,True
office_pen_station,3,desktop_office,train,1,3,"[""office_pen_station__tray"", ""office_pen_station__drawer"", ""office_pen_station__phone""]","[0.5922010701861591,0.3591881057825386,0.048610824031302284]",office_pen_station__tray,0.5548371684458827,0.653405395761882,office_pen_station__tray,0.5922010701861591,0.7509748231103883,True,True,True,True,True
office_pen_station,3,desktop_office,train,2,2,"[""office_pen_station__mug"", ""office_pen_station__bin""]","[0.5621765008857982,0.43782349911420193]",office_pen_station__tray,0.5548371684458827,0.653405395761882,office_pen_station__mug,0.5621765008857982,0.9888163926508522,False,False,False,False,True
office_pen_station,4,desktop_office,train,1,3,"[""office_pen_station__drawer"", ""office_pen_station__phone"", ""office_pen_station__mug""]","[0.9186437381745073,0.045736578598204305,0.03561968322728837]",office_pen_station__drawer,0.8938478298241374,0.3266526557772271,office_pen_station__drawer,0.9186437381745073,0.30750666458207626,True,True,True,True,True
office_pen_station,4,desktop_office,train,2,1,"[""office_pen_station__bin""]",[1.0],office_pen_station__drawer,0.8938478298241374,0.3266526557772271,office_pen_station__bin,1.0,0.0,False,False,False,False,True
office_laptop_dock,1,desktop_office,train,1,3,"[""office_laptop_dock__dock"", ""office_laptop_dock__adapter"", ""office_laptop_dock__outlet""]","[0.7638782002405439,0.13274212717162812,0.10337967258782803]",office_laptop_dock__dock,0.6595356388527736,0.5991065400164363,office_laptop_dock__dock,0.7638782002405439,0.6448180138952295,True,True,True,True,True
office_laptop_dock,1,desktop_office,train,2,3,"[""office_laptop_dock__mat"", ""office_laptop_dock__mouse"", ""office_laptop_dock__drawer""]","[0.5740969929676946,0.3482074278837348,0.07769557914857057]",office_laptop_dock__dock,0.6595356388527736,0.5991065400164363,office_laptop_dock__mat,0.5740969929676946,0.8050627150304812,False,False,False,False,True
office_laptop_dock,1,desktop_office,train,3,1,"[""office_laptop_dock__notebook""]",[1.0],office_laptop_dock__dock,0.6595356388527736,0.5991065400164363,office_laptop_dock__notebook,1.0,0.0,False,False,False,False,True
office_laptop_dock,2,desktop_office,train,1,3,"[""office_laptop_dock__adapter"", ""office_laptop_dock__outlet"", ""office_laptop_dock__mat""]","[0.6652409557748219,0.24472847105479756,0.09003057317038048]",office_laptop_dock__adapter,0.6076461980953641,0.6358648308348844,office_laptop_dock__adapter,0.6652409557748219,0.7576791106615822,True,True,True,True,True
office_laptop_dock,2,desktop_office,train,2,3,"[""office_laptop_dock__mouse"", ""office_laptop_dock__drawer"", ""office_laptop_dock__notebook""]","[0.5761168847658292,0.21194155761708544,0.21194155761708544]",office_laptop_dock__adapter,0.6076461980953641,0.6358648308348844,office_laptop_dock__mouse,0.5761168847658292,0.8877816489278939,False,False,False,False,True
office_laptop_dock,3,desktop_office,train,1,3,"[""office_laptop_dock__outlet"", ""office_laptop_dock__mat"", ""office_laptop_dock__mouse""]","[0.8214090194651259,0.11116562230242114,0.06742535823245292]",office_laptop_dock__outlet,0.7825858687556798,0.4865023367462172,office_laptop_dock__outlet,0.8214090194651259,0.5348827272066989,True,True,True,True,True
office_laptop_dock,3,desktop_office,train,2,2,"[""office_laptop_dock__drawer"", ""office_laptop_dock__notebook""]","[0.5,0.5]",office_laptop_dock__outlet,0.7825858687556798,0.4865023367462172,office_laptop_dock__drawer,0.5,1.0,False,False,False,False,True
office_laptop_dock,4,desktop_office,train,1,3,"[""office_laptop_dock__mat"", ""office_laptop_dock__mouse"", ""office_laptop_dock__drawer""]","[0.3591881057825386,0.5922010701861592,0.048610824031302284]",office_laptop_dock__mouse,0.5230820908987206,0.7855947675326631,office_laptop_dock__mouse,0.5922010701861592,0.7509748231103883,True,True,True,False,True
office_laptop_dock,4,desktop_office,train,2,1,"[""office_laptop_dock__notebook""]",[1.0],office_laptop_dock__mouse,0.5230820908987206,0.7855947675326631,office_laptop_dock__notebook,1.0,0.0,False,False,False,False,True
office_audio_storage,1,desktop_office,train,1,3,"[""office_audio_storage__case"", ""office_audio_storage__drawer"", ""office_audio_storage__shelf""]","[0.8079490522169862,0.14040049291079537,0.05165045487221846]",office_audio_storage__case,0.7517205522345265,0.4600101335170975,office_audio_storage__case,0.8079490522169862,0.5470500342364111,True,True,True,True,True
office_audio_storage,1,desktop_office,train,2,3,"[""office_audio_storage__phone"", ""office_audio_storage__charger"", ""office_audio_storage__book""]","[0.3333333333333333,0.3333333333333333,0.3333333333333333]",office_audio_storage__case,0.7517205522345265,0.4600101335170975,office_audio_storage__phone,0.3333333333333333,0.9999999999999998,False,False,False,False,True
office_audio_storage,1,desktop_office,train,3,1,"[""office_audio_storage__tray""]",[1.0],office_audio_storage__case,0.7517205522345265,0.4600101335170975,office_audio_storage__tray,1.0,0.0,False,False,False,False,True
office_audio_storage,2,desktop_office,train,1,3,"[""office_audio_storage__drawer"", ""office_audio_storage__shelf"", ""office_audio_storage__phone""]","[0.8055124120405227,0.17973411350014976,0.01475347445932747]",office_audio_storage__drawer,0.7075076094309405,0.5189364261570245,office_audio_storage__drawer,0.8055124120405227,0.49598183187897293,True,True,True,True,True
office_audio_storage,2,desktop_office,train,2,3,"[""office_audio_storage__charger"", ""office_audio_storage__book"", ""office_audio_storage__tray""]","[0.10650697891920075,0.10650697891920075,0.7869860421615985]",office_audio_storage__drawer,0.7075076094309405,0.5189364261570245,office_audio_storage__tray,0.7869860421615985,0.6058303632354114,False,False,False,False,True
office_audio_storage,3,desktop_office,train,1,3,"[""office_audio_storage__shelf"", ""office_audio_storage__phone"", ""office_audio_storage__charger""]","[0.6357240311769904,0.18213798441150483,0.18213798441150483]",office_audio_storage__shelf,0.37902977248006064,0.901659275702663,office_audio_storage__shelf,0.6357240311769904,0.8268027705964459,True,True,True,True,True
office_audio_storage,3,desktop_office,train,2,2,"[""office_audio_storage__book"", ""office_audio_storage__tray""]","[0.26894142136999516,0.7310585786300049]",office_audio_storage__shelf,0.37902977248006064,0.901659275702663,office_audio_storage__tray,0.7310585786300049,0.8399415379831692,False,False,False,False,True
office_audio_storage,4,desktop_office,train,1,3,"[""office_audio_storage__phone"", ""office_audio_storage__charger"", ""office_audio_storage__book""]","[0.3333333333333333,0.3333333333333333,0.3333333333333333]",office_audio_storage__phone,0.25,1.0,office_audio_storage__phone,0.3333333333333333,0.9999999999999998,True,True,False,False,True
office_audio_storage,4,desktop_office,train,2,1,"[""office_audio_storage__tray""]",[1.0],office_audio_storage__phone,0.25,1.0,office_audio_storage__tray,1.0,0.0,False,False,True,True,True
office_documents,1,desktop_office,train,1,3,"[""office_documents__folder"", ""office_documents__drawer"", ""office_documents__cabinet""]","[0.5434056116997427,0.2566866355387301,0.1999077527615273]",office_documents__folder,0.49756376442107575,0.6645137861528007,office_documents__folder,0.5434056116997427,0.912352787951539,True,True,True,True,True
office_documents,1,desktop_office,train,2,3,"[""office_documents__tray"", ""office_documents__pen"", ""office_documents__notebook""]","[0.6652409557748219,0.09003057317038045,0.24472847105479767]",office_documents__folder,0.49756376442107575,0.6645137861528007,office_documents__tray,0.6652409557748219,0.7576791106615822,False,False,False,False,True
office_documents,1,desktop_office,train,3,1,"[""office_documents__bin""]",[1.0],office_documents__folder,0.49756376442107575,0.6645137861528007,office_documents__bin,1.0,0.0,False,False,False,False,True
office_documents,2,desktop_office,train,1,3,"[""office_documents__drawer"", ""office_documents__cabinet"", ""office_documents__tray""]","[0.5224289002237956,0.4068680365934249,0.07070306318277945]",office_documents__drawer,0.5034823775336518,0.5888152595788924,office_documents__drawer,0.5224289002237956,0.812287942932868,True,True,True,True,True
office_documents,2,desktop_office,train,2,3,"[""office_documents__pen"", ""office_documents__notebook"", ""office_documents__bin""]","[0.41922895160969775,0.32649583579983665,0.25427521259046565]",office_documents__drawer,0.5034823775336518,0.5888152595788924,office_documents__pen,0.41922895160969775,0.9813285913248723,False,False,False,False,True
office_documents,3,desktop_office,train,1,3,"[""office_documents__cabinet"", ""office_documents__tray"", ""office_documents__pen""]","[0.7661572065563422,0.17095278019779034,0.06289001324586752]",office_documents__cabinet,0.6958519859282065,0.6120428646972483,office_documents__cabinet,0.7661572065563422,0.6189827933227517,True,True,True,True,True
office_documents,3,desktop_office,train,2,2,"[""office_documents__notebook"", ""office_documents__bin""]","[0.6224593312018546,0.37754066879814546]",office_documents__cabinet,0.6958519859282065,0.6120428646972483,office_documents__notebook,0.6224593312018546,0.956286539380729,False,False,False,False,True
office_documents,4,desktop_office,train,1,3,"[""office_documents__tray"", ""office_documents__pen"", ""office_documents__notebook""]","[0.763878200240544,0.1327421271716281,0.10337967258782796]",office_documents__tray,0.7069593674870326,0.6642015147090651,office_documents__tray,0.763878200240544,0.6448180138952294,True,True,True,True,True
office_documents,4,desktop_office,train,2,1,"[""office_documents__bin""]",[1.0],office_documents__tray,0.7069593674870326,0.6642015147090651,office_documents__bin,1.0,0.0,False,False,False,False,True
office_remote,1,desktop_office,train,1,3,"[""office_remote__stand"", ""office_remote__drawer"", ""office_remote__table""]","[0.1597319097091738,0.7158687539278308,0.1243993363629955]",office_remote__box,0.5039973154652562,0.6897470395041444,office_remote__drawer,0.7158687539278308,0.720504535364821,False,False,True,False,True
office_remote,1,desktop_office,train,2,3,"[""office_remote__battery"", ""office_remote__box"", ""office_remote__basket""]","[0.01795216882852066,0.7633456428364974,0.218702188334982]",office_remote__box,0.5039973154652562,0.6897470395041444,office_remote__box,0.7633456428364974,0.555921975450878,True,True,False,False,True
office_remote,1,desktop_office,train,3,1,"[""office_remote__mug""]",[1.0],office_remote__box,0.5039973154652562,0.6897470395041444,office_remote__mug,1.0,0.0,False,False,False,False,True
office_remote,2,desktop_office,train,1,3,"[""office_remote__drawer"", ""office_remote__table"", ""office_remote__battery""]","[0.9087599242585132,0.07459555713221444,0.016644518609272352]",office_remote__drawer,0.4404124959153084,0.6860826889759035,office_remote__drawer,0.9087599242585132,0.31743800818467127,True,True,True,True,True
office_remote,2,desktop_office,train,2,3,"[""office_remote__box"", ""office_remote__basket"", ""office_remote__mug""]","[0.6655290839426198,0.31437367913086056,0.02009723692651968]",office_remote__drawer,0.4404124959153084,0.6860826889759035,office_remote__box,0.6655290839426198,0.6492677495574829,False,False,False,False,True
office_remote,3,desktop_office,train,1,3,"[""office_remote__table"", ""office_remote__battery"", ""office_remote__box""]","[0.046790101437148075,0.013405588507317798,0.9398043100555341]",office_remote__box,0.765991742910395,0.4597396077455644,office_remote__box,0.9398043100555341,0.23614123410612906,True,True,True,False,True
office_remote,3,desktop_office,train,2,2,"[""office_remote__basket"", ""office_remote__mug""]","[0.9241418199787566,0.07585818002124357]",office_remote__box,0.765991742910395,0.4597396077455644,office_remote__basket,0.9241418199787566,0.38741437875968526,False,False,False,False,True
office_remote,4,desktop_office,train,1,3,"[""office_remote__battery"", ""office_remote__box"", ""office_remote__basket""]","[0.0240937682868484,0.7978760262069926,0.17803020550615897]",office_remote__box,0.7863841160740562,0.46471734768152,office_remote__box,0.7978760262069926,0.5253678230693555,True,True,True,True,True
office_remote,4,desktop_office,train,2,1,"[""office_remote__mug""]",[1.0],office_remote__box,0.7863841160740562,0.46471734768152,office_remote__mug,1.0,0.0,False,False,False,False,True
storage_medicine,1,storage_organization,train,1,3,"[""storage_medicine__box"", ""storage_medicine__cabinet"", ""storage_medicine__user_zone""]","[0.41851079240441186,0.5373784946053918,0.04411071299019639]",storage_medicine__cabinet,0.4872537622923523,0.5929987755775855,storage_medicine__cabinet,0.5373784946053918,0.7609209275031116,True,True,True,False,True
storage_medicine,1,storage_organization,train,2,3,"[""storage_medicine__shelf"", ""storage_medicine__cup"", ""storage_medicine__book""]","[0.763878200240544,0.13274212717162806,0.10337967258782793]",storage_medicine__cabinet,0.4872537622923523,0.5929987755775855,storage_medicine__shelf,0.763878200240544,0.6448180138952293,False,False,False,False,True
storage_medicine,1,storage_organization,train,3,1,"[""storage_medicine__bin""]",[1.0],storage_medicine__cabinet,0.4872537622923523,0.5929987755775855,storage_medicine__bin,1.0,0.0,False,False,False,False,True
storage_medicine,2,storage_organization,train,1,3,"[""storage_medicine__cabinet"", ""storage_medicine__user_zone"", ""storage_medicine__shelf""]","[0.7661572065563423,0.06289001324586752,0.17095278019779023]",storage_medicine__cabinet,0.7352065007970385,0.4834001884065086,storage_medicine__cabinet,0.7661572065563423,0.6189827933227516,True,True,True,True,True
storage_medicine,2,storage_organization,train,2,3,"[""storage_medicine__cup"", ""storage_medicine__book"", ""storage_medicine__bin""]","[0.33333333333333337,0.33333333333333337,0.33333333333333337]",storage_medicine__cabinet,0.7352065007970385,0.4834001884065086,storage_medicine__cup,0.33333333333333337,0.9999999999999998,False,False,False,False,True
storage_medicine,3,storage_organization,train,1,3,"[""storage_medicine__user_zone"", ""storage_medicine__shelf"", ""storage_medicine__cup""]","[0.2537161816350253,0.6896720861245035,0.0566117322404713]",storage_medicine__shelf,0.5804229149294772,0.7192519913596892,storage_medicine__shelf,0.6896720861245035,0.69795737040088,True,True,True,False,True
storage_medicine,3,storage_organization,train,2,2,"[""storage_medicine__book"", ""storage_medicine__bin""]","[0.8175744761936437,0.18242552380635632]",storage_medicine__shelf,0.5804229149294772,0.7192519913596892,storage_medicine__book,0.8175744761936437,0.6853545351054098,False,False,False,False,True
storage_medicine,4,storage_organization,train,1,3,"[""storage_medicine__shelf"", ""storage_medicine__cup"", ""storage_medicine__book""]","[0.8725905572715923,0.07162659469286575,0.05578284803554199]",storage_medicine__shelf,0.8362602944010439,0.44892859417545694,storage_medicine__shelf,0.8725905572715923,0.4266820637155456,True,True,True,True,True
storage_medicine,4,storage_organization,train,2,1,"[""storage_medicine__bin""]",[1.0],storage_medicine__shelf,0.8362602944010439,0.44892859417545694,storage_medicine__bin,1.0,0.0,False,False,False,False,True
storage_toys,1,storage_organization,train,1,3,"[""storage_toys__bin"", ""storage_toys__shelf"", ""storage_toys__cabinet""]","[0.6652409557748219,0.09003057317038048,0.24472847105479759]",storage_toys__bin,0.40195908918244644,0.7470010536048859,storage_toys__bin,0.6652409557748219,0.7576791106615822,True,True,True,True,True
storage_toys,1,storage_organization,train,2,3,"[""storage_toys__tray"", ""storage_toys__book"", ""storage_toys__basket""]","[0.11678381972438713,0.020293984884712627,0.8629221953909003]",storage_toys__bin,0.40195908918244644,0.7470010536048859,storage_toys__basket,0.8629221953909003,0.4160711066337247,False,False,True,True,True
storage_toys,1,storage_organization,train,3,1,"[""storage_toys__table""]",[1.0],storage_toys__bin,0.40195908918244644,0.7470010536048859,storage_toys__table,1.0,0.0,False,False,False,False,True
storage_toys,2,storage_organization,train,1,3,"[""storage_toys__shelf"", ""storage_toys__cabinet"", ""storage_toys__tray""]","[0.23122389762214915,0.6285317192117623,0.14024438316608853]",storage_toys__basket,0.6048134330040147,0.6405993668130429,storage_toys__cabinet,0.6285317192117623,0.8246396529730758,False,False,True,False,True
storage_toys,2,storage_organization,train,2,3,"[""storage_toys__book"", ""storage_toys__basket"", ""storage_toys__table""]","[0.017147825545520388,0.9362395518765058,0.04661262257797389]",storage_toys__basket,0.6048134330040147,0.6405993668130429,storage_toys__basket,0.9362395518765058,0.2496905200341357,True,True,False,False,True
storage_toys,3,storage_organization,train,1,3,"[""storage_toys__cabinet"", ""storage_toys__tray"", ""storage_toys__book""]","[0.7405034186832158,0.21215778154411108,0.04733879977267309]",storage_toys__basket,0.5814006835184442,0.6750296176003079,storage_toys__cabinet,0.7405034186832158,0.6333480537621733,False,False,True,True,True
storage_toys,3,storage_organization,train,2,2,"[""storage_toys__basket"", ""storage_toys__table""]","[0.9241418199787563,0.07585818002124355]",storage_toys__basket,0.5814006835184442,0.6750296176003079,storage_toys__basket,0.9241418199787563,0.3874143787596852,True,True,False,False,True
storage_toys,4,storage_organization,train,1,3,"[""storage_toys__tray"", ""storage_toys__book"", ""storage_toys__basket""]","[0.06742535823245292,0.11116562230242114,0.821409019465126]",storage_toys__basket,0.789136836856084,0.5267415398419492,storage_toys__basket,0.821409019465126,0.5348827272066988,True,True,True,False,True
storage_toys,4,storage_organization,train,2,1,"[""storage_toys__table""]",[1.0],storage_toys__basket,0.789136836856084,0.5267415398419492,storage_toys__table,1.0,0.0,False,False,False,False,True
storage_cables,1,storage_organization,train,1,3,"[""storage_cables__organizer"", ""storage_cables__drawer"", ""storage_cables__desk""]","[0.6896720861245036,0.25371618163502513,0.056611732240471294]",storage_cables__organizer,0.5193403247953391,0.7092200959275203,storage_cables__organizer,0.6896720861245036,0.6979573704008799,True,True,True,True,True
storage_cables,1,storage_organization,train,2,3,"[""storage_cables__tray"", ""storage_cables__charger"", ""storage_cables__phone""]","[0.7158687539278308,0.15973190970917378,0.12439933636299545]",storage_cables__organizer,0.5193403247953391,0.7092200959275203,storage_cables__tray,0.7158687539278308,0.720504535364821,False,False,False,False,True
storage_cables,1,storage_organization,train,3,1,"[""storage_cables__box""]",[1.0],storage_cables__organizer,0.5193403247953391,0.7092200959275203,storage_cables__box,1.0,0.0,False,False,False,False,True
storage_cables,2,storage_organization,train,1,3,"[""storage_cables__drawer"", ""storage_cables__desk"", ""storage_cables__tray""]","[0.8725905572715923,0.07162659469286572,0.05578284803554196]",storage_cables__drawer,0.6379148125249342,0.5865526514522466,storage_cables__drawer,0.8725905572715923,0.4266820637155456,True,True,True,True,True
storage_cables,2,storage_organization,train,2,3,"[""storage_cables__charger"", ""storage_cables__phone"", ""storage_cables__box""]","[0.07162659469286575,0.05578284803554198,0.8725905572715923]",storage_cables__drawer,0.6379148125249342,0.5865526514522466,storage_cables__box,0.8725905572715923,0.4266820637155456,False,False,False,False,True
storage_cables,3,storage_organization,train,1,3,"[""storage_cables__desk"", ""storage_cables__tray"", ""storage_cables__charger""]","[0.3314989604240916,0.5465493872661795,0.1219516523097289]",storage_cables__box,0.6951927928488499,0.5975517014093318,storage_cables__tray,0.5465493872661795,0.8672828201917282,False,False,True,False,True
storage_cables,3,storage_organization,train,2,2,"[""storage_cables__phone"", ""storage_cables__box""]","[0.029312230751356316,0.9706877692486436]",storage_cables__box,0.6951927928488499,0.5975517014093318,storage_cables__box,0.9706877692486436,0.19093091570459372,True,True,False,False,True
storage_cables,4,storage_organization,train,1,3,"[""storage_cables__tray"", ""storage_cables__charger"", ""storage_cables__phone""]","[0.7361247243125938,0.16425162762508788,0.09962364806231834]",storage_cables__tray,0.508906861659202,0.8208205372430695,storage_cables__tray,0.7361247243125938,0.6844821030566388,True,True,True,True,True
storage_cables,4,storage_organization,train,2,1,"[""storage_cables__box""]",[1.0],storage_cables__tray,0.508906861659202,0.8208205372430695,storage_cables__box,1.0,0.0,False,False,False,False,True
storage_plates,1,storage_organization,train,1,3,"[""storage_plates__rack"", ""storage_plates__cabinet"", ""storage_plates__counter""]","[0.16425162762508777,0.7361247243125939,0.09962364806231834]",storage_plates__cabinet,0.6797958965697715,0.5457014816913427,storage_plates__cabinet,0.7361247243125939,0.6844821030566387,True,True,True,False,True
storage_plates,1,storage_organization,train,2,3,"[""storage_plates__sink"", ""storage_plates__cup"", ""storage_plates__towel""]","[0.5064803910556541,0.18632372322584756,0.3071958857184984]",storage_plates__cabinet,0.6797958965697715,0.5457014816913427,storage_plates__sink,0.5064803910556541,0.9286181733536304,False,False,False,False,True
storage_plates,1,storage_organization,train,3,1,"[""storage_plates__bin""]",[1.0],storage_plates__cabinet,0.6797958965697715,0.5457014816913427,storage_plates__bin,1.0,0.0,False,False,False,False,True
storage_plates,2,storage_organization,train,1,3,"[""storage_plates__cabinet"", ""storage_plates__counter"", ""storage_plates__sink""]","[0.8990522695867427,0.07379870431184085,0.027149026101416524]",storage_plates__cabinet,0.8597137251215802,0.3329307140169102,storage_plates__cabinet,0.8990522695867427,0.3512908606569443,True,True,True,True,True
storage_plates,2,storage_organization,train,2,3,"[""storage_plates__cup"", ""storage_plates__towel"", ""storage_plates__bin""]","[0.35986746732333263,0.35986746732333263,0.2802650653533347]",storage_plates__cabinet,0.8597137251215802,0.3329307140169102,storage_plates__cup,0.35986746732333263,0.9940592684438868,False,False,False,False,True
storage_plates,3,storage_organization,train,1,3,"[""storage_plates__counter"", ""storage_plates__sink"", ""storage_plates__cup""]","[0.46583556726652603,0.3627931045696825,0.17137132816379144]",storage_plates__counter,0.3764613503164451,0.9006570997543939,storage_plates__counter,0.46583556726652603,0.9338983205980237,True,True,True,True,True
storage_plates,3,storage_organization,train,2,2,"[""storage_plates__towel"", ""storage_plates__bin""]","[0.5621765008857982,0.43782349911420193]",storage_plates__counter,0.3764613503164451,0.9006570997543939,storage_plates__towel,0.5621765008857982,0.9888163926508522,False,False,False,False,True
storage_plates,4,storage_organization,train,1,3,"[""storage_plates__sink"", ""storage_plates__cup"", ""storage_plates__towel""]","[0.3333333333333333,0.3333333333333333,0.3333333333333333]",storage_plates__sink,0.25,1.0,storage_plates__sink,0.3333333333333333,0.9999999999999998,True,True,True,True,True
storage_plates,4,storage_organization,train,2,1,"[""storage_plates__bin""]",[1.0],storage_plates__sink,0.25,1.0,storage_plates__bin,1.0,0.0,False,False,False,False,True
storage_clothes,1,storage_organization,train,1,3,"[""storage_clothes__closet"", ""storage_clothes__hanger"", ""storage_clothes__dresser""]","[0.6285317192117625,0.231223897622149,0.14024438316608845]",storage_clothes__closet,0.5295448045916188,0.7168086172066243,storage_clothes__closet,0.6285317192117625,0.8246396529730756,True,True,True,True,True
storage_clothes,1,storage_organization,train,2,3,"[""storage_clothes__basket"", ""storage_clothes__shirt"", ""storage_clothes__shelf""]","[0.506480391055654,0.18632372322584756,0.3071958857184984]",storage_clothes__closet,0.5295448045916188,0.7168086172066243,storage_clothes__basket,0.506480391055654,0.9286181733536304,False,False,False,False,True
storage_clothes,1,storage_organization,train,3,1,"[""storage_clothes__bin""]",[1.0],storage_clothes__closet,0.5295448045916188,0.7168086172066243,storage_clothes__bin,1.0,0.0,False,False,False,False,True
storage_clothes,2,storage_organization,train,1,3,"[""storage_clothes__hanger"", ""storage_clothes__dresser"", ""storage_clothes__basket""]","[0.7855970345892759,0.1752903921400366,0.03911257327068746]",storage_clothes__hanger,0.6576633026167888,0.6250214783705231,storage_clothes__hanger,0.7855970345892759,0.5657906898464112,True,True,True,True,True
storage_clothes,2,storage_organization,train,2,3,"[""storage_clothes__shirt"", ""storage_clothes__shelf"", ""storage_clothes__bin""]","[0.12195165230972883,0.5465493872661796,0.33149896042409144]",storage_clothes__hanger,0.6576633026167888,0.6250214783705231,storage_clothes__shelf,0.5465493872661796,0.8672828201917282,False,False,False,False,True
storage_clothes,3,storage_organization,train,1,3,"[""storage_clothes__dresser"", ""storage_clothes__basket"", ""storage_clothes__shirt""]","[0.24472847105479772,0.09003057317038048,0.6652409557748219]",storage_clothes__shirt,0.5276714201684364,0.801732037404512,storage_clothes__shirt,0.6652409557748219,0.7576791106615822,True,True,True,False,True
storage_clothes,3,storage_organization,train,2,2,"[""storage_clothes__shelf"", ""storage_clothes__bin""]","[0.7310585786300049,0.26894142136999516]",storage_clothes__shirt,0.5276714201684364,0.801732037404512,storage_clothes__shelf,0.7310585786300049,0.8399415379831692,False,False,False,False,True
storage_clothes,4,storage_organization,train,1,3,"[""storage_clothes__basket"", ""storage_clothes__shirt"", ""storage_clothes__shelf""]","[0.09003057317038046,0.6652409557748218,0.2447284710547977]",storage_clothes__shirt,0.5792585299413737,0.8005276747978087,storage_clothes__shirt,0.6652409557748218,0.7576791106615822,True,True,True,False,True
storage_clothes,4,storage_organization,train,2,1,"[""storage_clothes__bin""]",[1.0],storage_clothes__shirt,0.5792585299413737,0.8005276747978087,storage_clothes__bin,1.0,0.0,False,False,False,False,True
storage_tools,1,storage_organization,train,1,3,"[""storage_tools__box"", ""storage_tools__shelf"", ""storage_tools__tray""]","[0.8990522695867427,0.07379870431184087,0.027149026101416528]",storage_tools__box,0.5939653781475964,0.6254695109323798,storage_tools__box,0.8990522695867427,0.3512908606569443,True,True,True,True,True
storage_tools,1,storage_organization,train,2,3,"[""storage_tools__bench"", ""storage_tools__screw"", ""storage_tools__drawer""]","[0.1141951993845945,0.042010066134066056,0.8437947344813393]",storage_tools__box,0.5939653781475964,0.6254695109323798,storage_tools__drawer,0.8437947344813393,0.4772080397564655,False,False,False,False,True
storage_tools,1,storage_organization,train,3,1,"[""storage_tools__bin""]",[1.0],storage_tools__box,0.5939653781475964,0.6254695109323798,storage_tools__bin,1.0,0.0,False,False,False,False,True
storage_tools,2,storage_organization,train,1,3,"[""storage_tools__shelf"", ""storage_tools__tray"", ""storage_tools__bench""]","[0.506480391055654,0.18632372322584756,0.30719588571849843]",storage_tools__drawer,0.6048134330040147,0.6405993668130429,storage_tools__shelf,0.506480391055654,0.9286181733536304,False,False,True,True,True
storage_tools,2,storage_organization,train,2,3,"[""storage_tools__screw"", ""storage_tools__drawer"", ""storage_tools__bin""]","[0.013212886953789416,0.7213991842739688,0.2653879287722418]",storage_tools__drawer,0.6048134330040147,0.6405993668130429,storage_tools__drawer,0.7213991842739688,0.5869241810835636,True,True,False,False,True
storage_tools,3,storage_organization,train,1,3,"[""storage_tools__tray"", ""storage_tools__bench"", ""storage_tools__screw""]","[0.506480391055654,0.3071958857184984,0.1863237232258476]",storage_tools__drawer,0.7219176156091419,0.5590397225798887,storage_tools__tray,0.506480391055654,0.9286181733536304,False,False,True,True,True
storage_tools,3,storage_organization,train,2,2,"[""storage_tools__drawer"", ""storage_tools__bin""]","[0.8175744761936438,0.1824255238063563]",storage_tools__drawer,0.7219176156091419,0.5590397225798887,storage_tools__drawer,0.8175744761936438,0.6853545351054097,True,True,False,False,True
storage_tools,4,storage_organization,train,1,3,"[""storage_tools__bench"", ""storage_tools__screw"", ""storage_tools__drawer""]","[0.07252144568074774,0.04398648029205784,0.8834920740271943]",storage_tools__drawer,0.7380061670529912,0.5860860800081487,storage_tools__drawer,0.8834920740271943,0.3978983468111096,True,True,True,False,True
storage_tools,4,storage_organization,train,2,1,"[""storage_tools__bin""]",[1.0],storage_tools__drawer,0.7380061670529912,0.5860860800081487,storage_tools__bin,1.0,0.0,False,False,False,False,True
storage_receipts,1,storage_organization,train,1,3,"[""storage_receipts__folder"", ""storage_receipts__cabinet"", ""storage_receipts__desk""]","[0.6896720861245036,0.2537161816350251,0.056611732240471294]",storage_receipts__folder,0.5827853107890602,0.6452276552261401,storage_receipts__folder,0.6896720861245036,0.6979573704008799,True,True,True,True,True
storage_receipts,1,storage_organization,train,2,3,"[""storage_receipts__tray"", ""storage_receipts__pen"", ""storage_receipts__document_holder""]","[0.5740969929676946,0.07769557914857057,0.3482074278837349]",storage_receipts__folder,0.5827853107890602,0.6452276552261401,storage_receipts__tray,0.5740969929676946,0.8050627150304812,False,False,False,False,True
storage_receipts,1,storage_organization,train,3,1,"[""storage_receipts__bin""]",[1.0],storage_receipts__folder,0.5827853107890602,0.6452276552261401,storage_receipts__bin,1.0,0.0,False,False,False,False,True
storage_receipts,2,storage_organization,train,1,3,"[""storage_receipts__cabinet"", ""storage_receipts__desk"", ""storage_receipts__tray""]","[0.8214090194651259,0.06742535823245292,0.11116562230242114]",storage_receipts__cabinet,0.7600399149174328,0.49426648389727557,storage_receipts__cabinet,0.8214090194651259,0.5348827272066989,True,True,True,True,True
storage_receipts,2,storage_organization,train,2,3,"[""storage_receipts__pen"", ""storage_receipts__document_holder"", ""storage_receipts__bin""]","[0.18632372322584756,0.506480391055654,0.3071958857184984]",storage_receipts__cabinet,0.7600399149174328,0.49426648389727557,storage_receipts__document_holder,0.506480391055654,0.9286181733536304,False,False,False,False,True
storage_receipts,3,storage_organization,train,1,3,"[""storage_receipts__desk"", ""storage_receipts__tray"", ""storage_receipts__pen""]","[0.3770874347306996,0.48418985050779795,0.1387227147615025]",storage_receipts__bin,0.32458804888499065,0.9385037891426837,storage_receipts__tray,0.48418985050779795,0.9038251787623007,False,False,True,False,True
storage_receipts,3,storage_organization,train,2,2,"[""storage_receipts__document_holder"", ""storage_receipts__bin""]","[0.3208213008246071,0.679178699175393]",storage_receipts__bin,0.32458804888499065,0.9385037891426837,storage_receipts__bin,0.679178699175393,0.9052723567690952,True,True,False,False,True
storage_receipts,4,storage_organization,train,1,3,"[""storage_receipts__tray"", ""storage_receipts__pen"", ""storage_receipts__document_holder""]","[0.6037488961486258,0.030058887569574033,0.3661922162818002]",storage_receipts__tray,0.5581437888270917,0.7118563531993765,storage_receipts__tray,0.6037488961486258,0.7080474897426708,True,True,True,True,True
storage_receipts,4,storage_organization,train,2,1,"[""storage_receipts__bin""]",[1.0],storage_receipts__tray,0.5581437888270917,0.7118563531993765,storage_receipts__bin,1.0,0.0,False,False,False,False,True
clean_laundry,1,household_cleaning,dev,1,3,"[""clean_laundry__basket"", ""clean_laundry__washer"", ""clean_laundry__detergent""]","[0.09003057317038046,0.6652409557748219,0.24472847105479756]",clean_laundry__washer,0.5939653781475964,0.6254695109323798,clean_laundry__washer,0.6652409557748219,0.7576791106615821,True,True,True,True,True
clean_laundry,1,household_cleaning,dev,2,3,"[""clean_laundry__rack"", ""clean_laundry__closet"", ""clean_laundry__jeans""]","[0.3071958857184984,0.18632372322584756,0.506480391055654]",clean_laundry__washer,0.5939653781475964,0.6254695109323798,clean_laundry__jeans,0.506480391055654,0.9286181733536304,False,False,False,False,True
clean_laundry,1,household_cleaning,dev,3,1,"[""clean_laundry__bin""]",[1.0],clean_laundry__washer,0.5939653781475964,0.6254695109323798,clean_laundry__bin,1.0,0.0,False,False,False,False,True
clean_laundry,2,household_cleaning,dev,1,3,"[""clean_laundry__washer"", ""clean_laundry__detergent"", ""clean_laundry__rack""]","[0.6037488961486256,0.3661922162818004,0.030058887569574033]",clean_laundry__washer,0.5362739985470623,0.6156119900679728,clean_laundry__washer,0.6037488961486256,0.7080474897426711,True,True,True,True,True
clean_laundry,2,household_cleaning,dev,2,3,"[""clean_laundry__closet"", ""clean_laundry__jeans"", ""clean_laundry__bin""]","[0.11284869702173106,0.8338453529847987,0.05330594999347032]",clean_laundry__washer,0.5362739985470623,0.6156119900679728,clean_laundry__jeans,0.8338453529847987,0.5042689619740361,False,False,False,False,True
clean_laundry,3,household_cleaning,dev,1,3,"[""clean_laundry__detergent"", ""clean_laundry__rack"", ""clean_laundry__closet""]","[0.8579768106084573,0.11611453467414119,0.02590865471740153]",clean_laundry__detergent,0.7899310308882403,0.4679181933924059,clean_laundry__detergent,0.8579768106084573,0.4333535796861103,True,True,True,True,True
clean_laundry,3,household_cleaning,dev,2,2,"[""clean_laundry__jeans"", ""clean_laundry__bin""]","[0.8175744761936438,0.18242552380635635]",clean_laundry__detergent,0.7899310308882403,0.4679181933924059,clean_laundry__jeans,0.8175744761936438,0.6853545351054098,False,False,False,False,True
clean_laundry,4,household_cleaning,dev,1,3,"[""clean_laundry__rack"", ""clean_laundry__closet"", ""clean_laundry__jeans""]","[0.7361247243125938,0.16425162762508785,0.09962364806231835]",clean_laundry__rack,0.6941790935174994,0.6692026093022976,clean_laundry__rack,0.7361247243125938,0.6844821030566388,True,True,True,True,True
clean_laundry,4,household_cleaning,dev,2,1,"[""clean_laundry__bin""]",[1.0],clean_laundry__rack,0.6941790935174994,0.6692026093022976,clean_laundry__bin,1.0,0.0,False,False,False,False,True
clean_dishes,1,household_cleaning,dev,1,3,"[""clean_dishes__sink"", ""clean_dishes__soap"", ""clean_dishes__rack""]","[0.561701631408071,0.34068926105960007,0.09760910753232895]",clean_dishes__sink,0.5240046798921129,0.6067264526157949,clean_dishes__sink,0.561701631408071,0.8355495867067622,True,True,True,True,True
clean_dishes,1,household_cleaning,dev,2,3,"[""clean_dishes__cabinet"", ""clean_dishes__towel"", ""clean_dishes__plate""]","[0.5465493872661796,0.3314989604240915,0.12195165230972886]",clean_dishes__sink,0.5240046798921129,0.6067264526157949,clean_dishes__cabinet,0.5465493872661796,0.8672828201917282,False,False,False,False,True
clean_dishes,1,household_cleaning,dev,3,1,"[""clean_dishes__bin""]",[1.0],clean_dishes__sink,0.5240046798921129,0.6067264526157949,clean_dishes__bin,1.0,0.0,False,False,False,False,True
clean_dishes,2,household_cleaning,dev,1,3,"[""clean_dishes__soap"", ""clean_dishes__rack"", ""clean_dishes__cabinet""]","[0.8437947344813395,0.11419519938459448,0.04201006613406605]",clean_dishes__soap,0.8013465135575341,0.41860335556052375,clean_dishes__soap,0.8437947344813395,0.4772080397564655,True,True,True,True,True
clean_dishes,2,household_cleaning,dev,2,3,"[""clean_dishes__towel"", ""clean_dishes__plate"", ""clean_dishes__bin""]","[0.4810242632533697,0.29175596372884977,0.22721977301778062]",clean_dishes__soap,0.8013465135575341,0.41860335556052375,clean_dishes__towel,0.4810242632533697,0.9540493850590818,False,False,False,False,True
clean_dishes,3,household_cleaning,dev,1,3,"[""clean_dishes__rack"", ""clean_dishes__cabinet"", ""clean_dishes__towel""]","[0.821409019465126,0.11116562230242115,0.06742535823245292]",clean_dishes__rack,0.7899310308882403,0.4679181933924059,clean_dishes__rack,0.821409019465126,0.5348827272066988,True,True,True,True,True
clean_dishes,3,household_cleaning,dev,2,2,"[""clean_dishes__plate"", ""clean_dishes__bin""]","[0.6224593312018546,0.3775406687981454]",clean_dishes__rack,0.7899310308882403,0.4679181933924059,clean_dishes__plate,0.6224593312018546,0.956286539380729,False,False,False,False,True
clean_dishes,4,household_cleaning,dev,1,3,"[""clean_dishes__cabinet"", ""clean_dishes__towel"", ""clean_dishes__plate""]","[0.7978760262069926,0.17803020550615897,0.0240937682868484]",clean_dishes__cabinet,0.7863841160740562,0.46471734768152,clean_dishes__cabinet,0.7978760262069926,0.5253678230693555,True,True,True,True,True
clean_dishes,4,household_cleaning,dev,2,1,"[""clean_dishes__bin""]",[1.0],clean_dishes__cabinet,0.7863841160740562,0.46471734768152,clean_dishes__bin,1.0,0.0,False,False,False,False,True
clean_spill,1,household_cleaning,dev,1,3,"[""clean_spill__mop"", ""clean_spill__bucket"", ""clean_spill__sink""]","[0.7184403411510648,0.20583660399765155,0.07572305485128357]",clean_spill__mop,0.633011445874726,0.6051019086596602,clean_spill__mop,0.7184403411510648,0.6902755827891275,True,True,True,True,True
clean_spill,1,household_cleaning,dev,2,3,"[""clean_spill__bin"", ""clean_spill__soap"", ""clean_spill__cloth""]","[0.13872271476150247,0.484189850507798,0.3770874347306995]",clean_spill__mop,0.633011445874726,0.6051019086596602,clean_spill__soap,0.484189850507798,0.9038251787623006,False,False,False,False,True
clean_spill,1,household_cleaning,dev,3,1,"[""clean_spill__cabinet""]",[1.0],clean_spill__mop,0.633011445874726,0.6051019086596602,clean_spill__cabinet,1.0,0.0,False,False,False,False,True
clean_spill,2,household_cleaning,dev,1,3,"[""clean_spill__bucket"", ""clean_spill__sink"", ""clean_spill__bin""]","[0.7855970345892759,0.1752903921400367,0.03911257327068746]",clean_spill__bucket,0.6576633026167888,0.6250214783705232,clean_spill__bucket,0.7855970345892759,0.5657906898464112,True,True,True,True,True
clean_spill,2,household_cleaning,dev,2,3,"[""clean_spill__soap"", ""clean_spill__cloth"", ""clean_spill__cabinet""]","[0.5465493872661796,0.33149896042409144,0.12195165230972883]",clean_spill__bucket,0.6576633026167888,0.6250214783705232,clean_spill__soap,0.5465493872661796,0.8672828201917282,False,False,True,True,True
clean_spill,3,household_cleaning,dev,1,3,"[""clean_spill__sink"", ""clean_spill__bin"", ""clean_spill__soap""]","[0.7053845126982413,0.03511902695933972,0.259496460342419]",clean_spill__sink,0.631632466106581,0.6361697190062102,clean_spill__sink,0.7053845126982413,0.6497886154669466,True,True,True,True,True
clean_spill,3,household_cleaning,dev,2,2,"[""clean_spill__cloth"", ""clean_spill__cabinet""]","[0.8175744761936437,0.18242552380635632]",clean_spill__sink,0.631632466106581,0.6361697190062102,clean_spill__cloth,0.8175744761936437,0.6853545351054098,False,False,False,False,True
clean_spill,4,household_cleaning,dev,1,3,"[""clean_spill__bin"", ""clean_spill__soap"", ""clean_spill__cloth""]","[0.09003057317038049,0.6652409557748218,0.24472847105479775]",clean_spill__soap,0.6307955432474667,0.7163089919561747,clean_spill__soap,0.6652409557748218,0.7576791106615823,True,True,True,False,True
clean_spill,4,household_cleaning,dev,2,1,"[""clean_spill__cabinet""]",[1.0],clean_spill__soap,0.6307955432474667,0.7163089919561747,clean_spill__cabinet,1.0,0.0,False,False,False,False,True
tool_screw,1,tools_simple_manipulation,dev,1,3,"[""tool_screw__driver"", ""tool_screw__tray"", ""tool_screw__box""]","[0.9537315977210049,0.028800198738361635,0.017468203540633435]",tool_screw__driver,0.8064867834006986,0.388910966581052,tool_screw__driver,0.9537315977210049,0.19847447841461505,True,True,True,True,True
tool_screw,1,tools_simple_manipulation,dev,2,3,"[""tool_screw__bench"", ""tool_screw__bolt"", ""tool_screw__wrench""]","[0.13584864645063668,0.08239636915277296,0.7817549843965903]",tool_screw__driver,0.8064867834006986,0.388910966581052,tool_screw__wrench,0.7817549843965903,0.6092603145840507,False,False,True,True,True
tool_screw,1,tools_simple_manipulation,dev,3,1,"[""tool_screw__bin""]",[1.0],tool_screw__driver,0.8064867834006986,0.388910966581052,tool_screw__bin,1.0,0.0,False,False,False,False,True
tool_screw,2,tools_simple_manipulation,dev,1,3,"[""tool_screw__tray"", ""tool_screw__box"", ""tool_screw__bench""]","[0.3836517311905507,0.23269653761889864,0.3836517311905507]",tool_screw__wrench,0.5547173145502711,0.7374465747531476,tool_screw__tray,0.3836517311905507,0.9779322221663671,False,False,True,True,True
tool_screw,2,tools_simple_manipulation,dev,2,3,"[""tool_screw__bolt"", ""tool_screw__wrench"", ""tool_screw__bin""]","[0.2537161816350253,0.6896720861245035,0.0566117322404713]",tool_screw__wrench,0.5547173145502711,0.7374465747531476,tool_screw__wrench,0.6896720861245035,0.69795737040088,True,True,False,False,True
tool_screw,3,tools_simple_manipulation,dev,1,3,"[""tool_screw__box"", ""tool_screw__bench"", ""tool_screw__bolt""]","[0.3071958857184984,0.1863237232258476,0.506480391055654]",tool_screw__wrench,0.6345637783121489,0.7089051641576699,tool_screw__bolt,0.506480391055654,0.9286181733536304,False,False,True,False,True
tool_screw,3,tools_simple_manipulation,dev,2,2,"[""tool_screw__wrench"", ""tool_screw__bin""]","[0.8807970779778824,0.11920292202211759]",tool_screw__wrench,0.6345637783121489,0.7089051641576699,tool_screw__wrench,0.8807970779778824,0.5270653410031617,True,True,False,False,True
tool_screw,4,tools_simple_manipulation,dev,1,3,"[""tool_screw__bench"", ""tool_screw__bolt"", ""tool_screw__wrench""]","[0.09962364806231834,0.16425162762508788,0.7361247243125938]",tool_screw__wrench,0.6941790935174994,0.6692026093022976,tool_screw__wrench,0.7361247243125938,0.6844821030566388,True,True,True,False,True
tool_screw,4,tools_simple_manipulation,dev,2,1,"[""tool_screw__bin""]",[1.0],tool_screw__wrench,0.6941790935174994,0.6692026093022976,tool_screw__bin,1.0,0.0,False,False,False,False,True
tool_nail,1,tools_simple_manipulation,dev,1,3,"[""tool_nail__hammer"", ""tool_nail__board"", ""tool_nail__bench""]","[0.8079490522169862,0.14040049291079534,0.05165045487221846]",tool_nail__hammer,0.766337303667342,0.4329070814113783,tool_nail__hammer,0.8079490522169862,0.547050034236411,True,True,True,True,True
tool_nail,1,tools_simple_manipulation,dev,2,3,"[""tool_nail__box"", ""tool_nail__screw"", ""tool_nail__tray""]","[0.4192289516096977,0.25427521259046565,0.32649583579983665]",tool_nail__hammer,0.766337303667342,0.4329070814113783,tool_nail__box,0.4192289516096977,0.9813285913248723,False,False,False,False,True
tool_nail,1,tools_simple_manipulation,dev,3,1,"[""tool_nail__gloves""]",[1.0],tool_nail__hammer,0.766337303667342,0.4329070814113783,tool_nail__gloves,1.0,0.0,False,False,False,False,True
tool_nail,2,tools_simple_manipulation,dev,1,3,"[""tool_nail__board"", ""tool_nail__bench"", ""tool_nail__box""]","[0.8437947344813395,0.11419519938459449,0.042010066134066056]",tool_nail__board,0.7987532976710369,0.4250923434579576,tool_nail__board,0.8437947344813395,0.4772080397564655,True,True,True,True,True
tool_nail,2,tools_simple_manipulation,dev,2,3,"[""tool_nail__screw"", ""tool_nail__tray"", ""tool_nail__gloves""]","[0.27406861906119695,0.45186276187760605,0.27406861906119695]",tool_nail__board,0.7987532976710369,0.4250923434579576,tool_nail__tray,0.45186276187760605,0.9725409041019901,False,False,False,False,True
tool_nail,3,tools_simple_manipulation,dev,1,3,"[""tool_nail__bench"", ""tool_nail__box"", ""tool_nail__screw""]","[0.8214090194651259,0.11116562230242116,0.06742535823245294]",tool_nail__bench,0.7285408786219889,0.5871613567208324,tool_nail__bench,0.8214090194651259,0.5348827272066989,True,True,True,True,True
tool_nail,3,tools_simple_manipulation,dev,2,2,"[""tool_nail__tray"", ""tool_nail__gloves""]","[0.6791786991753931,0.320821300824607]",tool_nail__bench,0.7285408786219889,0.5871613567208324,tool_nail__tray,0.6791786991753931,0.9052723567690949,False,False,False,False,True
tool_nail,4,tools_simple_manipulation,dev,1,3,"[""tool_nail__box"", ""tool_nail__screw"", ""tool_nail__tray""]","[0.3333333333333333,0.3333333333333333,0.3333333333333333]",tool_nail__box,0.25,1.0,tool_nail__box,0.3333333333333333,0.9999999999999998,True,True,True,True,True
tool_nail,4,tools_simple_manipulation,dev,2,1,"[""tool_nail__gloves""]",[1.0],tool_nail__box,0.25,1.0,tool_nail__gloves,1.0,0.0,False,False,False,False,True
tool_bolt,1,tools_simple_manipulation,dev,1,3,"[""tool_bolt__wrench"", ""tool_bolt__tray"", ""tool_bolt__box""]","[0.9635935287934334,0.022661547718658984,0.013744923487907556]",tool_bolt__wrench,0.876799630593948,0.2971934260162725,tool_bolt__wrench,0.9635935287934334,0.16428220815536007,True,True,True,True,True
tool_bolt,1,tools_simple_manipulation,dev,2,3,"[""tool_bolt__shelf"", ""tool_bolt__screw"", ""tool_bolt__driver""]","[0.2312238976221491,0.1402443831660885,0.6285317192117624]",tool_bolt__wrench,0.876799630593948,0.2971934260162725,tool_bolt__driver,0.6285317192117624,0.8246396529730758,False,False,False,False,True
tool_bolt,1,tools_simple_manipulation,dev,3,1,"[""tool_bolt__bench""]",[1.0],tool_bolt__wrench,0.876799630593948,0.2971934260162725,tool_bolt__bench,1.0,0.0,False,False,False,False,True
tool_bolt,2,tools_simple_manipulation,dev,1,3,"[""tool_bolt__tray"", ""tool_bolt__box"", ""tool_bolt__shelf""]","[0.41922895160969775,0.32649583579983665,0.2542752125904656]",tool_bolt__driver,0.28473137401093823,0.9519060234792812,tool_bolt__tray,0.41922895160969775,0.9813285913248723,False,False,True,True,True
tool_bolt,2,tools_simple_manipulation,dev,2,3,"[""tool_bolt__screw"", ""tool_bolt__driver"", ""tool_bolt__bench""]","[0.32649583579983665,0.41922895160969764,0.25427521259046565]",tool_bolt__driver,0.28473137401093823,0.9519060234792812,tool_bolt__driver,0.41922895160969764,0.9813285913248723,True,True,False,False,True
tool_bolt,3,tools_simple_manipulation,dev,1,3,"[""tool_bolt__box"", ""tool_bolt__shelf"", ""tool_bolt__screw""]","[0.5434056116997428,0.25668663553873,0.1999077527615272]",tool_bolt__box,0.42555347308468217,0.9049833868839353,tool_bolt__box,0.5434056116997428,0.9123527879515387,True,True,True,True,True
tool_bolt,3,tools_simple_manipulation,dev,2,2,"[""tool_bolt__driver"", ""tool_bolt__bench""]","[0.5621765008857981,0.43782349911420193]",tool_bolt__box,0.42555347308468217,0.9049833868839353,tool_bolt__driver,0.5621765008857981,0.9888163926508522,False,False,False,False,True
tool_bolt,4,tools_simple_manipulation,dev,1,3,"[""tool_bolt__shelf"", ""tool_bolt__screw"", ""tool_bolt__driver""]","[0.12195165230972886,0.5465493872661795,0.33149896042409155]",tool_bolt__screw,0.45505423392341116,0.8981140386819492,tool_bolt__screw,0.5465493872661795,0.8672828201917282,True,True,True,False,True
tool_bolt,4,tools_simple_manipulation,dev,2,1,"[""tool_bolt__bench""]",[1.0],tool_bolt__screw,0.45505423392341116,0.8981140386819492,tool_bolt__bench,1.0,0.0,False,False,False,False,True
kitchen_apple,1,kitchen_food_preparation,held_out,1,3,"[""kitchen_apple__knife"", ""kitchen_apple__board"", ""kitchen_apple__plate""]","[0.6338076376009724,0.29938952887449793,0.06680283352452968]",kitchen_apple__knife,0.5936527807400033,0.5575246273805929,kitchen_apple__knife,0.6338076376009724,0.7562798195172404,True,True,True,True,True
kitchen_apple,1,kitchen_food_preparation,held_out,2,3,"[""kitchen_apple__sink"", ""kitchen_apple__orange"", ""kitchen_apple__juicer""]","[0.6914384540362276,0.1542807729818862,0.1542807729818862]",kitchen_apple__knife,0.5936527807400033,0.5575246273805929,kitchen_apple__sink,0.6914384540362276,0.757158337774854,False,False,False,False,True
kitchen_apple,1,kitchen_food_preparation,held_out,3,1,"[""kitchen_apple__bin""]",[1.0],kitchen_apple__knife,0.5936527807400033,0.5575246273805929,kitchen_apple__bin,1.0,0.0,False,False,False,False,True
kitchen_apple,2,kitchen_food_preparation,held_out,1,3,"[""kitchen_apple__board"", ""kitchen_apple__plate"", ""kitchen_apple__sink""]","[0.8834920740271944,0.07252144568074777,0.043986480292057845]",kitchen_apple__board,0.8425884770715755,0.3656890820756008,kitchen_apple__board,0.8834920740271944,0.39789834681110964,True,True,True,True,True
kitchen_apple,2,kitchen_food_preparation,held_out,2,3,"[""kitchen_apple__orange"", ""kitchen_apple__juicer"", ""kitchen_apple__bin""]","[0.3333333333333333,0.3333333333333333,0.3333333333333333]",kitchen_apple__board,0.8425884770715755,0.3656890820756008,kitchen_apple__orange,0.3333333333333333,0.9999999999999998,False,False,False,False,True
kitchen_apple,3,kitchen_food_preparation,held_out,1,3,"[""kitchen_apple__plate"", ""kitchen_apple__sink"", ""kitchen_apple__orange""]","[0.7855970345892759,0.1752903921400367,0.039112573270687456]",kitchen_apple__plate,0.7452182217086741,0.5141410904613841,kitchen_apple__plate,0.7855970345892759,0.5657906898464112,True,True,True,True,True
kitchen_apple,3,kitchen_food_preparation,held_out,2,2,"[""kitchen_apple__juicer"", ""kitchen_apple__bin""]","[0.5621765008857981,0.4378234991142019]",kitchen_apple__plate,0.7452182217086741,0.5141410904613841,kitchen_apple__juicer,0.5621765008857981,0.9888163926508522,False,False,False,False,True
kitchen_apple,4,kitchen_food_preparation,held_out,1,3,"[""kitchen_apple__sink"", ""kitchen_apple__orange"", ""kitchen_apple__juicer""]","[0.8725905572715923,0.07162659469286575,0.05578284803554199]",kitchen_apple__sink,0.8362602944010439,0.44892859417545694,kitchen_apple__sink,0.8725905572715923,0.4266820637155456,True,True,True,True,True
kitchen_apple,4,kitchen_food_preparation,held_out,2,1,"[""kitchen_apple__bin""]",[1.0],kitchen_apple__sink,0.8362602944010439,0.44892859417545694,kitchen_apple__bin,1.0,0.0,False,False,False,False,True
kitchen_juice,1,kitchen_food_preparation,held_out,1,3,"[""kitchen_juice__juicer"", ""kitchen_juice__cup"", ""kitchen_juice__sink""]","[0.8247095168489469,0.14331302494395287,0.031977458207100136]",kitchen_juice__juicer,0.7742116233767646,0.42379069639455413,kitchen_juice__juicer,0.8247095168489469,0.49830917959905086,True,True,True,True,True
kitchen_juice,1,kitchen_food_preparation,held_out,2,3,"[""kitchen_juice__fridge"", ""kitchen_juice__knife"", ""kitchen_juice__board""]","[0.20983182601596484,0.44421397916166544,0.3459541948223697]",kitchen_juice__juicer,0.7742116233767646,0.42379069639455413,kitchen_juice__knife,0.44421397916166544,0.9605857559553375,False,False,False,False,True
kitchen_juice,1,kitchen_food_preparation,held_out,3,1,"[""kitchen_juice__bin""]",[1.0],kitchen_juice__juicer,0.7742116233767646,0.42379069639455413,kitchen_juice__bin,1.0,0.0,False,False,False,False,True
kitchen_juice,2,kitchen_food_preparation,held_out,1,3,"[""kitchen_juice__cup"", ""kitchen_juice__sink"", ""kitchen_juice__fridge""]","[0.8978958380148415,0.057400560510693165,0.0447036014744654]",kitchen_juice__cup,0.8433511518570939,0.3738756832586029,kitchen_juice__cup,0.8978958380148415,0.36378944661357193,True,True,True,True,True
kitchen_juice,2,kitchen_food_preparation,held_out,2,3,"[""kitchen_juice__knife"", ""kitchen_juice__board"", ""kitchen_juice__bin""]","[0.41922895160969775,0.32649583579983665,0.2542752125904656]",kitchen_juice__cup,0.8433511518570939,0.3738756832586029,kitchen_juice__knife,0.41922895160969775,0.9813285913248723,False,False,False,False,True
kitchen_juice,3,kitchen_food_preparation,held_out,1,3,"[""kitchen_juice__sink"", ""kitchen_juice__fridge"", ""kitchen_juice__knife""]","[0.8214090194651259,0.11116562230242116,0.06742535823245295]",kitchen_juice__sink,0.7411292303336731,0.568556292079825,kitchen_juice__sink,0.8214090194651259,0.5348827272066989,True,True,True,True,True
kitchen_juice,3,kitchen_food_preparation,held_out,2,2,"[""kitchen_juice__board"", ""kitchen_juice__bin""]","[0.6224593312018546,0.3775406687981454]",kitchen_juice__sink,0.7411292303336731,0.568556292079825,kitchen_juice__board,0.6224593312018546,0.956286539380729,False,False,False,False,True
kitchen_juice,4,kitchen_food_preparation,held_out,1,3,"[""kitchen_juice__fridge"", ""kitchen_juice__knife"", ""kitchen_juice__board""]","[0.7158687539278307,0.15973190970917378,0.12439933636299551]",kitchen_juice__fridge,0.6761375039864048,0.6939558455558168,kitchen_juice__fridge,0.7158687539278307,0.7205045353648211,True,True,True,True,True
kitchen_juice,4,kitchen_food_preparation,held_out,2,1,"[""kitchen_juice__bin""]",[1.0],kitchen_juice__fridge,0.6761375039864048,0.6939558455558168,kitchen_juice__bin,1.0,0.0,False,False,False,False,True
kitchen_vegetable,1,kitchen_food_preparation,held_out,1,3,"[""kitchen_vegetable__board"", ""kitchen_vegetable__knife"", ""kitchen_vegetable__pan""]","[0.3314989604240914,0.5465493872661797,0.12195165230972889]",kitchen_vegetable__sink,0.4401767189819339,0.7388531896928484,kitchen_vegetable__knife,0.5465493872661797,0.8672828201917282,False,False,True,False,True
kitchen_vegetable,1,kitchen_food_preparation,held_out,2,3,"[""kitchen_vegetable__stove"", ""kitchen_vegetable__sink"", ""kitchen_vegetable__plate""]","[0.07252144568074775,0.8834920740271944,0.043986480292057845]",kitchen_vegetable__sink,0.4401767189819339,0.7388531896928484,kitchen_vegetable__sink,0.8834920740271944,0.3978983468111096,True,True,True,True,True
kitchen_vegetable,1,kitchen_food_preparation,held_out,3,1,"[""kitchen_vegetable__fridge""]",[1.0],kitchen_vegetable__sink,0.4401767189819339,0.7388531896928484,kitchen_vegetable__fridge,1.0,0.0,False,False,False,False,True
kitchen_vegetable,2,kitchen_food_preparation,held_out,1,3,"[""kitchen_vegetable__knife"", ""kitchen_vegetable__pan"", ""kitchen_vegetable__stove""]","[0.9186437381745072,0.04573657859820433,0.035619683227288396]",kitchen_vegetable__knife,0.7628648137819204,0.47397988786487905,kitchen_vegetable__knife,0.9186437381745072,0.3075066645820764,True,True,True,True,True
kitchen_vegetable,2,kitchen_food_preparation,held_out,2,3,"[""kitchen_vegetable__sink"", ""kitchen_vegetable__plate"", ""kitchen_vegetable__fridge""]","[0.7817549843965902,0.13584864645063677,0.082396369152773]",kitchen_vegetable__knife,0.7628648137819204,0.47397988786487905,kitchen_vegetable__sink,0.7817549843965902,0.6092603145840509,False,False,False,False,True
kitchen_vegetable,3,kitchen_food_preparation,held_out,1,3,"[""kitchen_vegetable__pan"", ""kitchen_vegetable__stove"", ""kitchen_vegetable__sink""]","[0.1642516276250878,0.09962364806231833,0.7361247243125939]",kitchen_vegetable__sink,0.670988949172438,0.6481215617340162,kitchen_vegetable__sink,0.7361247243125939,0.6844821030566387,True,True,True,False,True
kitchen_vegetable,3,kitchen_food_preparation,held_out,2,2,"[""kitchen_vegetable__plate"", ""kitchen_vegetable__fridge""]","[0.6224593312018546,0.37754066879814546]",kitchen_vegetable__sink,0.670988949172438,0.6481215617340162,kitchen_vegetable__plate,0.6224593312018546,0.956286539380729,False,False,False,False,True
kitchen_vegetable,4,kitchen_food_preparation,held_out,1,3,"[""kitchen_vegetable__stove"", ""kitchen_vegetable__sink"", ""kitchen_vegetable__plate""]","[0.8437947344813395,0.11419519938459449,0.04201006613406605]",kitchen_vegetable__stove,0.8309526605439513,0.42926430551477734,kitchen_vegetable__stove,0.8437947344813395,0.4772080397564655,True,True,True,True,True
kitchen_vegetable,4,kitchen_food_preparation,held_out,2,1,"[""kitchen_vegetable__fridge""]",[1.0],kitchen_vegetable__stove,0.8309526605439513,0.42926430551477734,kitchen_vegetable__fridge,1.0,0.0,False,False,False,False,True
assist_medicine,1,assistive_handover,held_out,1,3,"[""assist_medicine__user_zone"", ""assist_medicine__water"", ""assist_medicine__cup""]","[0.1316016471469143,0.5897976636568126,0.27860068919627307]",assist_medicine__water,0.5445710839966461,0.6260751802714943,assist_medicine__water,0.5897976636568126,0.8504626619511138,True,True,True,True,True
assist_medicine,1,assistive_handover,held_out,2,3,"[""assist_medicine__tray"", ""assist_medicine__cabinet"", ""assist_medicine__book""]","[0.6486542370516472,0.23862655824004822,0.11271920470830454]",assist_medicine__water,0.5445710839966461,0.6260751802714943,assist_medicine__tray,0.6486542370516472,0.7907618022474134,False,False,False,False,True
assist_medicine,1,assistive_handover,held_out,3,1,"[""assist_medicine__bin""]",[1.0],assist_medicine__water,0.5445710839966461,0.6260751802714943,assist_medicine__bin,1.0,0.0,False,False,False,False,True
assist_medicine,2,assistive_handover,held_out,1,3,"[""assist_medicine__water"", ""assist_medicine__cup"", ""assist_medicine__tray""]","[0.6896720861245036,0.25371618163502513,0.056611732240471294]",assist_medicine__water,0.6508794612585659,0.5553373252026487,assist_medicine__water,0.6896720861245036,0.6979573704008799,True,True,True,True,True
assist_medicine,2,assistive_handover,held_out,2,3,"[""assist_medicine__cabinet"", ""assist_medicine__book"", ""assist_medicine__bin""]","[0.5761168847658291,0.21194155761708544,0.21194155761708544]",assist_medicine__water,0.6508794612585659,0.5553373252026487,assist_medicine__cabinet,0.5761168847658291,0.887781648927894,False,False,False,False,True
assist_medicine,3,assistive_handover,held_out,1,3,"[""assist_medicine__cup"", ""assist_medicine__tray"", ""assist_medicine__cabinet""]","[0.8437947344813395,0.11419519938459448,0.04201006613406605]",assist_medicine__cup,0.8184956246095829,0.4125735775498398,assist_medicine__cup,0.8437947344813395,0.4772080397564655,True,True,True,True,True
assist_medicine,3,assistive_handover,held_out,2,2,"[""assist_medicine__book"", ""assist_medicine__bin""]","[0.5,0.5]",assist_medicine__cup,0.8184956246095829,0.4125735775498398,assist_medicine__book,0.5,1.0,False,False,False,False,True
assist_medicine,4,assistive_handover,held_out,1,3,"[""assist_medicine__tray"", ""assist_medicine__cabinet"", ""assist_medicine__book""]","[0.7855970345892759,0.17529039214003675,0.03911257327068747]",assist_medicine__tray,0.7560268779315683,0.5471847398149131,assist_medicine__tray,0.7855970345892759,0.5657906898464112,True,True,True,True,True
assist_medicine,4,assistive_handover,held_out,2,1,"[""assist_medicine__bin""]",[1.0],assist_medicine__tray,0.7560268779315683,0.5471847398149131,assist_medicine__bin,1.0,0.0,False,False,False,False,True
assist_glasses,1,assistive_handover,held_out,1,3,"[""assist_glasses__case"", ""assist_glasses__user_zone"", ""assist_glasses__drawer""]","[0.17529039214003664,0.7855970345892759,0.039112573270687456]",assist_glasses__user_zone,0.6498356914841716,0.6018412463570338,assist_glasses__user_zone,0.7855970345892759,0.5657906898464112,True,True,True,True,True
assist_glasses,1,assistive_handover,held_out,2,3,"[""assist_glasses__stand"", ""assist_glasses__cloth"", ""assist_glasses__book""]","[0.5740969929676946,0.3482074278837348,0.07769557914857057]",assist_glasses__user_zone,0.6498356914841716,0.6018412463570338,assist_glasses__stand,0.5740969929676946,0.8050627150304812,False,False,False,False,True
assist_glasses,1,assistive_handover,held_out,3,1,"[""assist_glasses__bin""]",[1.0],assist_glasses__user_zone,0.6498356914841716,0.6018412463570338,assist_glasses__bin,1.0,0.0,False,False,False,False,True
assist_glasses,2,assistive_handover,held_out,1,3,"[""assist_glasses__user_zone"", ""assist_glasses__drawer"", ""assist_glasses__stand""]","[0.8834920740271944,0.043986480292057845,0.07252144568074775]",assist_glasses__user_zone,0.8370657234471953,0.3768337091148267,assist_glasses__user_zone,0.8834920740271944,0.3978983468111096,True,True,True,True,True
assist_glasses,2,assistive_handover,held_out,2,3,"[""assist_glasses__cloth"", ""assist_glasses__book"", ""assist_glasses__bin""]","[0.48102426325336967,0.2272197730177806,0.2917559637288497]",assist_glasses__user_zone,0.8370657234471953,0.3768337091148267,assist_glasses__cloth,0.48102426325336967,0.9540493850590818,False,False,False,False,True
assist_glasses,3,assistive_handover,held_out,1,3,"[""assist_glasses__drawer"", ""assist_glasses__stand"", ""assist_glasses__cloth""]","[0.05661173224047131,0.2537161816350253,0.6896720861245035]",assist_glasses__cloth,0.6395172946503422,0.634688086553292,assist_glasses__cloth,0.6896720861245035,0.69795737040088,True,True,True,False,True
assist_glasses,3,assistive_handover,held_out,2,2,"[""assist_glasses__book"", ""assist_glasses__bin""]","[0.43782349911420193,0.5621765008857982]",assist_glasses__cloth,0.6395172946503422,0.634688086553292,assist_glasses__bin,0.5621765008857982,0.9888163926508522,False,False,False,False,True
assist_glasses,4,assistive_handover,held_out,1,3,"[""assist_glasses__stand"", ""assist_glasses__cloth"", ""assist_glasses__book""]","[0.2594964603424192,0.7053845126982411,0.03511902695933973]",assist_glasses__cloth,0.6439142598879722,0.6835034394931655,assist_glasses__cloth,0.7053845126982411,0.6497886154669469,True,True,True,False,True
assist_glasses,4,assistive_handover,held_out,2,1,"[""assist_glasses__bin""]",[1.0],assist_glasses__cloth,0.6439142598879722,0.6835034394931655,assist_glasses__bin,1.0,0.0,False,False,False,False,True
assist_phone,1,assistive_handover,held_out,1,3,"[""assist_phone__charger"", ""assist_phone__user_zone"", ""assist_phone__stand""]","[0.5922010701861592,0.3591881057825386,0.04861082403130227]",assist_phone__charger,0.5503234675644215,0.5734692905345956,assist_phone__charger,0.5922010701861592,0.7509748231103883,True,True,True,True,True
assist_phone,1,assistive_handover,held_out,2,3,"[""assist_phone__cable"", ""assist_phone__case"", ""assist_phone__table""]","[0.45186276187760605,0.27406861906119695,0.27406861906119695]",assist_phone__charger,0.5503234675644215,0.5734692905345956,assist_phone__cable,0.45186276187760605,0.9725409041019901,False,False,False,False,True
assist_phone,1,assistive_handover,held_out,3,1,"[""assist_phone__drawer""]",[1.0],assist_phone__charger,0.5503234675644215,0.5734692905345956,assist_phone__drawer,1.0,0.0,False,False,False,False,True
assist_phone,2,assistive_handover,held_out,1,3,"[""assist_phone__user_zone"", ""assist_phone__stand"", ""assist_phone__cable""]","[0.8834920740271944,0.07252144568074775,0.04398648029205784]",assist_phone__user_zone,0.8260486357025365,0.401352272318324,assist_phone__user_zone,0.8834920740271944,0.3978983468111096,True,True,True,True,True
assist_phone,2,assistive_handover,held_out,2,3,"[""assist_phone__case"", ""assist_phone__table"", ""assist_phone__drawer""]","[0.3836517311905507,0.3836517311905507,0.23269653761889858]",assist_phone__user_zone,0.8260486357025365,0.401352272318324,assist_phone__case,0.3836517311905507,0.9779322221663671,False,False,False,False,True
assist_phone,3,assistive_handover,held_out,1,3,"[""assist_phone__stand"", ""assist_phone__cable"", ""assist_phone__case""]","[0.5064803910556541,0.30719588571849843,0.18632372322584756]",assist_phone__stand,0.3681510950517233,0.9056824376723075,assist_phone__stand,0.5064803910556541,0.9286181733536304,True,True,True,True,True
assist_phone,3,assistive_handover,held_out,2,2,"[""assist_phone__table"", ""assist_phone__drawer""]","[0.8175744761936437,0.18242552380635635]",assist_phone__stand,0.3681510950517233,0.9056824376723075,assist_phone__table,0.8175744761936437,0.68535453510541,False,False,False,False,True
assist_phone,4,assistive_handover,held_out,1,3,"[""assist_phone__cable"", ""assist_phone__case"", ""assist_phone__table""]","[0.6652409557748218,0.24472847105479772,0.09003057317038049]",assist_phone__cable,0.6307955432474667,0.7163089919561747,assist_phone__cable,0.6652409557748218,0.7576791106615823,True,True,True,False,True
assist_phone,4,assistive_handover,held_out,2,1,"[""assist_phone__drawer""]",[1.0],assist_phone__cable,0.6307955432474667,0.7163089919561747,assist_phone__drawer,1.0,0.0,False,False,False,False,True
state_charger,1,state_dependent,held_out,1,3,"[""state_charger__occupied_charger"", ""state_charger__free_charger"", ""state_charger__cable""]","[0.013545786500842105,0.9496329482017329,0.03682126529742493]",state_charger__free_charger,0.8951831647630051,0.26303138691598243,state_charger__free_charger,0.9496329482017329,0.20837054761556859,True,True,True,True,True
state_charger,1,state_dependent,held_out,2,3,"[""state_charger__outlet"", ""state_charger__stand"", ""state_charger__case""]","[0.44421397916166544,0.3459541948223698,0.20983182601596484]",state_charger__free_charger,0.8951831647630051,0.26303138691598243,state_charger__outlet,0.44421397916166544,0.9605857559553377,False,False,False,False,True
state_charger,1,state_dependent,held_out,3,1,"[""state_charger__book""]",[1.0],state_charger__free_charger,0.8951831647630051,0.26303138691598243,state_charger__book,1.0,0.0,False,False,False,False,True
state_charger,2,state_dependent,held_out,1,3,"[""state_charger__occupied_charger"", ""state_charger__cable"", ""state_charger__outlet""]","[0.02159923037926972,0.7152682759694341,0.2631324936512962]",state_charger__cable,0.6876754055495378,0.4759667551882343,state_charger__cable,0.7152682759694341,0.6133441273552604,True,True,True,True,True
state_charger,2,state_dependent,held_out,2,3,"[""state_charger__stand"", ""state_charger__case"", ""state_charger__book""]","[0.41922895160969764,0.32649583579983665,0.25427521259046565]",state_charger__cable,0.6876754055495378,0.4759667551882343,state_charger__stand,0.41922895160969764,0.9813285913248723,False,False,False,False,True
state_charger,3,state_dependent,held_out,1,3,"[""state_charger__occupied_charger"", ""state_charger__outlet"", ""state_charger__stand""]","[0.01746820354063342,0.953731597721005,0.028800198738361614]",state_charger__outlet,0.9276974348390654,0.22082602474245028,state_charger__outlet,0.953731597721005,0.19847447841461485,True,True,True,True,True
state_charger,3,state_dependent,held_out,2,2,"[""state_charger__case"", ""state_charger__book""]","[0.6224593312018546,0.37754066879814546]",state_charger__outlet,0.9276974348390654,0.22082602474245028,state_charger__case,0.6224593312018546,0.956286539380729,False,False,False,False,True
state_charger,4,state_dependent,held_out,1,3,"[""state_charger__occupied_charger"", ""state_charger__stand"", ""state_charger__case""]","[0.06742535823245294,0.8214090194651259,0.11116562230242116]",state_charger__stand,0.7804280245072633,0.5457035461759321,state_charger__stand,0.8214090194651259,0.5348827272066989,True,True,True,True,True
state_charger,4,state_dependent,held_out,2,1,"[""state_charger__book""]",[1.0],state_charger__stand,0.7804280245072633,0.5457035461759321,state_charger__book,1.0,0.0,False,False,False,False,True
state_bins,1,state_dependent,held_out,1,3,"[""state_bins__full_bin"", ""state_bins__empty_bin"", ""state_bins__shelf""]","[0.010471333531834251,0.9425994054266797,0.04692926104148605]",state_bins__empty_bin,0.7718061025855374,0.4224338834830747,state_bins__empty_bin,0.9425994054266797,0.22484973255668822,True,True,True,True,True
state_bins,1,state_dependent,held_out,2,3,"[""state_bins__label"", ""state_bins__cabinet"", ""state_bins__basket""]","[0.05668088562774066,0.8866382287445186,0.05668088562774066]",state_bins__empty_bin,0.7718061025855374,0.4224338834830747,state_bins__cabinet,0.8866382287445186,0.3932807912696434,False,False,True,True,True
state_bins,1,state_dependent,held_out,3,1,"[""state_bins__table""]",[1.0],state_bins__empty_bin,0.7718061025855374,0.4224338834830747,state_bins__table,1.0,0.0,False,False,False,False,True
state_bins,2,state_dependent,held_out,1,3,"[""state_bins__full_bin"", ""state_bins__shelf"", ""state_bins__label""]","[0.10907674638367852,0.8059741981178316,0.08494905549848987]",state_bins__cabinet,0.5578076784604493,0.6840414130777145,state_bins__shelf,0.8059741981178316,0.5688926141954309,False,False,True,True,True
state_bins,2,state_dependent,held_out,2,3,"[""state_bins__cabinet"", ""state_bins__basket"", ""state_bins__table""]","[0.7483395102680941,0.037257630360091436,0.21440285937181452]",state_bins__cabinet,0.5578076784604493,0.6840414130777145,state_bins__cabinet,0.7483395102680941,0.6095644345641432,True,True,False,False,True
state_bins,3,state_dependent,held_out,1,3,"[""state_bins__full_bin"", ""state_bins__label"", ""state_bins__cabinet""]","[0.04398648029205786,0.07252144568074778,0.8834920740271944]",state_bins__cabinet,0.7118505267641149,0.5821079698609846,state_bins__cabinet,0.8834920740271944,0.3978983468111097,True,True,True,False,True
state_bins,3,state_dependent,held_out,2,2,"[""state_bins__basket"", ""state_bins__table""]","[0.18242552380635635,0.8175744761936437]",state_bins__cabinet,0.7118505267641149,0.5821079698609846,state_bins__table,0.8175744761936437,0.68535453510541,False,False,False,False,True
state_bins,4,state_dependent,held_out,1,3,"[""state_bins__full_bin"", ""state_bins__cabinet"", ""state_bins__basket""]","[0.028477491936493918,0.9430450161270121,0.028477491936493918]",state_bins__cabinet,0.8752890250007147,0.3591166933423681,state_bins__cabinet,0.9430450161270121,0.23482688711961192,True,True,True,True,True
state_bins,4,state_dependent,held_out,2,1,"[""state_bins__table""]",[1.0],state_bins__cabinet,0.8752890250007147,0.3591166933423681,state_bins__table,1.0,0.0,False,False,False,False,True
state_dishes,1,state_dependent,held_out,1,3,"[""state_dishes__full_cabinet"", ""state_dishes__free_rack"", ""state_dishes__cabinet""]","[0.010191681888231293,0.556446976823731,0.4333613412880376]",state_dishes__free_rack,0.48377171132879687,0.5713464076922102,state_dishes__free_rack,0.556446976823731,0.6692902154899608,True,True,True,True,True
state_dishes,1,state_dependent,held_out,2,3,"[""state_dishes__counter"", ""state_dishes__sink"", ""state_dishes__cup""]","[0.8725905572715923,0.07162659469286575,0.055782848035541996]",state_dishes__free_rack,0.48377171132879687,0.5713464076922102,state_dishes__counter,0.8725905572715923,0.4266820637155456,False,False,False,False,True
state_dishes,1,state_dependent,held_out,3,1,"[""state_dishes__bin""]",[1.0],state_dishes__free_rack,0.48377171132879687,0.5713464076922102,state_dishes__bin,1.0,0.0,False,False,False,False,True
state_dishes,2,state_dependent,held_out,1,3,"[""state_dishes__full_cabinet"", ""state_dishes__cabinet"", ""state_dishes__counter""]","[0.009000683925848314,0.8102157467475838,0.18078356932656794]",state_dishes__cabinet,0.7504469395381682,0.45885357838194424,state_dishes__cabinet,0.8102157467475838,0.47526606958073736,True,True,True,True,True
state_dishes,2,state_dependent,held_out,2,3,"[""state_dishes__sink"", ""state_dishes__cup"", ""state_dishes__bin""]","[0.506480391055654,0.18632372322584756,0.3071958857184984]",state_dishes__cabinet,0.7504469395381682,0.45885357838194424,state_dishes__sink,0.506480391055654,0.9286181733536304,False,False,False,False,True
state_dishes,3,state_dependent,held_out,1,3,"[""state_dishes__full_cabinet"", ""state_dishes__counter"", ""state_dishes__sink""]","[0.024093768286848408,0.7978760262069925,0.1780302055061591]",state_dishes__counter,0.6951927928488498,0.5975517014093319,state_dishes__counter,0.7978760262069925,0.5253678230693557,True,True,True,False,True
state_dishes,3,state_dependent,held_out,2,2,"[""state_dishes__cup"", ""state_dishes__bin""]","[0.2689414213699951,0.7310585786300048]",state_dishes__counter,0.6951927928488498,0.5975517014093319,state_dishes__bin,0.7310585786300048,0.8399415379831692,False,False,False,False,True
state_dishes,4,state_dependent,held_out,1,3,"[""state_dishes__full_cabinet"", ""state_dishes__counter"", ""state_dishes__cup""]","[0.04527850074362908,0.9094429985127418,0.04527850074362908]",state_dishes__counter,0.8700485065614078,0.3816366923023779,state_dishes__counter,0.9094429985127418,0.33368820343997013,True,True,True,True,True
state_dishes,4,state_dependent,held_out,2,1,"[""state_dishes__bin""]",[1.0],state_dishes__counter,0.8700485065614078,0.3816366923023779,state_dishes__bin,1.0,0.0,False,False,False,False,True
state_tool_absent,1,state_dependent,held_out,1,3,"[""state_tool_absent__parts_tray"", ""state_tool_absent__toolbox"", ""state_tool_absent__bench""]","[0.07162659469286574,0.8725905572715923,0.05578284803554196]",state_tool_absent__toolbox,0.7919985405023812,0.43835881963239937,state_tool_absent__toolbox,0.8725905572715923,0.4266820637155456,True,True,False,False,True
state_tool_absent,1,state_dependent,held_out,2,3,"[""state_tool_absent__bolt"", ""state_tool_absent__gloves"", ""state_tool_absent__label""]","[0.4518627618776061,0.274068619061197,0.274068619061197]",state_tool_absent__toolbox,0.7919985405023812,0.43835881963239937,state_tool_absent__bolt,0.4518627618776061,0.9725409041019903,False,False,False,False,True
state_tool_absent,1,state_dependent,held_out,3,1,"[""state_tool_absent__bin""]",[1.0],state_tool_absent__toolbox,0.7919985405023812,0.43835881963239937,state_tool_absent__bin,1.0,0.0,False,False,False,False,True
adv_multiple_surfaces,1,ambiguous_adversarial,held_out,1,3,"[""adv_multiple_surfaces__desk"", ""adv_multiple_surfaces__shelf"", ""adv_multiple_surfaces__tray""]","[0.35986746732333263,0.35986746732333263,0.2802650653533347]",adv_multiple_surfaces__desk,0.2718329672739141,0.8567014200959225,adv_multiple_surfaces__desk,0.35986746732333263,0.9940592684438868,True,True,True,True,True
adv_multiple_surfaces,1,ambiguous_adversarial,held_out,2,3,"[""adv_multiple_surfaces__drawer"", ""adv_multiple_surfaces__lamp"", ""adv_multiple_surfaces__box""]","[0.15428077298188625,0.6914384540362275,0.15428077298188625]",adv_multiple_surfaces__desk,0.2718329672739141,0.8567014200959225,adv_multiple_surfaces__lamp,0.6914384540362275,0.7571583377748542,False,False,True,True,True
adv_multiple_surfaces,1,ambiguous_adversarial,held_out,3,1,"[""adv_multiple_surfaces__chair""]",[1.0],adv_multiple_surfaces__desk,0.2718329672739141,0.8567014200959225,adv_multiple_surfaces__chair,1.0,0.0,False,False,True,True,True
adv_multiple_surfaces,2,ambiguous_adversarial,held_out,1,3,"[""adv_multiple_surfaces__shelf"", ""adv_multiple_surfaces__tray"", ""adv_multiple_surfaces__drawer""]","[0.7361247243125939,0.16425162762508774,0.09962364806231834]",adv_multiple_surfaces__shelf,0.6576633026167888,0.6250214783705231,adv_multiple_surfaces__shelf,0.7361247243125939,0.6844821030566386,True,True,True,True,True
adv_multiple_surfaces,2,ambiguous_adversarial,held_out,2,3,"[""adv_multiple_surfaces__lamp"", ""adv_multiple_surfaces__box"", ""adv_multiple_surfaces__chair""]","[0.3071958857184984,0.506480391055654,0.18632372322584756]",adv_multiple_surfaces__shelf,0.6576633026167888,0.6250214783705231,adv_multiple_surfaces__box,0.506480391055654,0.9286181733536304,False,False,True,False,True
adv_multiple_surfaces,3,ambiguous_adversarial,held_out,1,3,"[""adv_multiple_surfaces__shelf"", ""adv_multiple_surfaces__drawer"", ""adv_multiple_surfaces__lamp""]","[0.8437947344813395,0.042010066134066056,0.11419519938459448]",adv_multiple_surfaces__shelf,0.670988949172438,0.6481215617340161,adv_multiple_surfaces__shelf,0.8437947344813395,0.4772080397564655,True,True,True,False,True
adv_multiple_surfaces,3,ambiguous_adversarial,held_out,2,2,"[""adv_multiple_surfaces__box"", ""adv_multiple_surfaces__chair""]","[0.2689414213699952,0.7310585786300048]",adv_multiple_surfaces__shelf,0.670988949172438,0.6481215617340161,adv_multiple_surfaces__chair,0.7310585786300048,0.8399415379831695,False,False,False,False,True
adv_multiple_surfaces,4,ambiguous_adversarial,held_out,1,3,"[""adv_multiple_surfaces__shelf"", ""adv_multiple_surfaces__lamp"", ""adv_multiple_surfaces__box""]","[0.8834920740271944,0.07252144568074775,0.04398648029205784]",adv_multiple_surfaces__shelf,0.8605337655539169,0.3940545535303698,adv_multiple_surfaces__shelf,0.8834920740271944,0.3978983468111096,True,True,True,True,True
adv_multiple_surfaces,4,ambiguous_adversarial,held_out,2,1,"[""adv_multiple_surfaces__chair""]",[1.0],adv_multiple_surfaces__shelf,0.8605337655539169,0.3940545535303698,adv_multiple_surfaces__chair,1.0,0.0,False,False,False,False,True
adv_completed,1,ambiguous_adversarial,held_out,1,3,"[""adv_completed__charger"", ""adv_completed__cable"", ""adv_completed__outlet""]","[0.7817549843965902,0.1358486464506367,0.08239636915277303]",adv_completed__charger,0.7333081924710022,0.4817752560079684,adv_completed__charger,0.7817549843965902,0.6092603145840509,True,True,True,True,True
adv_completed,1,ambiguous_adversarial,held_out,2,3,"[""adv_completed__stand"", ""adv_completed__case"", ""adv_completed__book""]","[0.5282521236080878,0.320401109026613,0.15134676736529923]",adv_completed__charger,0.7333081924710022,0.4817752560079684,adv_completed__stand,0.5282521236080878,0.8989209626716256,False,False,False,False,True
adv_completed,1,ambiguous_adversarial,held_out,3,1,"[""adv_completed__drawer""]",[1.0],adv_completed__charger,0.7333081924710022,0.4817752560079684,adv_completed__drawer,1.0,0.0,False,False,False,False,True
adv_completed,2,ambiguous_adversarial,held_out,1,3,"[""adv_completed__cable"", ""adv_completed__outlet"", ""adv_completed__stand""]","[0.27406861906119695,0.27406861906119695,0.45186276187760605]",adv_completed__stand,0.2540266263529452,0.9788371225362312,adv_completed__stand,0.45186276187760605,0.9725409041019901,True,True,True,False,True
adv_completed,2,ambiguous_adversarial,held_out,2,3,"[""adv_completed__case"", ""adv_completed__book"", ""adv_completed__drawer""]","[0.451862761877606,0.27406861906119695,0.27406861906119695]",adv_completed__stand,0.2540266263529452,0.9788371225362312,adv_completed__case,0.451862761877606,0.9725409041019903,False,False,False,False,True
adv_completed,3,ambiguous_adversarial,held_out,1,3,"[""adv_completed__outlet"", ""adv_completed__stand"", ""adv_completed__case""]","[0.3333333333333333,0.3333333333333333,0.3333333333333333]",adv_completed__outlet,0.2,1.0000000000000002,adv_completed__outlet,0.3333333333333333,0.9999999999999998,True,True,True,True,True
adv_completed,3,ambiguous_adversarial,held_out,2,2,"[""adv_completed__book"", ""adv_completed__drawer""]","[0.5,0.5]",adv_completed__outlet,0.2,1.0000000000000002,adv_completed__book,0.5,1.0,False,False,False,False,True
adv_completed,4,ambiguous_adversarial,held_out,1,3,"[""adv_completed__stand"", ""adv_completed__case"", ""adv_completed__book""]","[0.3333333333333333,0.3333333333333333,0.3333333333333333]",adv_completed__stand,0.25,1.0,adv_completed__stand,0.3333333333333333,0.9999999999999998,True,True,False,False,True
adv_completed,4,ambiguous_adversarial,held_out,2,1,"[""adv_completed__drawer""]",[1.0],adv_completed__stand,0.25,1.0,adv_completed__drawer,1.0,0.0,False,False,False,False,True
adv_no_charger,1,ambiguous_adversarial,held_out,1,3,"[""adv_no_charger__book"", ""adv_no_charger__plate"", ""adv_no_charger__fruit""]","[0.3333333333333333,0.3333333333333333,0.3333333333333333]",adv_no_charger__book,0.14285714285714285,1.0,adv_no_charger__book,0.3333333333333333,0.9999999999999998,True,True,False,False,True
adv_no_charger,1,ambiguous_adversarial,held_out,2,3,"[""adv_no_charger__knife"", ""adv_no_charger__cabinet"", ""adv_no_charger__bin""]","[0.3333333333333333,0.3333333333333333,0.3333333333333333]",adv_no_charger__book,0.14285714285714285,1.0,adv_no_charger__knife,0.3333333333333333,0.9999999999999998,False,False,False,False,True
adv_no_charger,1,ambiguous_adversarial,held_out,3,1,"[""adv_no_charger__desk""]",[1.0],adv_no_charger__book,0.14285714285714285,1.0,adv_no_charger__desk,1.0,0.0,False,False,False,False,True
