sceneFamily,coverageOperatingPoint,split,decisionCount,eligibleInformativeCount,nextTargetTop1Accuracy,activeContextCount,activeContextPrecision,overallParticipation,wrongActiveCount,ambiguityAccuracy
ambiguous_adversarial,C65,held_out,9,5,0.6,4,0.5,0.4444444444444444,2,0.5
ambiguous_adversarial,C85,held_out,9,5,0.6,4,0.5,0.4444444444444444,2,0.5
ambiguous_adversarial,C100,held_out,9,5,0.6,4,0.5,0.4444444444444444,2,0.5
assistive_handover,C65,held_out,12,10,0.7,8,0.75,0.6666666666666666,2,0.0
assistive_handover,C85,held_out,12,10,0.7,11,0.5454545454545454,0.9166666666666666,5,0.0
assistive_handover,C100,held_out,12,10,0.7,12,0.5833333333333334,1.0,5,0.0
desktop_office,C65,train,28,24,0.8333333333333334,15,0.6666666666666666,0.5357142857142857,5,0.0
desktop_office,C85,train,28,24,0.8333333333333334,24,0.7083333333333334,0.8571428571428571,7,0.0
desktop_office,C100,train,28,24,0.8333333333333334,26,0.7307692307692307,0.9285714285714286,7,0.0
household_cleaning,C65,dev,12,10,0.9,10,0.8,0.8333333333333334,2,0.0
household_cleaning,C85,dev,12,10,0.9,12,0.75,1.0,3,0.0
household_cleaning,C100,dev,12,10,0.9,12,0.75,1.0,3,0.0
kitchen_food_preparation,C65,held_out,12,10,0.9,11,0.7272727272727273,0.9166666666666666,3,0.0
kitchen_food_preparation,C85,held_out,12,10,0.9,12,0.75,1.0,3,0.0
kitchen_food_preparation,C100,held_out,12,10,0.9,12,0.75,1.0,3,0.0
state_dependent,C65,held_out,13,9,0.6666666666666666,11,0.45454545454545453,0.8461538461538461,6,0.0
state_dependent,C85,held_out,13,9,0.6666666666666666,13,0.46153846153846156,1.0,7,0.0
state_dependent,C100,held_out,13,9,0.6666666666666666,13,0.46153846153846156,1.0,7,0.0
storage_organization,C65,train,28,24,0.4583333333333333,18,0.4444444444444444,0.6428571428571429,10,0.0
storage_organization,C85,train,28,24,0.4583333333333333,25,0.36,0.8928571428571429,16,0.0
storage_organization,C100,train,28,24,0.4583333333333333,27,0.37037037037037035,0.9642857142857143,17,0.0
tools_simple_manipulation,C65,dev,12,11,0.5454545454545454,7,0.5714285714285714,0.5833333333333334,3,0.0
tools_simple_manipulation,C85,dev,12,11,0.5454545454545454,8,0.5,0.6666666666666666,4,0.0
tools_simple_manipulation,C100,dev,12,11,0.5454545454545454,11,0.45454545454545453,0.9166666666666666,6,0.0
