roundIndex,coverageOperatingPoint,decisionCount,eligibleInformativeCount,nextTargetTop1Accuracy,activeContextCount,activeContextPrecision,overallParticipation,wrongActiveCount
1,C65,33,20,0.85,28,0.5714285714285714,0.8484848484848485,12
1,C85,33,20,0.85,31,0.5483870967741935,0.9393939393939394,14
1,C100,33,20,0.85,31,0.5483870967741935,0.9393939393939394,14
2,C65,31,26,0.7692307692307693,22,0.6818181818181818,0.7096774193548387,7
2,C85,31,26,0.7692307692307693,28,0.6785714285714286,0.9032258064516129,9
2,C100,31,26,0.7692307692307693,30,0.6666666666666666,0.967741935483871,10
3,C65,31,30,0.5666666666666667,20,0.5,0.6451612903225806,10
3,C85,31,30,0.5666666666666667,25,0.48,0.8064516129032258,13
3,C100,31,30,0.5666666666666667,30,0.5333333333333333,0.967741935483871,14
4,C65,31,27,0.6296296296296297,14,0.7142857142857143,0.45161290322580644,4
4,C85,31,27,0.6296296296296297,25,0.56,0.8064516129032258,11
4,C100,31,27,0.6296296296296297,26,0.5384615384615384,0.8387096774193549,12
