scene_id,family,trajectory_id,point_id,selection_round,history_length,candidate_count,context_status,top_candidate_id,top_candidate,top1_acceptable,q_dimension,q_sum,candidate_set_correct,selected_removal_correct,prior_top_mass,prior_margin,normalized_entropy,api_latency_ms,q_global_json,ranking_json
laundry-room,laundry,laundry-room-shirt-first,laundry-room-shirt-first-r01,1,1,7,informative,washer,洗衣机,1,7,1.0,1,1,0.5031665101990555,0.19798059482271857,0.6552734606268488,2912.645,"{""jeans"":0.053033360000479896,""basket"":0.08743722868948851,""washer"":0.5031665101990555,""detergent"":0.3051859153763369,""rack"":0.032166358827868655,""cabinet"":0.011833342110116411,""trash"":0.007177284796654192}","[""washer"",""detergent"",""basket"",""jeans"",""rack"",""cabinet"",""trash""]"
laundry-room,laundry,laundry-room-shirt-first,laundry-room-shirt-first-r02,2,2,6,informative,washer,洗衣机,1,6,0.9999999999999999,1,1,0.42908721657652843,0.09491375630079862,0.7146152853675766,2957.275,"{""jeans"":0.15785236544798284,""washer"":0.42908721657652843,""detergent"":0.3341734602757298,""rack"":0.05807063998859425,""cabinet"":0.012957311200576848,""trash"":0.007859006510587768}","[""washer"",""detergent"",""jeans"",""rack"",""cabinet"",""trash""]"
laundry-room,laundry,laundry-room-shirt-first,laundry-room-shirt-first-r03,3,3,5,context_off,,,0,5,1.0,1,1,0.2,0.0,1.0000000000000002,2947.726,"{""jeans"":0.2,""detergent"":0.2,""rack"":0.2,""cabinet"":0.2,""trash"":0.2}",[]
laundry-room,laundry,laundry-room-shirt-first,laundry-room-shirt-first-r04,4,4,4,informative,jeans,蓝色牛仔裤,0,4,0.9999999999999999,1,1,0.7863841160740562,0.6109181023162706,0.46471734768152,1914.176,"{""jeans"":0.7863841160740562,""rack"":0.17546601375778553,""cabinet"":0.023746742670309295,""trash"":0.014403127497848837}","[""jeans"",""rack"",""cabinet"",""trash""]"
laundry-room,laundry,laundry-room-shirt-first,laundry-room-shirt-first-r05,5,5,3,informative,jeans,蓝色牛仔裤,0,3,1.0,1,1,0.953731597721005,0.9249313989826434,0.19847447841461485,2118.078,"{""jeans"":0.953731597721005,""cabinet"":0.028800198738361614,""trash"":0.01746820354063342}","[""jeans"",""cabinet"",""trash""]"
laundry-room,laundry,laundry-room-basket-first,laundry-room-basket-first-r01,1,1,7,informative,shirt,白色衬衫,1,7,1.0,1,1,0.399848823740683,0.0,0.6810685700982191,3361.938,"{""shirt"":0.399848823740683,""jeans"":0.399848823740683,""washer"":0.08921833207641985,""detergent"":0.054113653812771764,""rack"":0.032821590146521515,""cabinet"":0.012074388241460452,""trash"":0.012074388241460452}","[""shirt"",""jeans"",""washer"",""detergent"",""rack"",""cabinet"",""trash""]"
laundry-room,laundry,laundry-room-basket-first,laundry-room-basket-first-r02,2,2,6,informative,jeans,蓝色牛仔裤,0,6,0.9999999999999999,1,1,0.40000058972796215,0.0884798172188015,0.6982606769618409,3222.413,"{""jeans"":0.40000058972796215,""washer"":0.31152077250916066,""detergent"":0.24261262157314328,""rack"":0.03283404785737848,""cabinet"":0.0073262663567380685,""trash"":0.005705701975617297}","[""jeans"",""washer"",""detergent"",""rack"",""cabinet"",""trash""]"
laundry-room,laundry,laundry-room-basket-first,laundry-room-basket-first-r03,3,3,5,context_off,,,0,5,1.0,1,1,0.2,0.0,1.0000000000000002,2584.089,"{""jeans"":0.2,""washer"":0.2,""rack"":0.2,""cabinet"":0.2,""trash"":0.2}",[]
laundry-room,laundry,laundry-room-basket-first,laundry-room-basket-first-r04,4,4,4,informative,jeans,蓝色牛仔裤,0,4,1.0,1,1,0.7963621964967398,0.6186697720562669,0.4334297388990225,2296.651,"{""jeans"":0.7963621964967398,""rack"":0.1776924244404728,""cabinet"":0.014585882415673455,""trash"":0.011359496647113923}","[""jeans"",""rack"",""cabinet"",""trash""]"
laundry-room,laundry,laundry-room-basket-first,laundry-room-basket-first-r05,5,5,3,informative,jeans,蓝色牛仔裤,0,3,1.0,1,1,0.8055124120405228,0.625778298540373,0.49598183187897293,2652.028,"{""jeans"":0.8055124120405228,""rack"":0.17973411350014976,""trash"":0.01475347445932747}","[""jeans"",""rack"",""trash""]"
kitchen,kitchen,kitchen-apple-first,kitchen-apple-first-r01,1,1,7,invalid,,,0,0,,0,1,,,,0.0,{},[]
kitchen,kitchen,kitchen-apple-first,kitchen-apple-first-r02,2,2,6,invalid,,,0,0,,0,1,,,,0.0,{},[]
kitchen,kitchen,kitchen-apple-first,kitchen-apple-first-r03,3,3,5,invalid,,,0,0,,0,1,,,,0.0,{},[]
kitchen,kitchen,kitchen-apple-first,kitchen-apple-first-r04,4,4,4,invalid,,,0,0,,0,1,,,,0.0,{},[]
kitchen,kitchen,kitchen-apple-first,kitchen-apple-first-r05,5,5,3,invalid,,,0,0,,0,1,,,,0.0,{},[]
kitchen,kitchen,kitchen-knife-first,kitchen-knife-first-r01,1,1,7,invalid,,,0,0,,0,1,,,,0.0,{},[]
kitchen,kitchen,kitchen-knife-first,kitchen-knife-first-r02,2,2,6,invalid,,,0,0,,0,1,,,,0.0,{},[]
kitchen,kitchen,kitchen-knife-first,kitchen-knife-first-r03,3,3,5,invalid,,,0,0,,0,1,,,,0.0,{},[]
kitchen,kitchen,kitchen-knife-first,kitchen-knife-first-r04,4,4,4,invalid,,,0,0,,0,1,,,,0.0,{},[]
kitchen,kitchen,kitchen-knife-first,kitchen-knife-first-r05,5,5,3,invalid,,,0,0,,0,1,,,,0.0,{},[]
study-office,study_office,study-office-book-first,study-office-book-first-r01,1,1,7,invalid,,,0,0,,0,1,,,,0.0,{},[]
study-office,study_office,study-office-book-first,study-office-book-first-r02,2,2,6,invalid,,,0,0,,0,1,,,,0.0,{},[]
study-office,study_office,study-office-book-first,study-office-book-first-r03,3,3,5,invalid,,,0,0,,0,1,,,,0.0,{},[]
study-office,study_office,study-office-book-first,study-office-book-first-r04,4,4,4,invalid,,,0,0,,0,1,,,,0.0,{},[]
study-office,study_office,study-office-book-first,study-office-book-first-r05,5,5,3,invalid,,,0,0,,0,1,,,,0.0,{},[]
study-office,study_office,study-office-shelf-first,study-office-shelf-first-r01,1,1,7,invalid,,,0,0,,0,1,,,,0.0,{},[]
study-office,study_office,study-office-shelf-first,study-office-shelf-first-r02,2,2,6,invalid,,,0,0,,0,1,,,,0.0,{},[]
study-office,study_office,study-office-shelf-first,study-office-shelf-first-r03,3,3,5,invalid,,,0,0,,0,1,,,,0.0,{},[]
study-office,study_office,study-office-shelf-first,study-office-shelf-first-r04,4,4,4,invalid,,,0,0,,0,1,,,,0.0,{},[]
study-office,study_office,study-office-shelf-first,study-office-shelf-first-r05,5,5,3,invalid,,,0,0,,0,1,,,,0.0,{},[]
bedroom-clothing,bedroom_clothing,bedroom-clothing-shirt-first,bedroom-clothing-shirt-first-r01,1,1,7,informative,basket,洗衣篮,1,7,1.0,1,1,0.5939653781475964,0.3754577267594743,0.6254695109323798,3405.591,"{""jacket"":0.21850765138812211,""hanger"":0.08038447268434673,""wardrobe"":0.048755647247888986,""basket"":0.5939653781475964,""bed"":0.010878855378561819,""bedside"":0.01793620026350537,""drawer"":0.029571794889978544}","[""basket"",""jacket"",""hanger"",""wardrobe"",""drawer"",""bedside"",""bed""]"
bedroom-clothing,bedroom_clothing,bedroom-clothing-shirt-first,bedroom-clothing-shirt-first-r02,2,2,6,informative,jacket,蓝色外套,0,6,1.0,1,1,0.47613809331426554,0.1053213733909899,0.6420704324361025,1596.588,"{""jacket"":0.47613809331426554,""wardrobe"":0.10624076901398005,""basket"":0.37081671992327564,""bed"":0.008720773378314504,""bedside"":0.014378124565782541,""drawer"":0.02370551980438172}","[""jacket"",""basket"",""wardrobe"",""drawer"",""bedside"",""bed""]"
bedroom-clothing,bedroom_clothing,bedroom-clothing-shirt-first,bedroom-clothing-shirt-first-r03,3,3,5,context_off,,,0,5,1.0,1,1,0.2,0.0,1.0000000000000002,11745.634,"{""jacket"":0.2,""basket"":0.2,""bed"":0.2,""bedside"":0.2,""drawer"":0.2}",[]
bedroom-clothing,bedroom_clothing,bedroom-clothing-shirt-first,bedroom-clothing-shirt-first-r04,4,4,4,informative,jacket,蓝色外套,0,4,1.0,1,1,0.8605337655539169,0.7898968525926052,0.3940545535303698,1220.353,"{""jacket"":0.8605337655539169,""bed"":0.04284345341848826,""bedside"":0.025985868066283165,""drawer"":0.07063691296131172}","[""jacket"",""drawer"",""bed"",""bedside""]"
bedroom-clothing,bedroom_clothing,bedroom-clothing-shirt-first,bedroom-clothing-shirt-first-r05,5,5,3,informative,jacket,蓝色外套,1,3,1.0,1,1,0.9259392562016979,0.8798394551486949,0.2850044101446166,961.948,"{""jacket"":0.9259392562016979,""bedside"":0.04609980105300302,""drawer"":0.027960942745299075}","[""jacket"",""bedside"",""drawer""]"
bedroom-clothing,bedroom_clothing,bedroom-clothing-hanger-first,bedroom-clothing-hanger-first-r01,1,1,7,informative,shirt,红色衬衫,1,7,1.0,1,1,0.49921070116202637,0.11042501617941514,0.5799996573218203,3330.972,"{""shirt"":0.49921070116202637,""jacket"":0.38878568498261123,""wardrobe"":0.024854237308723104,""basket"":0.04097770971792049,""bed"":0.011740310398528646,""bedside"":0.01507485695151417,""drawer"":0.019356499478676077}","[""shirt"",""jacket"",""basket"",""wardrobe"",""drawer"",""bedside"",""bed""]"
bedroom-clothing,bedroom_clothing,bedroom-clothing-hanger-first,bedroom-clothing-hanger-first-r02,2,2,6,informative,jacket,蓝色外套,0,6,0.9999999999999999,1,1,0.6050515846188343,0.3192454533619472,0.5802160356097862,3087.06,"{""jacket"":0.6050515846188343,""wardrobe"":0.049665658490824806,""basket"":0.28580613125688714,""bed"":0.011081906332934962,""bedside"":0.01827097469101633,""drawer"":0.030123744609502325}","[""jacket"",""basket"",""wardrobe"",""drawer"",""bedside"",""bed""]"
bedroom-clothing,bedroom_clothing,bedroom-clothing-hanger-first,bedroom-clothing-hanger-first-r03,3,3,5,informative,basket,洗衣篮,1,5,1.0,1,1,0.631632466106581,0.3992678674495521,0.6361697190062102,3281.477,"{""jacket"":0.23236459865702888,""wardrobe"":0.0854821587019743,""basket"":0.631632466106581,""bedside"":0.01907364776100502,""drawer"":0.03144712877341085}","[""basket"",""jacket"",""wardrobe"",""drawer"",""bedside""]"
bedroom-clothing,bedroom_clothing,bedroom-clothing-hanger-first,bedroom-clothing-hanger-first-r04,4,4,4,informative,basket,洗衣篮,1,4,1.0,1,1,0.6906726556696479,0.4365883850695019,0.5773168099866056,1429.808,"{""jacket"":0.25408427060014593,""basket"":0.6906726556696479,""bedside"":0.020856507002567318,""drawer"":0.03438656672763891}","[""basket"",""jacket"",""drawer"",""bedside""]"
bedroom-clothing,bedroom_clothing,bedroom-clothing-hanger-first,bedroom-clothing-hanger-first-r05,5,5,3,informative,jacket,蓝色外套,0,3,1.0,1,1,0.7053845126982412,0.4458880523558222,0.6497886154669467,1085.043,"{""jacket"":0.7053845126982412,""basket"":0.259496460342419,""bedside"":0.03511902695933973}","[""jacket"",""basket"",""bedside""]"
electronics-desk,electronics_desk,electronics-desk-phone-first,electronics-desk-phone-first-r01,1,1,7,invalid,,,0,0,,0,1,,,,0.0,{},[]
electronics-desk,electronics_desk,electronics-desk-phone-first,electronics-desk-phone-first-r02,2,2,6,invalid,,,0,0,,0,1,,,,0.0,{},[]
electronics-desk,electronics_desk,electronics-desk-phone-first,electronics-desk-phone-first-r03,3,3,5,invalid,,,0,0,,0,1,,,,0.0,{},[]
electronics-desk,electronics_desk,electronics-desk-phone-first,electronics-desk-phone-first-r04,4,4,4,invalid,,,0,0,,0,1,,,,0.0,{},[]
electronics-desk,electronics_desk,electronics-desk-phone-first,electronics-desk-phone-first-r05,5,5,3,invalid,,,0,0,,0,1,,,,0.0,{},[]
electronics-desk,electronics_desk,electronics-desk-charger-first,electronics-desk-charger-first-r01,1,1,7,invalid,,,0,0,,0,1,,,,0.0,{},[]
electronics-desk,electronics_desk,electronics-desk-charger-first,electronics-desk-charger-first-r02,2,2,6,invalid,,,0,0,,0,1,,,,0.0,{},[]
electronics-desk,electronics_desk,electronics-desk-charger-first,electronics-desk-charger-first-r03,3,3,5,invalid,,,0,0,,0,1,,,,0.0,{},[]
electronics-desk,electronics_desk,electronics-desk-charger-first,electronics-desk-charger-first-r04,4,4,4,invalid,,,0,0,,0,1,,,,0.0,{},[]
electronics-desk,electronics_desk,electronics-desk-charger-first,electronics-desk-charger-first-r05,5,5,3,invalid,,,0,0,,0,1,,,,0.0,{},[]
mixed-ambiguous,mixed_adversarial_ambiguous,mixed-ambiguous-phone-first,mixed-ambiguous-phone-first-r01,1,1,7,informative,charger,无线充电座,1,7,1.0,1,1,0.8832519421757831,0.8565800446193934,0.2915936428467525,3211.403,"{""apple"":0.02667189755638961,""knife"":0.020772094702916518,""plate"":0.020772094702916518,""charger"":0.8832519421757831,""box"":0.016177323620664767,""shelf"":0.016177323620664767,""trash"":0.016177323620664767}","[""charger"",""apple"",""knife"",""plate"",""box"",""shelf"",""trash""]"
mixed-ambiguous,mixed_adversarial_ambiguous,mixed-ambiguous-phone-first,mixed-ambiguous-phone-first-r02,2,2,6,context_off,apple,红色苹果,0,6,1.0,1,1,0.16666666666666666,0.0,1.0,2498.233,"{""apple"":0.16666666666666666,""knife"":0.16666666666666666,""plate"":0.16666666666666666,""box"":0.16666666666666666,""shelf"":0.16666666666666666,""trash"":0.16666666666666666}","[""apple"",""knife"",""plate"",""box"",""shelf"",""trash""]"
mixed-ambiguous,mixed_adversarial_ambiguous,mixed-ambiguous-phone-first,mixed-ambiguous-phone-first-r03,3,3,5,context_off,apple,红色苹果,0,5,1.0,1,1,0.2,0.0,1.0000000000000002,2525.468,"{""apple"":0.2,""knife"":0.2,""plate"":0.2,""shelf"":0.2,""trash"":0.2}","[""apple"",""knife"",""plate"",""shelf"",""trash""]"
mixed-ambiguous,mixed_adversarial_ambiguous,mixed-ambiguous-phone-first,mixed-ambiguous-phone-first-r04,4,4,4,context_off,apple,红色苹果,1,4,1.0,1,1,0.25,0.0,1.0,2463.319,"{""apple"":0.25,""knife"":0.25,""plate"":0.25,""trash"":0.25}","[""apple"",""knife"",""plate"",""trash""]"
mixed-ambiguous,mixed_adversarial_ambiguous,mixed-ambiguous-phone-first,mixed-ambiguous-phone-first-r05,5,5,3,informative,knife,水果刀,1,3,1.0,1,1,0.8990522695867426,0.8252535652749017,0.35129086065694437,2469.539,"{""knife"":0.8990522695867426,""plate"":0.07379870431184087,""trash"":0.027149026101416524}","[""knife"",""plate"",""trash""]"
mixed-ambiguous,mixed_adversarial_ambiguous,mixed-ambiguous-charger-first,mixed-ambiguous-charger-first-r01,1,1,7,informative,phone,手机,1,7,0.9999999999999999,1,1,0.8936961915902413,0.8726784716839388,0.2717145866602639,3362.079,"{""apple"":0.021017719906302516,""knife"":0.018090119169622297,""plate"":0.018090119169622297,""phone"":0.8936961915902413,""box"":0.016368616721403852,""shelf"":0.016368616721403852,""trash"":0.016368616721403852}","[""phone"",""apple"",""knife"",""plate"",""box"",""shelf"",""trash""]"
mixed-ambiguous,mixed_adversarial_ambiguous,mixed-ambiguous-charger-first,mixed-ambiguous-charger-first-r02,2,2,6,context_off,apple,红色苹果,0,6,1.0,1,1,0.16666666666666666,0.0,1.0,3099.539,"{""apple"":0.16666666666666666,""knife"":0.16666666666666666,""plate"":0.16666666666666666,""box"":0.16666666666666666,""shelf"":0.16666666666666666,""trash"":0.16666666666666666}","[""apple"",""knife"",""plate"",""box"",""shelf"",""trash""]"
mixed-ambiguous,mixed_adversarial_ambiguous,mixed-ambiguous-charger-first,mixed-ambiguous-charger-first-r03,3,3,5,informative,knife,水果刀,1,5,1.0,1,1,0.8794827889636333,0.8072904454418108,0.31203540633257215,2517.086,"{""knife"":0.8794827889636333,""plate"":0.07219234352182252,""box"":0.016108289171514717,""shelf"":0.016108289171514717,""trash"":0.016108289171514717}","[""knife"",""plate"",""box"",""shelf"",""trash""]"
mixed-ambiguous,mixed_adversarial_ambiguous,mixed-ambiguous-charger-first,mixed-ambiguous-charger-first-r04,4,4,4,informative,plate,白色盘子,1,4,1.0,1,1,0.8362602944010439,0.767615869285913,0.44892859417545694,1268.867,"{""plate"":0.8362602944010439,""box"":0.06864442511513091,""shelf"":0.05346033203315037,""trash"":0.04163494845067482}","[""plate"",""box"",""shelf"",""trash""]"
mixed-ambiguous,mixed_adversarial_ambiguous,mixed-ambiguous-charger-first,mixed-ambiguous-charger-first-r05,5,5,3,informative,box,关闭的收纳盒,1,3,1.0,1,1,0.6285317192117625,0.39730782158961353,0.8246396529730756,910.274,"{""box"":0.6285317192117625,""shelf"":0.23122389762214904,""trash"":0.14024438316608848}","[""box"",""shelf"",""trash""]"
