track,groupingScheme,method,safetyOperatingPoint,condition,qTop,realEegTrials,contextReplayScenarios,contextApplications,eligibleCongruentOpportunities,applicationCoverage,interventionPrecision,inducedWrongEarlyStops,wrongContextApplications,inducedRiskAmongWrongContextApplications,meanEvidenceSeconds,overallMeanGainSeconds,appliedTrialMeanGainSeconds,fractionEvidenceLE030,accuracy,meanFinalClassPreservation
track1_5ch,acquisitionCampaignGroup,M36_LOGISTIC_SAFE_GATE,SAFE-95,CONGRUENT_CONTEXT,0.45,88,88,4,88,0.045454545454545456,1.0,0,0,0.0,0.4840909090909091,0.014772727272727276,0.32500000000000007,0.36363636363636365,0.9431818181818182,1.0
track1_5ch,acquisitionCampaignGroup,M36_LOGISTIC_SAFE_GATE,SAFE-95,CONGRUENT_CONTEXT,0.50,88,88,4,88,0.045454545454545456,1.0,0,0,0.0,0.4840909090909091,0.014772727272727276,0.32500000000000007,0.36363636363636365,0.9431818181818182,1.0
track1_5ch,acquisitionCampaignGroup,M36_LOGISTIC_SAFE_GATE,SAFE-95,CONGRUENT_CONTEXT,0.55,88,88,4,88,0.045454545454545456,1.0,0,0,0.0,0.4840909090909091,0.014772727272727276,0.32500000000000007,0.36363636363636365,0.9431818181818182,1.0
track1_5ch,acquisitionCampaignGroup,M36_LOGISTIC_SAFE_GATE,SAFE-95,CONGRUENT_CONTEXT,0.60,88,88,4,88,0.045454545454545456,1.0,0,0,0.0,0.4840909090909091,0.014772727272727276,0.32500000000000007,0.36363636363636365,0.9431818181818182,1.0
track1_5ch,acquisitionCampaignGroup,M36_LOGISTIC_SAFE_GATE,SAFE-95,CONGRUENT_CONTEXT,0.65,88,88,4,88,0.045454545454545456,1.0,0,0,0.0,0.4840909090909091,0.014772727272727276,0.32500000000000007,0.36363636363636365,0.9431818181818182,1.0
track1_5ch,acquisitionCampaignGroup,M36_LOGISTIC_SAFE_GATE,SAFE-95,CONGRUENT_CONTEXT,0.70,88,88,4,88,0.045454545454545456,1.0,0,0,0.0,0.4840909090909091,0.014772727272727276,0.32500000000000007,0.36363636363636365,0.9431818181818182,1.0
track1_5ch,acquisitionCampaignGroup,M36_LOGISTIC_SAFE_GATE,SAFE-95,CONGRUENT_CONTEXT,0.75,88,88,4,88,0.045454545454545456,1.0,0,0,0.0,0.4840909090909091,0.014772727272727276,0.32500000000000007,0.36363636363636365,0.9431818181818182,1.0
track1_5ch,acquisitionCampaignGroup,M36_LOGISTIC_SAFE_GATE,SAFE-95,CONGRUENT_CONTEXT,0.80,88,88,4,88,0.045454545454545456,1.0,0,0,0.0,0.4840909090909091,0.014772727272727276,0.32500000000000007,0.36363636363636365,0.9431818181818182,1.0
track1_5ch,acquisitionCampaignGroup,M36_LOGISTIC_SAFE_GATE,SAFE-95,CONGRUENT_CONTEXT,0.85,88,88,4,88,0.045454545454545456,1.0,0,0,0.0,0.4840909090909091,0.014772727272727276,0.32500000000000007,0.36363636363636365,0.9431818181818182,1.0
track1_5ch,acquisitionCampaignGroup,M36_LOGISTIC_SAFE_GATE,SAFE-95,CONGRUENT_CONTEXT,0.90,88,88,4,88,0.045454545454545456,1.0,0,0,0.0,0.4840909090909091,0.014772727272727276,0.32500000000000007,0.36363636363636365,0.9431818181818182,1.0
track1_5ch,acquisitionCampaignGroup,M36_LOGISTIC_SAFE_GATE,SAFE-95,CONGRUENT_CONTEXT,0.95,88,88,4,88,0.045454545454545456,1.0,0,0,0.0,0.4840909090909091,0.014772727272727276,0.32500000000000007,0.36363636363636365,0.9431818181818182,1.0
track1_5ch,acquisitionCampaignGroup,M36_LOGISTIC_SAFE_GATE,SAFE-95,INCONGRUENT_CONTEXT,0.45,88,176,0,,0.0,,0,0,0.0,0.49886363636363595,0.0,,0.3409090909090909,0.9431818181818182,1.0
track1_5ch,acquisitionCampaignGroup,M36_LOGISTIC_SAFE_GATE,SAFE-95,INCONGRUENT_CONTEXT,0.50,88,176,0,,0.0,,0,0,0.0,0.49886363636363595,0.0,,0.3409090909090909,0.9431818181818182,1.0
track1_5ch,acquisitionCampaignGroup,M36_LOGISTIC_SAFE_GATE,SAFE-95,INCONGRUENT_CONTEXT,0.55,88,176,0,,0.0,,0,0,0.0,0.49886363636363595,0.0,,0.3409090909090909,0.9431818181818182,1.0
track1_5ch,acquisitionCampaignGroup,M36_LOGISTIC_SAFE_GATE,SAFE-95,INCONGRUENT_CONTEXT,0.60,88,176,0,,0.0,,0,0,0.0,0.49886363636363595,0.0,,0.3409090909090909,0.9431818181818182,1.0
track1_5ch,acquisitionCampaignGroup,M36_LOGISTIC_SAFE_GATE,SAFE-95,INCONGRUENT_CONTEXT,0.65,88,176,0,,0.0,,0,0,0.0,0.49886363636363595,0.0,,0.3409090909090909,0.9431818181818182,1.0
track1_5ch,acquisitionCampaignGroup,M36_LOGISTIC_SAFE_GATE,SAFE-95,INCONGRUENT_CONTEXT,0.70,88,176,0,,0.0,,0,0,0.0,0.49886363636363595,0.0,,0.3409090909090909,0.9431818181818182,1.0
track1_5ch,acquisitionCampaignGroup,M36_LOGISTIC_SAFE_GATE,SAFE-95,INCONGRUENT_CONTEXT,0.75,88,176,0,,0.0,,0,0,0.0,0.49886363636363595,0.0,,0.3409090909090909,0.9431818181818182,1.0
track1_5ch,acquisitionCampaignGroup,M36_LOGISTIC_SAFE_GATE,SAFE-95,INCONGRUENT_CONTEXT,0.80,88,176,0,,0.0,,0,0,0.0,0.49886363636363595,0.0,,0.3409090909090909,0.9431818181818182,1.0
track1_5ch,acquisitionCampaignGroup,M36_LOGISTIC_SAFE_GATE,SAFE-95,INCONGRUENT_CONTEXT,0.85,88,176,0,,0.0,,0,0,0.0,0.49886363636363595,0.0,,0.3409090909090909,0.9431818181818182,1.0
track1_5ch,acquisitionCampaignGroup,M36_LOGISTIC_SAFE_GATE,SAFE-95,INCONGRUENT_CONTEXT,0.90,88,176,0,,0.0,,0,0,0.0,0.49886363636363595,0.0,,0.3409090909090909,0.9431818181818182,1.0
track1_5ch,acquisitionCampaignGroup,M36_LOGISTIC_SAFE_GATE,SAFE-95,INCONGRUENT_CONTEXT,0.95,88,176,0,,0.0,,0,0,0.0,0.49886363636363595,0.0,,0.3409090909090909,0.9431818181818182,1.0
track1_5ch,acquisitionCampaignGroup,M36_LOGISTIC_SAFE_GATE,SAFE-95,NEUTRAL_CONTEXT,,88,88,0,,0.0,,0,0,0.0,0.49886363636363634,0.0,,0.3409090909090909,0.9431818181818182,1.0
track1_5ch,acquisitionCampaignGroup,M36_LOGISTIC_SAFE_GATE,SAFE-99,CONGRUENT_CONTEXT,0.45,88,88,4,88,0.045454545454545456,1.0,0,0,0.0,0.4840909090909091,0.014772727272727276,0.32500000000000007,0.36363636363636365,0.9431818181818182,1.0
track1_5ch,acquisitionCampaignGroup,M36_LOGISTIC_SAFE_GATE,SAFE-99,CONGRUENT_CONTEXT,0.50,88,88,4,88,0.045454545454545456,1.0,0,0,0.0,0.4840909090909091,0.014772727272727276,0.32500000000000007,0.36363636363636365,0.9431818181818182,1.0
track1_5ch,acquisitionCampaignGroup,M36_LOGISTIC_SAFE_GATE,SAFE-99,CONGRUENT_CONTEXT,0.55,88,88,4,88,0.045454545454545456,1.0,0,0,0.0,0.4840909090909091,0.014772727272727276,0.32500000000000007,0.36363636363636365,0.9431818181818182,1.0
track1_5ch,acquisitionCampaignGroup,M36_LOGISTIC_SAFE_GATE,SAFE-99,CONGRUENT_CONTEXT,0.60,88,88,4,88,0.045454545454545456,1.0,0,0,0.0,0.4840909090909091,0.014772727272727276,0.32500000000000007,0.36363636363636365,0.9431818181818182,1.0
track1_5ch,acquisitionCampaignGroup,M36_LOGISTIC_SAFE_GATE,SAFE-99,CONGRUENT_CONTEXT,0.65,88,88,4,88,0.045454545454545456,1.0,0,0,0.0,0.4840909090909091,0.014772727272727276,0.32500000000000007,0.36363636363636365,0.9431818181818182,1.0
track1_5ch,acquisitionCampaignGroup,M36_LOGISTIC_SAFE_GATE,SAFE-99,CONGRUENT_CONTEXT,0.70,88,88,4,88,0.045454545454545456,1.0,0,0,0.0,0.4840909090909091,0.014772727272727276,0.32500000000000007,0.36363636363636365,0.9431818181818182,1.0
track1_5ch,acquisitionCampaignGroup,M36_LOGISTIC_SAFE_GATE,SAFE-99,CONGRUENT_CONTEXT,0.75,88,88,4,88,0.045454545454545456,1.0,0,0,0.0,0.4840909090909091,0.014772727272727276,0.32500000000000007,0.36363636363636365,0.9431818181818182,1.0
track1_5ch,acquisitionCampaignGroup,M36_LOGISTIC_SAFE_GATE,SAFE-99,CONGRUENT_CONTEXT,0.80,88,88,4,88,0.045454545454545456,1.0,0,0,0.0,0.4840909090909091,0.014772727272727276,0.32500000000000007,0.36363636363636365,0.9431818181818182,1.0
track1_5ch,acquisitionCampaignGroup,M36_LOGISTIC_SAFE_GATE,SAFE-99,CONGRUENT_CONTEXT,0.85,88,88,4,88,0.045454545454545456,1.0,0,0,0.0,0.4840909090909091,0.014772727272727276,0.32500000000000007,0.36363636363636365,0.9431818181818182,1.0
track1_5ch,acquisitionCampaignGroup,M36_LOGISTIC_SAFE_GATE,SAFE-99,CONGRUENT_CONTEXT,0.90,88,88,4,88,0.045454545454545456,1.0,0,0,0.0,0.4840909090909091,0.014772727272727276,0.32500000000000007,0.36363636363636365,0.9431818181818182,1.0
track1_5ch,acquisitionCampaignGroup,M36_LOGISTIC_SAFE_GATE,SAFE-99,CONGRUENT_CONTEXT,0.95,88,88,4,88,0.045454545454545456,1.0,0,0,0.0,0.4840909090909091,0.014772727272727276,0.32500000000000007,0.36363636363636365,0.9431818181818182,1.0
track1_5ch,acquisitionCampaignGroup,M36_LOGISTIC_SAFE_GATE,SAFE-99,INCONGRUENT_CONTEXT,0.45,88,176,0,,0.0,,0,0,0.0,0.49886363636363595,0.0,,0.3409090909090909,0.9431818181818182,1.0
track1_5ch,acquisitionCampaignGroup,M36_LOGISTIC_SAFE_GATE,SAFE-99,INCONGRUENT_CONTEXT,0.50,88,176,0,,0.0,,0,0,0.0,0.49886363636363595,0.0,,0.3409090909090909,0.9431818181818182,1.0
track1_5ch,acquisitionCampaignGroup,M36_LOGISTIC_SAFE_GATE,SAFE-99,INCONGRUENT_CONTEXT,0.55,88,176,0,,0.0,,0,0,0.0,0.49886363636363595,0.0,,0.3409090909090909,0.9431818181818182,1.0
track1_5ch,acquisitionCampaignGroup,M36_LOGISTIC_SAFE_GATE,SAFE-99,INCONGRUENT_CONTEXT,0.60,88,176,0,,0.0,,0,0,0.0,0.49886363636363595,0.0,,0.3409090909090909,0.9431818181818182,1.0
track1_5ch,acquisitionCampaignGroup,M36_LOGISTIC_SAFE_GATE,SAFE-99,INCONGRUENT_CONTEXT,0.65,88,176,0,,0.0,,0,0,0.0,0.49886363636363595,0.0,,0.3409090909090909,0.9431818181818182,1.0
track1_5ch,acquisitionCampaignGroup,M36_LOGISTIC_SAFE_GATE,SAFE-99,INCONGRUENT_CONTEXT,0.70,88,176,0,,0.0,,0,0,0.0,0.49886363636363595,0.0,,0.3409090909090909,0.9431818181818182,1.0
track1_5ch,acquisitionCampaignGroup,M36_LOGISTIC_SAFE_GATE,SAFE-99,INCONGRUENT_CONTEXT,0.75,88,176,0,,0.0,,0,0,0.0,0.49886363636363595,0.0,,0.3409090909090909,0.9431818181818182,1.0
track1_5ch,acquisitionCampaignGroup,M36_LOGISTIC_SAFE_GATE,SAFE-99,INCONGRUENT_CONTEXT,0.80,88,176,0,,0.0,,0,0,0.0,0.49886363636363595,0.0,,0.3409090909090909,0.9431818181818182,1.0
track1_5ch,acquisitionCampaignGroup,M36_LOGISTIC_SAFE_GATE,SAFE-99,INCONGRUENT_CONTEXT,0.85,88,176,0,,0.0,,0,0,0.0,0.49886363636363595,0.0,,0.3409090909090909,0.9431818181818182,1.0
track1_5ch,acquisitionCampaignGroup,M36_LOGISTIC_SAFE_GATE,SAFE-99,INCONGRUENT_CONTEXT,0.90,88,176,0,,0.0,,0,0,0.0,0.49886363636363595,0.0,,0.3409090909090909,0.9431818181818182,1.0
track1_5ch,acquisitionCampaignGroup,M36_LOGISTIC_SAFE_GATE,SAFE-99,INCONGRUENT_CONTEXT,0.95,88,176,0,,0.0,,0,0,0.0,0.49886363636363595,0.0,,0.3409090909090909,0.9431818181818182,1.0
track1_5ch,acquisitionCampaignGroup,M36_LOGISTIC_SAFE_GATE,SAFE-99,NEUTRAL_CONTEXT,,88,88,0,,0.0,,0,0,0.0,0.49886363636363634,0.0,,0.3409090909090909,0.9431818181818182,1.0
track1_5ch,acquisitionCampaignGroup,M36_LOGISTIC_SAFE_GATE,SAFE-STRICT,CONGRUENT_CONTEXT,0.45,88,88,4,88,0.045454545454545456,1.0,0,0,0.0,0.4840909090909091,0.014772727272727276,0.32500000000000007,0.36363636363636365,0.9431818181818182,1.0
track1_5ch,acquisitionCampaignGroup,M36_LOGISTIC_SAFE_GATE,SAFE-STRICT,CONGRUENT_CONTEXT,0.50,88,88,4,88,0.045454545454545456,1.0,0,0,0.0,0.4840909090909091,0.014772727272727276,0.32500000000000007,0.36363636363636365,0.9431818181818182,1.0
track1_5ch,acquisitionCampaignGroup,M36_LOGISTIC_SAFE_GATE,SAFE-STRICT,CONGRUENT_CONTEXT,0.55,88,88,4,88,0.045454545454545456,1.0,0,0,0.0,0.4840909090909091,0.014772727272727276,0.32500000000000007,0.36363636363636365,0.9431818181818182,1.0
track1_5ch,acquisitionCampaignGroup,M36_LOGISTIC_SAFE_GATE,SAFE-STRICT,CONGRUENT_CONTEXT,0.60,88,88,4,88,0.045454545454545456,1.0,0,0,0.0,0.4840909090909091,0.014772727272727276,0.32500000000000007,0.36363636363636365,0.9431818181818182,1.0
track1_5ch,acquisitionCampaignGroup,M36_LOGISTIC_SAFE_GATE,SAFE-STRICT,CONGRUENT_CONTEXT,0.65,88,88,4,88,0.045454545454545456,1.0,0,0,0.0,0.4840909090909091,0.014772727272727276,0.32500000000000007,0.36363636363636365,0.9431818181818182,1.0
track1_5ch,acquisitionCampaignGroup,M36_LOGISTIC_SAFE_GATE,SAFE-STRICT,CONGRUENT_CONTEXT,0.70,88,88,4,88,0.045454545454545456,1.0,0,0,0.0,0.4840909090909091,0.014772727272727276,0.32500000000000007,0.36363636363636365,0.9431818181818182,1.0
track1_5ch,acquisitionCampaignGroup,M36_LOGISTIC_SAFE_GATE,SAFE-STRICT,CONGRUENT_CONTEXT,0.75,88,88,4,88,0.045454545454545456,1.0,0,0,0.0,0.4840909090909091,0.014772727272727276,0.32500000000000007,0.36363636363636365,0.9431818181818182,1.0
track1_5ch,acquisitionCampaignGroup,M36_LOGISTIC_SAFE_GATE,SAFE-STRICT,CONGRUENT_CONTEXT,0.80,88,88,4,88,0.045454545454545456,1.0,0,0,0.0,0.4840909090909091,0.014772727272727276,0.32500000000000007,0.36363636363636365,0.9431818181818182,1.0
track1_5ch,acquisitionCampaignGroup,M36_LOGISTIC_SAFE_GATE,SAFE-STRICT,CONGRUENT_CONTEXT,0.85,88,88,4,88,0.045454545454545456,1.0,0,0,0.0,0.4840909090909091,0.014772727272727276,0.32500000000000007,0.36363636363636365,0.9431818181818182,1.0
track1_5ch,acquisitionCampaignGroup,M36_LOGISTIC_SAFE_GATE,SAFE-STRICT,CONGRUENT_CONTEXT,0.90,88,88,4,88,0.045454545454545456,1.0,0,0,0.0,0.4840909090909091,0.014772727272727276,0.32500000000000007,0.36363636363636365,0.9431818181818182,1.0
track1_5ch,acquisitionCampaignGroup,M36_LOGISTIC_SAFE_GATE,SAFE-STRICT,CONGRUENT_CONTEXT,0.95,88,88,4,88,0.045454545454545456,1.0,0,0,0.0,0.4840909090909091,0.014772727272727276,0.32500000000000007,0.36363636363636365,0.9431818181818182,1.0
track1_5ch,acquisitionCampaignGroup,M36_LOGISTIC_SAFE_GATE,SAFE-STRICT,INCONGRUENT_CONTEXT,0.45,88,176,0,,0.0,,0,0,0.0,0.49886363636363595,0.0,,0.3409090909090909,0.9431818181818182,1.0
track1_5ch,acquisitionCampaignGroup,M36_LOGISTIC_SAFE_GATE,SAFE-STRICT,INCONGRUENT_CONTEXT,0.50,88,176,0,,0.0,,0,0,0.0,0.49886363636363595,0.0,,0.3409090909090909,0.9431818181818182,1.0
track1_5ch,acquisitionCampaignGroup,M36_LOGISTIC_SAFE_GATE,SAFE-STRICT,INCONGRUENT_CONTEXT,0.55,88,176,0,,0.0,,0,0,0.0,0.49886363636363595,0.0,,0.3409090909090909,0.9431818181818182,1.0
track1_5ch,acquisitionCampaignGroup,M36_LOGISTIC_SAFE_GATE,SAFE-STRICT,INCONGRUENT_CONTEXT,0.60,88,176,0,,0.0,,0,0,0.0,0.49886363636363595,0.0,,0.3409090909090909,0.9431818181818182,1.0
track1_5ch,acquisitionCampaignGroup,M36_LOGISTIC_SAFE_GATE,SAFE-STRICT,INCONGRUENT_CONTEXT,0.65,88,176,0,,0.0,,0,0,0.0,0.49886363636363595,0.0,,0.3409090909090909,0.9431818181818182,1.0
track1_5ch,acquisitionCampaignGroup,M36_LOGISTIC_SAFE_GATE,SAFE-STRICT,INCONGRUENT_CONTEXT,0.70,88,176,0,,0.0,,0,0,0.0,0.49886363636363595,0.0,,0.3409090909090909,0.9431818181818182,1.0
track1_5ch,acquisitionCampaignGroup,M36_LOGISTIC_SAFE_GATE,SAFE-STRICT,INCONGRUENT_CONTEXT,0.75,88,176,0,,0.0,,0,0,0.0,0.49886363636363595,0.0,,0.3409090909090909,0.9431818181818182,1.0
track1_5ch,acquisitionCampaignGroup,M36_LOGISTIC_SAFE_GATE,SAFE-STRICT,INCONGRUENT_CONTEXT,0.80,88,176,0,,0.0,,0,0,0.0,0.49886363636363595,0.0,,0.3409090909090909,0.9431818181818182,1.0
track1_5ch,acquisitionCampaignGroup,M36_LOGISTIC_SAFE_GATE,SAFE-STRICT,INCONGRUENT_CONTEXT,0.85,88,176,0,,0.0,,0,0,0.0,0.49886363636363595,0.0,,0.3409090909090909,0.9431818181818182,1.0
track1_5ch,acquisitionCampaignGroup,M36_LOGISTIC_SAFE_GATE,SAFE-STRICT,INCONGRUENT_CONTEXT,0.90,88,176,0,,0.0,,0,0,0.0,0.49886363636363595,0.0,,0.3409090909090909,0.9431818181818182,1.0
track1_5ch,acquisitionCampaignGroup,M36_LOGISTIC_SAFE_GATE,SAFE-STRICT,INCONGRUENT_CONTEXT,0.95,88,176,0,,0.0,,0,0,0.0,0.49886363636363595,0.0,,0.3409090909090909,0.9431818181818182,1.0
track1_5ch,acquisitionCampaignGroup,M36_LOGISTIC_SAFE_GATE,SAFE-STRICT,NEUTRAL_CONTEXT,,88,88,0,,0.0,,0,0,0.0,0.49886363636363634,0.0,,0.3409090909090909,0.9431818181818182,1.0
track1_5ch,recordingSessionGroup,M36_LOGISTIC_SAFE_GATE,SAFE-95,CONGRUENT_CONTEXT,0.45,88,88,4,88,0.045454545454545456,1.0,0,0,0.0,0.49147727272727265,0.007386363636363638,0.16250000000000003,0.3409090909090909,0.9431818181818182,1.0
track1_5ch,recordingSessionGroup,M36_LOGISTIC_SAFE_GATE,SAFE-95,CONGRUENT_CONTEXT,0.50,88,88,4,88,0.045454545454545456,1.0,0,0,0.0,0.49147727272727265,0.007386363636363638,0.16250000000000003,0.3409090909090909,0.9431818181818182,1.0
track1_5ch,recordingSessionGroup,M36_LOGISTIC_SAFE_GATE,SAFE-95,CONGRUENT_CONTEXT,0.55,88,88,4,88,0.045454545454545456,1.0,0,0,0.0,0.49147727272727265,0.007386363636363638,0.16250000000000003,0.3409090909090909,0.9431818181818182,1.0
track1_5ch,recordingSessionGroup,M36_LOGISTIC_SAFE_GATE,SAFE-95,CONGRUENT_CONTEXT,0.60,88,88,4,88,0.045454545454545456,1.0,0,0,0.0,0.49147727272727265,0.007386363636363638,0.16250000000000003,0.3409090909090909,0.9431818181818182,1.0
track1_5ch,recordingSessionGroup,M36_LOGISTIC_SAFE_GATE,SAFE-95,CONGRUENT_CONTEXT,0.65,88,88,4,88,0.045454545454545456,1.0,0,0,0.0,0.49147727272727265,0.007386363636363638,0.16250000000000003,0.3409090909090909,0.9431818181818182,1.0
track1_5ch,recordingSessionGroup,M36_LOGISTIC_SAFE_GATE,SAFE-95,CONGRUENT_CONTEXT,0.70,88,88,4,88,0.045454545454545456,1.0,0,0,0.0,0.49147727272727265,0.007386363636363638,0.16250000000000003,0.3409090909090909,0.9431818181818182,1.0
track1_5ch,recordingSessionGroup,M36_LOGISTIC_SAFE_GATE,SAFE-95,CONGRUENT_CONTEXT,0.75,88,88,4,88,0.045454545454545456,1.0,0,0,0.0,0.49147727272727265,0.007386363636363638,0.16250000000000003,0.3409090909090909,0.9431818181818182,1.0
track1_5ch,recordingSessionGroup,M36_LOGISTIC_SAFE_GATE,SAFE-95,CONGRUENT_CONTEXT,0.80,88,88,4,88,0.045454545454545456,1.0,0,0,0.0,0.49147727272727265,0.007386363636363638,0.16250000000000003,0.3409090909090909,0.9431818181818182,1.0
track1_5ch,recordingSessionGroup,M36_LOGISTIC_SAFE_GATE,SAFE-95,CONGRUENT_CONTEXT,0.85,88,88,4,88,0.045454545454545456,1.0,0,0,0.0,0.49147727272727265,0.007386363636363638,0.16250000000000003,0.3409090909090909,0.9431818181818182,1.0
track1_5ch,recordingSessionGroup,M36_LOGISTIC_SAFE_GATE,SAFE-95,CONGRUENT_CONTEXT,0.90,88,88,4,88,0.045454545454545456,1.0,0,0,0.0,0.49147727272727265,0.007386363636363638,0.16250000000000003,0.3409090909090909,0.9431818181818182,1.0
track1_5ch,recordingSessionGroup,M36_LOGISTIC_SAFE_GATE,SAFE-95,CONGRUENT_CONTEXT,0.95,88,88,4,88,0.045454545454545456,1.0,0,0,0.0,0.49147727272727265,0.007386363636363638,0.16250000000000003,0.3409090909090909,0.9431818181818182,1.0
track1_5ch,recordingSessionGroup,M36_LOGISTIC_SAFE_GATE,SAFE-95,INCONGRUENT_CONTEXT,0.45,88,176,0,,0.0,,0,0,0.0,0.49886363636363595,0.0,,0.3409090909090909,0.9431818181818182,1.0
track1_5ch,recordingSessionGroup,M36_LOGISTIC_SAFE_GATE,SAFE-95,INCONGRUENT_CONTEXT,0.50,88,176,0,,0.0,,0,0,0.0,0.49886363636363595,0.0,,0.3409090909090909,0.9431818181818182,1.0
track1_5ch,recordingSessionGroup,M36_LOGISTIC_SAFE_GATE,SAFE-95,INCONGRUENT_CONTEXT,0.55,88,176,0,,0.0,,0,0,0.0,0.49886363636363595,0.0,,0.3409090909090909,0.9431818181818182,1.0
track1_5ch,recordingSessionGroup,M36_LOGISTIC_SAFE_GATE,SAFE-95,INCONGRUENT_CONTEXT,0.60,88,176,0,,0.0,,0,0,0.0,0.49886363636363595,0.0,,0.3409090909090909,0.9431818181818182,1.0
track1_5ch,recordingSessionGroup,M36_LOGISTIC_SAFE_GATE,SAFE-95,INCONGRUENT_CONTEXT,0.65,88,176,0,,0.0,,0,0,0.0,0.49886363636363595,0.0,,0.3409090909090909,0.9431818181818182,1.0
track1_5ch,recordingSessionGroup,M36_LOGISTIC_SAFE_GATE,SAFE-95,INCONGRUENT_CONTEXT,0.70,88,176,0,,0.0,,0,0,0.0,0.49886363636363595,0.0,,0.3409090909090909,0.9431818181818182,1.0
track1_5ch,recordingSessionGroup,M36_LOGISTIC_SAFE_GATE,SAFE-95,INCONGRUENT_CONTEXT,0.75,88,176,0,,0.0,,0,0,0.0,0.49886363636363595,0.0,,0.3409090909090909,0.9431818181818182,1.0
track1_5ch,recordingSessionGroup,M36_LOGISTIC_SAFE_GATE,SAFE-95,INCONGRUENT_CONTEXT,0.80,88,176,0,,0.0,,0,0,0.0,0.49886363636363595,0.0,,0.3409090909090909,0.9431818181818182,1.0
track1_5ch,recordingSessionGroup,M36_LOGISTIC_SAFE_GATE,SAFE-95,INCONGRUENT_CONTEXT,0.85,88,176,0,,0.0,,0,0,0.0,0.49886363636363595,0.0,,0.3409090909090909,0.9431818181818182,1.0
track1_5ch,recordingSessionGroup,M36_LOGISTIC_SAFE_GATE,SAFE-95,INCONGRUENT_CONTEXT,0.90,88,176,0,,0.0,,0,0,0.0,0.49886363636363595,0.0,,0.3409090909090909,0.9431818181818182,1.0
track1_5ch,recordingSessionGroup,M36_LOGISTIC_SAFE_GATE,SAFE-95,INCONGRUENT_CONTEXT,0.95,88,176,0,,0.0,,0,0,0.0,0.49886363636363595,0.0,,0.3409090909090909,0.9431818181818182,1.0
track1_5ch,recordingSessionGroup,M36_LOGISTIC_SAFE_GATE,SAFE-95,NEUTRAL_CONTEXT,,88,88,0,,0.0,,0,0,0.0,0.49886363636363634,0.0,,0.3409090909090909,0.9431818181818182,1.0
track1_5ch,recordingSessionGroup,M36_LOGISTIC_SAFE_GATE,SAFE-99,CONGRUENT_CONTEXT,0.45,88,88,4,88,0.045454545454545456,1.0,0,0,0.0,0.49147727272727265,0.007386363636363638,0.16250000000000003,0.3409090909090909,0.9431818181818182,1.0
track1_5ch,recordingSessionGroup,M36_LOGISTIC_SAFE_GATE,SAFE-99,CONGRUENT_CONTEXT,0.50,88,88,4,88,0.045454545454545456,1.0,0,0,0.0,0.49147727272727265,0.007386363636363638,0.16250000000000003,0.3409090909090909,0.9431818181818182,1.0
track1_5ch,recordingSessionGroup,M36_LOGISTIC_SAFE_GATE,SAFE-99,CONGRUENT_CONTEXT,0.55,88,88,4,88,0.045454545454545456,1.0,0,0,0.0,0.49147727272727265,0.007386363636363638,0.16250000000000003,0.3409090909090909,0.9431818181818182,1.0
track1_5ch,recordingSessionGroup,M36_LOGISTIC_SAFE_GATE,SAFE-99,CONGRUENT_CONTEXT,0.60,88,88,4,88,0.045454545454545456,1.0,0,0,0.0,0.49147727272727265,0.007386363636363638,0.16250000000000003,0.3409090909090909,0.9431818181818182,1.0
track1_5ch,recordingSessionGroup,M36_LOGISTIC_SAFE_GATE,SAFE-99,CONGRUENT_CONTEXT,0.65,88,88,4,88,0.045454545454545456,1.0,0,0,0.0,0.49147727272727265,0.007386363636363638,0.16250000000000003,0.3409090909090909,0.9431818181818182,1.0
track1_5ch,recordingSessionGroup,M36_LOGISTIC_SAFE_GATE,SAFE-99,CONGRUENT_CONTEXT,0.70,88,88,4,88,0.045454545454545456,1.0,0,0,0.0,0.49147727272727265,0.007386363636363638,0.16250000000000003,0.3409090909090909,0.9431818181818182,1.0
track1_5ch,recordingSessionGroup,M36_LOGISTIC_SAFE_GATE,SAFE-99,CONGRUENT_CONTEXT,0.75,88,88,4,88,0.045454545454545456,1.0,0,0,0.0,0.49147727272727265,0.007386363636363638,0.16250000000000003,0.3409090909090909,0.9431818181818182,1.0
track1_5ch,recordingSessionGroup,M36_LOGISTIC_SAFE_GATE,SAFE-99,CONGRUENT_CONTEXT,0.80,88,88,4,88,0.045454545454545456,1.0,0,0,0.0,0.49147727272727265,0.007386363636363638,0.16250000000000003,0.3409090909090909,0.9431818181818182,1.0
track1_5ch,recordingSessionGroup,M36_LOGISTIC_SAFE_GATE,SAFE-99,CONGRUENT_CONTEXT,0.85,88,88,4,88,0.045454545454545456,1.0,0,0,0.0,0.49147727272727265,0.007386363636363638,0.16250000000000003,0.3409090909090909,0.9431818181818182,1.0
track1_5ch,recordingSessionGroup,M36_LOGISTIC_SAFE_GATE,SAFE-99,CONGRUENT_CONTEXT,0.90,88,88,4,88,0.045454545454545456,1.0,0,0,0.0,0.49147727272727265,0.007386363636363638,0.16250000000000003,0.3409090909090909,0.9431818181818182,1.0
track1_5ch,recordingSessionGroup,M36_LOGISTIC_SAFE_GATE,SAFE-99,CONGRUENT_CONTEXT,0.95,88,88,4,88,0.045454545454545456,1.0,0,0,0.0,0.49147727272727265,0.007386363636363638,0.16250000000000003,0.3409090909090909,0.9431818181818182,1.0
track1_5ch,recordingSessionGroup,M36_LOGISTIC_SAFE_GATE,SAFE-99,INCONGRUENT_CONTEXT,0.45,88,176,0,,0.0,,0,0,0.0,0.49886363636363595,0.0,,0.3409090909090909,0.9431818181818182,1.0
track1_5ch,recordingSessionGroup,M36_LOGISTIC_SAFE_GATE,SAFE-99,INCONGRUENT_CONTEXT,0.50,88,176,0,,0.0,,0,0,0.0,0.49886363636363595,0.0,,0.3409090909090909,0.9431818181818182,1.0
track1_5ch,recordingSessionGroup,M36_LOGISTIC_SAFE_GATE,SAFE-99,INCONGRUENT_CONTEXT,0.55,88,176,0,,0.0,,0,0,0.0,0.49886363636363595,0.0,,0.3409090909090909,0.9431818181818182,1.0
track1_5ch,recordingSessionGroup,M36_LOGISTIC_SAFE_GATE,SAFE-99,INCONGRUENT_CONTEXT,0.60,88,176,0,,0.0,,0,0,0.0,0.49886363636363595,0.0,,0.3409090909090909,0.9431818181818182,1.0
track1_5ch,recordingSessionGroup,M36_LOGISTIC_SAFE_GATE,SAFE-99,INCONGRUENT_CONTEXT,0.65,88,176,0,,0.0,,0,0,0.0,0.49886363636363595,0.0,,0.3409090909090909,0.9431818181818182,1.0
track1_5ch,recordingSessionGroup,M36_LOGISTIC_SAFE_GATE,SAFE-99,INCONGRUENT_CONTEXT,0.70,88,176,0,,0.0,,0,0,0.0,0.49886363636363595,0.0,,0.3409090909090909,0.9431818181818182,1.0
track1_5ch,recordingSessionGroup,M36_LOGISTIC_SAFE_GATE,SAFE-99,INCONGRUENT_CONTEXT,0.75,88,176,0,,0.0,,0,0,0.0,0.49886363636363595,0.0,,0.3409090909090909,0.9431818181818182,1.0
track1_5ch,recordingSessionGroup,M36_LOGISTIC_SAFE_GATE,SAFE-99,INCONGRUENT_CONTEXT,0.80,88,176,0,,0.0,,0,0,0.0,0.49886363636363595,0.0,,0.3409090909090909,0.9431818181818182,1.0
track1_5ch,recordingSessionGroup,M36_LOGISTIC_SAFE_GATE,SAFE-99,INCONGRUENT_CONTEXT,0.85,88,176,0,,0.0,,0,0,0.0,0.49886363636363595,0.0,,0.3409090909090909,0.9431818181818182,1.0
track1_5ch,recordingSessionGroup,M36_LOGISTIC_SAFE_GATE,SAFE-99,INCONGRUENT_CONTEXT,0.90,88,176,0,,0.0,,0,0,0.0,0.49886363636363595,0.0,,0.3409090909090909,0.9431818181818182,1.0
track1_5ch,recordingSessionGroup,M36_LOGISTIC_SAFE_GATE,SAFE-99,INCONGRUENT_CONTEXT,0.95,88,176,0,,0.0,,0,0,0.0,0.49886363636363595,0.0,,0.3409090909090909,0.9431818181818182,1.0
track1_5ch,recordingSessionGroup,M36_LOGISTIC_SAFE_GATE,SAFE-99,NEUTRAL_CONTEXT,,88,88,0,,0.0,,0,0,0.0,0.49886363636363634,0.0,,0.3409090909090909,0.9431818181818182,1.0
track1_5ch,recordingSessionGroup,M36_LOGISTIC_SAFE_GATE,SAFE-STRICT,CONGRUENT_CONTEXT,0.45,88,88,4,88,0.045454545454545456,1.0,0,0,0.0,0.49147727272727265,0.007386363636363638,0.16250000000000003,0.3409090909090909,0.9431818181818182,1.0
track1_5ch,recordingSessionGroup,M36_LOGISTIC_SAFE_GATE,SAFE-STRICT,CONGRUENT_CONTEXT,0.50,88,88,4,88,0.045454545454545456,1.0,0,0,0.0,0.49147727272727265,0.007386363636363638,0.16250000000000003,0.3409090909090909,0.9431818181818182,1.0
track1_5ch,recordingSessionGroup,M36_LOGISTIC_SAFE_GATE,SAFE-STRICT,CONGRUENT_CONTEXT,0.55,88,88,4,88,0.045454545454545456,1.0,0,0,0.0,0.49147727272727265,0.007386363636363638,0.16250000000000003,0.3409090909090909,0.9431818181818182,1.0
track1_5ch,recordingSessionGroup,M36_LOGISTIC_SAFE_GATE,SAFE-STRICT,CONGRUENT_CONTEXT,0.60,88,88,4,88,0.045454545454545456,1.0,0,0,0.0,0.49147727272727265,0.007386363636363638,0.16250000000000003,0.3409090909090909,0.9431818181818182,1.0
track1_5ch,recordingSessionGroup,M36_LOGISTIC_SAFE_GATE,SAFE-STRICT,CONGRUENT_CONTEXT,0.65,88,88,4,88,0.045454545454545456,1.0,0,0,0.0,0.49147727272727265,0.007386363636363638,0.16250000000000003,0.3409090909090909,0.9431818181818182,1.0
track1_5ch,recordingSessionGroup,M36_LOGISTIC_SAFE_GATE,SAFE-STRICT,CONGRUENT_CONTEXT,0.70,88,88,4,88,0.045454545454545456,1.0,0,0,0.0,0.49147727272727265,0.007386363636363638,0.16250000000000003,0.3409090909090909,0.9431818181818182,1.0
track1_5ch,recordingSessionGroup,M36_LOGISTIC_SAFE_GATE,SAFE-STRICT,CONGRUENT_CONTEXT,0.75,88,88,4,88,0.045454545454545456,1.0,0,0,0.0,0.49147727272727265,0.007386363636363638,0.16250000000000003,0.3409090909090909,0.9431818181818182,1.0
track1_5ch,recordingSessionGroup,M36_LOGISTIC_SAFE_GATE,SAFE-STRICT,CONGRUENT_CONTEXT,0.80,88,88,4,88,0.045454545454545456,1.0,0,0,0.0,0.49147727272727265,0.007386363636363638,0.16250000000000003,0.3409090909090909,0.9431818181818182,1.0
track1_5ch,recordingSessionGroup,M36_LOGISTIC_SAFE_GATE,SAFE-STRICT,CONGRUENT_CONTEXT,0.85,88,88,4,88,0.045454545454545456,1.0,0,0,0.0,0.49147727272727265,0.007386363636363638,0.16250000000000003,0.3409090909090909,0.9431818181818182,1.0
track1_5ch,recordingSessionGroup,M36_LOGISTIC_SAFE_GATE,SAFE-STRICT,CONGRUENT_CONTEXT,0.90,88,88,4,88,0.045454545454545456,1.0,0,0,0.0,0.49147727272727265,0.007386363636363638,0.16250000000000003,0.3409090909090909,0.9431818181818182,1.0
track1_5ch,recordingSessionGroup,M36_LOGISTIC_SAFE_GATE,SAFE-STRICT,CONGRUENT_CONTEXT,0.95,88,88,4,88,0.045454545454545456,1.0,0,0,0.0,0.49147727272727265,0.007386363636363638,0.16250000000000003,0.3409090909090909,0.9431818181818182,1.0
track1_5ch,recordingSessionGroup,M36_LOGISTIC_SAFE_GATE,SAFE-STRICT,INCONGRUENT_CONTEXT,0.45,88,176,0,,0.0,,0,0,0.0,0.49886363636363595,0.0,,0.3409090909090909,0.9431818181818182,1.0
track1_5ch,recordingSessionGroup,M36_LOGISTIC_SAFE_GATE,SAFE-STRICT,INCONGRUENT_CONTEXT,0.50,88,176,0,,0.0,,0,0,0.0,0.49886363636363595,0.0,,0.3409090909090909,0.9431818181818182,1.0
track1_5ch,recordingSessionGroup,M36_LOGISTIC_SAFE_GATE,SAFE-STRICT,INCONGRUENT_CONTEXT,0.55,88,176,0,,0.0,,0,0,0.0,0.49886363636363595,0.0,,0.3409090909090909,0.9431818181818182,1.0
track1_5ch,recordingSessionGroup,M36_LOGISTIC_SAFE_GATE,SAFE-STRICT,INCONGRUENT_CONTEXT,0.60,88,176,0,,0.0,,0,0,0.0,0.49886363636363595,0.0,,0.3409090909090909,0.9431818181818182,1.0
track1_5ch,recordingSessionGroup,M36_LOGISTIC_SAFE_GATE,SAFE-STRICT,INCONGRUENT_CONTEXT,0.65,88,176,0,,0.0,,0,0,0.0,0.49886363636363595,0.0,,0.3409090909090909,0.9431818181818182,1.0
track1_5ch,recordingSessionGroup,M36_LOGISTIC_SAFE_GATE,SAFE-STRICT,INCONGRUENT_CONTEXT,0.70,88,176,0,,0.0,,0,0,0.0,0.49886363636363595,0.0,,0.3409090909090909,0.9431818181818182,1.0
track1_5ch,recordingSessionGroup,M36_LOGISTIC_SAFE_GATE,SAFE-STRICT,INCONGRUENT_CONTEXT,0.75,88,176,0,,0.0,,0,0,0.0,0.49886363636363595,0.0,,0.3409090909090909,0.9431818181818182,1.0
track1_5ch,recordingSessionGroup,M36_LOGISTIC_SAFE_GATE,SAFE-STRICT,INCONGRUENT_CONTEXT,0.80,88,176,0,,0.0,,0,0,0.0,0.49886363636363595,0.0,,0.3409090909090909,0.9431818181818182,1.0
track1_5ch,recordingSessionGroup,M36_LOGISTIC_SAFE_GATE,SAFE-STRICT,INCONGRUENT_CONTEXT,0.85,88,176,0,,0.0,,0,0,0.0,0.49886363636363595,0.0,,0.3409090909090909,0.9431818181818182,1.0
track1_5ch,recordingSessionGroup,M36_LOGISTIC_SAFE_GATE,SAFE-STRICT,INCONGRUENT_CONTEXT,0.90,88,176,0,,0.0,,0,0,0.0,0.49886363636363595,0.0,,0.3409090909090909,0.9431818181818182,1.0
track1_5ch,recordingSessionGroup,M36_LOGISTIC_SAFE_GATE,SAFE-STRICT,INCONGRUENT_CONTEXT,0.95,88,176,0,,0.0,,0,0,0.0,0.49886363636363595,0.0,,0.3409090909090909,0.9431818181818182,1.0
track1_5ch,recordingSessionGroup,M36_LOGISTIC_SAFE_GATE,SAFE-STRICT,NEUTRAL_CONTEXT,,88,88,0,,0.0,,0,0,0.0,0.49886363636363634,0.0,,0.3409090909090909,0.9431818181818182,1.0
track2_common3,acquisitionCampaignGroup,M36_LOGISTIC_SAFE_GATE,SAFE-95,CONGRUENT_CONTEXT,0.45,118,118,7,118,0.059322033898305086,1.0,0,0,0.0,0.4080508474576272,0.008898305084745763,0.15,0.5508474576271186,0.864406779661017,1.0
track2_common3,acquisitionCampaignGroup,M36_LOGISTIC_SAFE_GATE,SAFE-95,CONGRUENT_CONTEXT,0.50,118,118,7,118,0.059322033898305086,1.0,0,0,0.0,0.4080508474576272,0.008898305084745763,0.15,0.5508474576271186,0.864406779661017,1.0
track2_common3,acquisitionCampaignGroup,M36_LOGISTIC_SAFE_GATE,SAFE-95,CONGRUENT_CONTEXT,0.55,118,118,7,118,0.059322033898305086,1.0,0,0,0.0,0.4080508474576272,0.008898305084745763,0.15,0.5508474576271186,0.864406779661017,1.0
track2_common3,acquisitionCampaignGroup,M36_LOGISTIC_SAFE_GATE,SAFE-95,CONGRUENT_CONTEXT,0.60,118,118,7,118,0.059322033898305086,1.0,0,0,0.0,0.4080508474576272,0.008898305084745763,0.15,0.5508474576271186,0.864406779661017,1.0
track2_common3,acquisitionCampaignGroup,M36_LOGISTIC_SAFE_GATE,SAFE-95,CONGRUENT_CONTEXT,0.65,118,118,7,118,0.059322033898305086,1.0,0,0,0.0,0.4080508474576272,0.008898305084745763,0.15,0.5508474576271186,0.864406779661017,1.0
track2_common3,acquisitionCampaignGroup,M36_LOGISTIC_SAFE_GATE,SAFE-95,CONGRUENT_CONTEXT,0.70,118,118,7,118,0.059322033898305086,1.0,0,0,0.0,0.4080508474576272,0.008898305084745763,0.15,0.5508474576271186,0.864406779661017,1.0
track2_common3,acquisitionCampaignGroup,M36_LOGISTIC_SAFE_GATE,SAFE-95,CONGRUENT_CONTEXT,0.75,118,118,7,118,0.059322033898305086,1.0,0,0,0.0,0.4080508474576272,0.008898305084745763,0.15,0.5508474576271186,0.864406779661017,1.0
track2_common3,acquisitionCampaignGroup,M36_LOGISTIC_SAFE_GATE,SAFE-95,CONGRUENT_CONTEXT,0.80,118,118,7,118,0.059322033898305086,1.0,0,0,0.0,0.4080508474576272,0.008898305084745763,0.15,0.5508474576271186,0.864406779661017,1.0
track2_common3,acquisitionCampaignGroup,M36_LOGISTIC_SAFE_GATE,SAFE-95,CONGRUENT_CONTEXT,0.85,118,118,7,118,0.059322033898305086,1.0,0,0,0.0,0.4080508474576272,0.008898305084745763,0.15,0.5508474576271186,0.864406779661017,1.0
track2_common3,acquisitionCampaignGroup,M36_LOGISTIC_SAFE_GATE,SAFE-95,CONGRUENT_CONTEXT,0.90,118,118,7,118,0.059322033898305086,1.0,0,0,0.0,0.4080508474576272,0.008898305084745763,0.15,0.5508474576271186,0.864406779661017,1.0
track2_common3,acquisitionCampaignGroup,M36_LOGISTIC_SAFE_GATE,SAFE-95,CONGRUENT_CONTEXT,0.95,118,118,7,118,0.059322033898305086,1.0,0,0,0.0,0.4080508474576272,0.008898305084745763,0.15,0.5508474576271186,0.864406779661017,1.0
track2_common3,acquisitionCampaignGroup,M36_LOGISTIC_SAFE_GATE,SAFE-95,INCONGRUENT_CONTEXT,0.45,118,236,2,,0.01694915254237288,0.0,1,2,0.5,0.41355932203389795,0.0033898305084745766,0.4,0.5466101694915254,0.8601694915254238,0.9957627118644068
track2_common3,acquisitionCampaignGroup,M36_LOGISTIC_SAFE_GATE,SAFE-95,INCONGRUENT_CONTEXT,0.50,118,236,2,,0.01694915254237288,0.0,1,2,0.5,0.41355932203389795,0.0033898305084745766,0.4,0.5466101694915254,0.8601694915254238,0.9957627118644068
track2_common3,acquisitionCampaignGroup,M36_LOGISTIC_SAFE_GATE,SAFE-95,INCONGRUENT_CONTEXT,0.55,118,236,2,,0.01694915254237288,0.0,1,2,0.5,0.41355932203389795,0.0033898305084745766,0.4,0.5466101694915254,0.8601694915254238,0.9957627118644068
track2_common3,acquisitionCampaignGroup,M36_LOGISTIC_SAFE_GATE,SAFE-95,INCONGRUENT_CONTEXT,0.60,118,236,2,,0.01694915254237288,0.0,1,2,0.5,0.41355932203389795,0.0033898305084745766,0.4,0.5466101694915254,0.8601694915254238,0.9957627118644068
track2_common3,acquisitionCampaignGroup,M36_LOGISTIC_SAFE_GATE,SAFE-95,INCONGRUENT_CONTEXT,0.65,118,236,2,,0.01694915254237288,0.0,1,2,0.5,0.41355932203389795,0.0033898305084745766,0.4,0.5466101694915254,0.8601694915254238,0.9957627118644068
track2_common3,acquisitionCampaignGroup,M36_LOGISTIC_SAFE_GATE,SAFE-95,INCONGRUENT_CONTEXT,0.70,118,236,2,,0.01694915254237288,0.0,1,2,0.5,0.41355932203389795,0.0033898305084745766,0.4,0.5466101694915254,0.8601694915254238,0.9957627118644068
track2_common3,acquisitionCampaignGroup,M36_LOGISTIC_SAFE_GATE,SAFE-95,INCONGRUENT_CONTEXT,0.75,118,236,2,,0.01694915254237288,0.0,1,2,0.5,0.41355932203389795,0.0033898305084745766,0.4,0.5466101694915254,0.8601694915254238,0.9957627118644068
track2_common3,acquisitionCampaignGroup,M36_LOGISTIC_SAFE_GATE,SAFE-95,INCONGRUENT_CONTEXT,0.80,118,236,2,,0.01694915254237288,0.0,1,2,0.5,0.41355932203389795,0.0033898305084745766,0.4,0.5466101694915254,0.8601694915254238,0.9957627118644068
track2_common3,acquisitionCampaignGroup,M36_LOGISTIC_SAFE_GATE,SAFE-95,INCONGRUENT_CONTEXT,0.85,118,236,2,,0.01694915254237288,0.0,1,2,0.5,0.41355932203389795,0.0033898305084745766,0.4,0.5466101694915254,0.8601694915254238,0.9957627118644068
track2_common3,acquisitionCampaignGroup,M36_LOGISTIC_SAFE_GATE,SAFE-95,INCONGRUENT_CONTEXT,0.90,118,236,2,,0.01694915254237288,0.0,1,2,0.5,0.41355932203389795,0.0033898305084745766,0.4,0.5466101694915254,0.8601694915254238,0.9957627118644068
track2_common3,acquisitionCampaignGroup,M36_LOGISTIC_SAFE_GATE,SAFE-95,INCONGRUENT_CONTEXT,0.95,118,236,2,,0.01694915254237288,0.0,1,2,0.5,0.41355932203389795,0.0033898305084745766,0.4,0.5466101694915254,0.8601694915254238,0.9957627118644068
track2_common3,acquisitionCampaignGroup,M36_LOGISTIC_SAFE_GATE,SAFE-95,NEUTRAL_CONTEXT,,118,118,0,,0.0,,0,0,0.0,0.41694915254237286,0.0,,0.5423728813559322,0.864406779661017,1.0
track2_common3,acquisitionCampaignGroup,M36_LOGISTIC_SAFE_GATE,SAFE-99,CONGRUENT_CONTEXT,0.45,118,118,7,118,0.059322033898305086,1.0,0,0,0.0,0.4080508474576272,0.008898305084745763,0.15,0.5508474576271186,0.864406779661017,1.0
track2_common3,acquisitionCampaignGroup,M36_LOGISTIC_SAFE_GATE,SAFE-99,CONGRUENT_CONTEXT,0.50,118,118,7,118,0.059322033898305086,1.0,0,0,0.0,0.4080508474576272,0.008898305084745763,0.15,0.5508474576271186,0.864406779661017,1.0
track2_common3,acquisitionCampaignGroup,M36_LOGISTIC_SAFE_GATE,SAFE-99,CONGRUENT_CONTEXT,0.55,118,118,7,118,0.059322033898305086,1.0,0,0,0.0,0.4080508474576272,0.008898305084745763,0.15,0.5508474576271186,0.864406779661017,1.0
track2_common3,acquisitionCampaignGroup,M36_LOGISTIC_SAFE_GATE,SAFE-99,CONGRUENT_CONTEXT,0.60,118,118,7,118,0.059322033898305086,1.0,0,0,0.0,0.4080508474576272,0.008898305084745763,0.15,0.5508474576271186,0.864406779661017,1.0
track2_common3,acquisitionCampaignGroup,M36_LOGISTIC_SAFE_GATE,SAFE-99,CONGRUENT_CONTEXT,0.65,118,118,7,118,0.059322033898305086,1.0,0,0,0.0,0.4080508474576272,0.008898305084745763,0.15,0.5508474576271186,0.864406779661017,1.0
track2_common3,acquisitionCampaignGroup,M36_LOGISTIC_SAFE_GATE,SAFE-99,CONGRUENT_CONTEXT,0.70,118,118,7,118,0.059322033898305086,1.0,0,0,0.0,0.4080508474576272,0.008898305084745763,0.15,0.5508474576271186,0.864406779661017,1.0
track2_common3,acquisitionCampaignGroup,M36_LOGISTIC_SAFE_GATE,SAFE-99,CONGRUENT_CONTEXT,0.75,118,118,7,118,0.059322033898305086,1.0,0,0,0.0,0.4080508474576272,0.008898305084745763,0.15,0.5508474576271186,0.864406779661017,1.0
track2_common3,acquisitionCampaignGroup,M36_LOGISTIC_SAFE_GATE,SAFE-99,CONGRUENT_CONTEXT,0.80,118,118,7,118,0.059322033898305086,1.0,0,0,0.0,0.4080508474576272,0.008898305084745763,0.15,0.5508474576271186,0.864406779661017,1.0
track2_common3,acquisitionCampaignGroup,M36_LOGISTIC_SAFE_GATE,SAFE-99,CONGRUENT_CONTEXT,0.85,118,118,7,118,0.059322033898305086,1.0,0,0,0.0,0.4080508474576272,0.008898305084745763,0.15,0.5508474576271186,0.864406779661017,1.0
track2_common3,acquisitionCampaignGroup,M36_LOGISTIC_SAFE_GATE,SAFE-99,CONGRUENT_CONTEXT,0.90,118,118,7,118,0.059322033898305086,1.0,0,0,0.0,0.4080508474576272,0.008898305084745763,0.15,0.5508474576271186,0.864406779661017,1.0
track2_common3,acquisitionCampaignGroup,M36_LOGISTIC_SAFE_GATE,SAFE-99,CONGRUENT_CONTEXT,0.95,118,118,7,118,0.059322033898305086,1.0,0,0,0.0,0.4080508474576272,0.008898305084745763,0.15,0.5508474576271186,0.864406779661017,1.0
track2_common3,acquisitionCampaignGroup,M36_LOGISTIC_SAFE_GATE,SAFE-99,INCONGRUENT_CONTEXT,0.45,118,236,2,,0.01694915254237288,0.0,1,2,0.5,0.41355932203389795,0.0033898305084745766,0.4,0.5466101694915254,0.8601694915254238,0.9957627118644068
track2_common3,acquisitionCampaignGroup,M36_LOGISTIC_SAFE_GATE,SAFE-99,INCONGRUENT_CONTEXT,0.50,118,236,2,,0.01694915254237288,0.0,1,2,0.5,0.41355932203389795,0.0033898305084745766,0.4,0.5466101694915254,0.8601694915254238,0.9957627118644068
track2_common3,acquisitionCampaignGroup,M36_LOGISTIC_SAFE_GATE,SAFE-99,INCONGRUENT_CONTEXT,0.55,118,236,2,,0.01694915254237288,0.0,1,2,0.5,0.41355932203389795,0.0033898305084745766,0.4,0.5466101694915254,0.8601694915254238,0.9957627118644068
track2_common3,acquisitionCampaignGroup,M36_LOGISTIC_SAFE_GATE,SAFE-99,INCONGRUENT_CONTEXT,0.60,118,236,2,,0.01694915254237288,0.0,1,2,0.5,0.41355932203389795,0.0033898305084745766,0.4,0.5466101694915254,0.8601694915254238,0.9957627118644068
track2_common3,acquisitionCampaignGroup,M36_LOGISTIC_SAFE_GATE,SAFE-99,INCONGRUENT_CONTEXT,0.65,118,236,2,,0.01694915254237288,0.0,1,2,0.5,0.41355932203389795,0.0033898305084745766,0.4,0.5466101694915254,0.8601694915254238,0.9957627118644068
track2_common3,acquisitionCampaignGroup,M36_LOGISTIC_SAFE_GATE,SAFE-99,INCONGRUENT_CONTEXT,0.70,118,236,2,,0.01694915254237288,0.0,1,2,0.5,0.41355932203389795,0.0033898305084745766,0.4,0.5466101694915254,0.8601694915254238,0.9957627118644068
track2_common3,acquisitionCampaignGroup,M36_LOGISTIC_SAFE_GATE,SAFE-99,INCONGRUENT_CONTEXT,0.75,118,236,2,,0.01694915254237288,0.0,1,2,0.5,0.41355932203389795,0.0033898305084745766,0.4,0.5466101694915254,0.8601694915254238,0.9957627118644068
track2_common3,acquisitionCampaignGroup,M36_LOGISTIC_SAFE_GATE,SAFE-99,INCONGRUENT_CONTEXT,0.80,118,236,2,,0.01694915254237288,0.0,1,2,0.5,0.41355932203389795,0.0033898305084745766,0.4,0.5466101694915254,0.8601694915254238,0.9957627118644068
track2_common3,acquisitionCampaignGroup,M36_LOGISTIC_SAFE_GATE,SAFE-99,INCONGRUENT_CONTEXT,0.85,118,236,2,,0.01694915254237288,0.0,1,2,0.5,0.41355932203389795,0.0033898305084745766,0.4,0.5466101694915254,0.8601694915254238,0.9957627118644068
track2_common3,acquisitionCampaignGroup,M36_LOGISTIC_SAFE_GATE,SAFE-99,INCONGRUENT_CONTEXT,0.90,118,236,2,,0.01694915254237288,0.0,1,2,0.5,0.41355932203389795,0.0033898305084745766,0.4,0.5466101694915254,0.8601694915254238,0.9957627118644068
track2_common3,acquisitionCampaignGroup,M36_LOGISTIC_SAFE_GATE,SAFE-99,INCONGRUENT_CONTEXT,0.95,118,236,2,,0.01694915254237288,0.0,1,2,0.5,0.41355932203389795,0.0033898305084745766,0.4,0.5466101694915254,0.8601694915254238,0.9957627118644068
track2_common3,acquisitionCampaignGroup,M36_LOGISTIC_SAFE_GATE,SAFE-99,NEUTRAL_CONTEXT,,118,118,0,,0.0,,0,0,0.0,0.41694915254237286,0.0,,0.5423728813559322,0.864406779661017,1.0
track2_common3,acquisitionCampaignGroup,M36_LOGISTIC_SAFE_GATE,SAFE-STRICT,CONGRUENT_CONTEXT,0.45,118,118,7,118,0.059322033898305086,1.0,0,0,0.0,0.4080508474576272,0.008898305084745763,0.15,0.5508474576271186,0.864406779661017,1.0
track2_common3,acquisitionCampaignGroup,M36_LOGISTIC_SAFE_GATE,SAFE-STRICT,CONGRUENT_CONTEXT,0.50,118,118,7,118,0.059322033898305086,1.0,0,0,0.0,0.4080508474576272,0.008898305084745763,0.15,0.5508474576271186,0.864406779661017,1.0
track2_common3,acquisitionCampaignGroup,M36_LOGISTIC_SAFE_GATE,SAFE-STRICT,CONGRUENT_CONTEXT,0.55,118,118,7,118,0.059322033898305086,1.0,0,0,0.0,0.4080508474576272,0.008898305084745763,0.15,0.5508474576271186,0.864406779661017,1.0
track2_common3,acquisitionCampaignGroup,M36_LOGISTIC_SAFE_GATE,SAFE-STRICT,CONGRUENT_CONTEXT,0.60,118,118,7,118,0.059322033898305086,1.0,0,0,0.0,0.4080508474576272,0.008898305084745763,0.15,0.5508474576271186,0.864406779661017,1.0
track2_common3,acquisitionCampaignGroup,M36_LOGISTIC_SAFE_GATE,SAFE-STRICT,CONGRUENT_CONTEXT,0.65,118,118,7,118,0.059322033898305086,1.0,0,0,0.0,0.4080508474576272,0.008898305084745763,0.15,0.5508474576271186,0.864406779661017,1.0
track2_common3,acquisitionCampaignGroup,M36_LOGISTIC_SAFE_GATE,SAFE-STRICT,CONGRUENT_CONTEXT,0.70,118,118,7,118,0.059322033898305086,1.0,0,0,0.0,0.4080508474576272,0.008898305084745763,0.15,0.5508474576271186,0.864406779661017,1.0
track2_common3,acquisitionCampaignGroup,M36_LOGISTIC_SAFE_GATE,SAFE-STRICT,CONGRUENT_CONTEXT,0.75,118,118,7,118,0.059322033898305086,1.0,0,0,0.0,0.4080508474576272,0.008898305084745763,0.15,0.5508474576271186,0.864406779661017,1.0
track2_common3,acquisitionCampaignGroup,M36_LOGISTIC_SAFE_GATE,SAFE-STRICT,CONGRUENT_CONTEXT,0.80,118,118,7,118,0.059322033898305086,1.0,0,0,0.0,0.4080508474576272,0.008898305084745763,0.15,0.5508474576271186,0.864406779661017,1.0
track2_common3,acquisitionCampaignGroup,M36_LOGISTIC_SAFE_GATE,SAFE-STRICT,CONGRUENT_CONTEXT,0.85,118,118,7,118,0.059322033898305086,1.0,0,0,0.0,0.4080508474576272,0.008898305084745763,0.15,0.5508474576271186,0.864406779661017,1.0
track2_common3,acquisitionCampaignGroup,M36_LOGISTIC_SAFE_GATE,SAFE-STRICT,CONGRUENT_CONTEXT,0.90,118,118,7,118,0.059322033898305086,1.0,0,0,0.0,0.4080508474576272,0.008898305084745763,0.15,0.5508474576271186,0.864406779661017,1.0
track2_common3,acquisitionCampaignGroup,M36_LOGISTIC_SAFE_GATE,SAFE-STRICT,CONGRUENT_CONTEXT,0.95,118,118,7,118,0.059322033898305086,1.0,0,0,0.0,0.4080508474576272,0.008898305084745763,0.15,0.5508474576271186,0.864406779661017,1.0
track2_common3,acquisitionCampaignGroup,M36_LOGISTIC_SAFE_GATE,SAFE-STRICT,INCONGRUENT_CONTEXT,0.45,118,236,2,,0.01694915254237288,0.0,1,2,0.5,0.41355932203389795,0.0033898305084745766,0.4,0.5466101694915254,0.8601694915254238,0.9957627118644068
track2_common3,acquisitionCampaignGroup,M36_LOGISTIC_SAFE_GATE,SAFE-STRICT,INCONGRUENT_CONTEXT,0.50,118,236,2,,0.01694915254237288,0.0,1,2,0.5,0.41355932203389795,0.0033898305084745766,0.4,0.5466101694915254,0.8601694915254238,0.9957627118644068
track2_common3,acquisitionCampaignGroup,M36_LOGISTIC_SAFE_GATE,SAFE-STRICT,INCONGRUENT_CONTEXT,0.55,118,236,2,,0.01694915254237288,0.0,1,2,0.5,0.41355932203389795,0.0033898305084745766,0.4,0.5466101694915254,0.8601694915254238,0.9957627118644068
track2_common3,acquisitionCampaignGroup,M36_LOGISTIC_SAFE_GATE,SAFE-STRICT,INCONGRUENT_CONTEXT,0.60,118,236,2,,0.01694915254237288,0.0,1,2,0.5,0.41355932203389795,0.0033898305084745766,0.4,0.5466101694915254,0.8601694915254238,0.9957627118644068
track2_common3,acquisitionCampaignGroup,M36_LOGISTIC_SAFE_GATE,SAFE-STRICT,INCONGRUENT_CONTEXT,0.65,118,236,2,,0.01694915254237288,0.0,1,2,0.5,0.41355932203389795,0.0033898305084745766,0.4,0.5466101694915254,0.8601694915254238,0.9957627118644068
track2_common3,acquisitionCampaignGroup,M36_LOGISTIC_SAFE_GATE,SAFE-STRICT,INCONGRUENT_CONTEXT,0.70,118,236,2,,0.01694915254237288,0.0,1,2,0.5,0.41355932203389795,0.0033898305084745766,0.4,0.5466101694915254,0.8601694915254238,0.9957627118644068
track2_common3,acquisitionCampaignGroup,M36_LOGISTIC_SAFE_GATE,SAFE-STRICT,INCONGRUENT_CONTEXT,0.75,118,236,2,,0.01694915254237288,0.0,1,2,0.5,0.41355932203389795,0.0033898305084745766,0.4,0.5466101694915254,0.8601694915254238,0.9957627118644068
track2_common3,acquisitionCampaignGroup,M36_LOGISTIC_SAFE_GATE,SAFE-STRICT,INCONGRUENT_CONTEXT,0.80,118,236,2,,0.01694915254237288,0.0,1,2,0.5,0.41355932203389795,0.0033898305084745766,0.4,0.5466101694915254,0.8601694915254238,0.9957627118644068
track2_common3,acquisitionCampaignGroup,M36_LOGISTIC_SAFE_GATE,SAFE-STRICT,INCONGRUENT_CONTEXT,0.85,118,236,2,,0.01694915254237288,0.0,1,2,0.5,0.41355932203389795,0.0033898305084745766,0.4,0.5466101694915254,0.8601694915254238,0.9957627118644068
track2_common3,acquisitionCampaignGroup,M36_LOGISTIC_SAFE_GATE,SAFE-STRICT,INCONGRUENT_CONTEXT,0.90,118,236,2,,0.01694915254237288,0.0,1,2,0.5,0.41355932203389795,0.0033898305084745766,0.4,0.5466101694915254,0.8601694915254238,0.9957627118644068
track2_common3,acquisitionCampaignGroup,M36_LOGISTIC_SAFE_GATE,SAFE-STRICT,INCONGRUENT_CONTEXT,0.95,118,236,2,,0.01694915254237288,0.0,1,2,0.5,0.41355932203389795,0.0033898305084745766,0.4,0.5466101694915254,0.8601694915254238,0.9957627118644068
track2_common3,acquisitionCampaignGroup,M36_LOGISTIC_SAFE_GATE,SAFE-STRICT,NEUTRAL_CONTEXT,,118,118,0,,0.0,,0,0,0.0,0.41694915254237286,0.0,,0.5423728813559322,0.864406779661017,1.0
track2_common3,recordingSessionGroup,M36_LOGISTIC_SAFE_GATE,SAFE-95,CONGRUENT_CONTEXT,0.45,118,118,7,118,0.059322033898305086,1.0,0,0,0.0,0.40805084745762715,0.008898305084745763,0.15,0.5508474576271186,0.864406779661017,1.0
track2_common3,recordingSessionGroup,M36_LOGISTIC_SAFE_GATE,SAFE-95,CONGRUENT_CONTEXT,0.50,118,118,7,118,0.059322033898305086,1.0,0,0,0.0,0.40805084745762715,0.008898305084745763,0.15,0.5508474576271186,0.864406779661017,1.0
track2_common3,recordingSessionGroup,M36_LOGISTIC_SAFE_GATE,SAFE-95,CONGRUENT_CONTEXT,0.55,118,118,7,118,0.059322033898305086,1.0,0,0,0.0,0.40805084745762715,0.008898305084745763,0.15,0.5508474576271186,0.864406779661017,1.0
track2_common3,recordingSessionGroup,M36_LOGISTIC_SAFE_GATE,SAFE-95,CONGRUENT_CONTEXT,0.60,118,118,7,118,0.059322033898305086,1.0,0,0,0.0,0.40805084745762715,0.008898305084745763,0.15,0.5508474576271186,0.864406779661017,1.0
track2_common3,recordingSessionGroup,M36_LOGISTIC_SAFE_GATE,SAFE-95,CONGRUENT_CONTEXT,0.65,118,118,7,118,0.059322033898305086,1.0,0,0,0.0,0.40805084745762715,0.008898305084745763,0.15,0.5508474576271186,0.864406779661017,1.0
track2_common3,recordingSessionGroup,M36_LOGISTIC_SAFE_GATE,SAFE-95,CONGRUENT_CONTEXT,0.70,118,118,7,118,0.059322033898305086,1.0,0,0,0.0,0.40805084745762715,0.008898305084745763,0.15,0.5508474576271186,0.864406779661017,1.0
track2_common3,recordingSessionGroup,M36_LOGISTIC_SAFE_GATE,SAFE-95,CONGRUENT_CONTEXT,0.75,118,118,7,118,0.059322033898305086,1.0,0,0,0.0,0.40805084745762715,0.008898305084745763,0.15,0.5508474576271186,0.864406779661017,1.0
track2_common3,recordingSessionGroup,M36_LOGISTIC_SAFE_GATE,SAFE-95,CONGRUENT_CONTEXT,0.80,118,118,7,118,0.059322033898305086,1.0,0,0,0.0,0.40805084745762715,0.008898305084745763,0.15,0.5508474576271186,0.864406779661017,1.0
track2_common3,recordingSessionGroup,M36_LOGISTIC_SAFE_GATE,SAFE-95,CONGRUENT_CONTEXT,0.85,118,118,7,118,0.059322033898305086,1.0,0,0,0.0,0.40805084745762715,0.008898305084745763,0.15,0.5508474576271186,0.864406779661017,1.0
track2_common3,recordingSessionGroup,M36_LOGISTIC_SAFE_GATE,SAFE-95,CONGRUENT_CONTEXT,0.90,118,118,7,118,0.059322033898305086,1.0,0,0,0.0,0.40805084745762715,0.008898305084745763,0.15,0.5508474576271186,0.864406779661017,1.0
track2_common3,recordingSessionGroup,M36_LOGISTIC_SAFE_GATE,SAFE-95,CONGRUENT_CONTEXT,0.95,118,118,7,118,0.059322033898305086,1.0,0,0,0.0,0.40805084745762715,0.008898305084745763,0.15,0.5508474576271186,0.864406779661017,1.0
track2_common3,recordingSessionGroup,M36_LOGISTIC_SAFE_GATE,SAFE-95,INCONGRUENT_CONTEXT,0.45,118,236,2,,0.01694915254237288,0.0,1,2,0.5,0.41355932203389795,0.0033898305084745766,0.4,0.5466101694915254,0.8601694915254238,0.9957627118644068
track2_common3,recordingSessionGroup,M36_LOGISTIC_SAFE_GATE,SAFE-95,INCONGRUENT_CONTEXT,0.50,118,236,2,,0.01694915254237288,0.0,1,2,0.5,0.41355932203389795,0.0033898305084745766,0.4,0.5466101694915254,0.8601694915254238,0.9957627118644068
track2_common3,recordingSessionGroup,M36_LOGISTIC_SAFE_GATE,SAFE-95,INCONGRUENT_CONTEXT,0.55,118,236,2,,0.01694915254237288,0.0,1,2,0.5,0.41355932203389795,0.0033898305084745766,0.4,0.5466101694915254,0.8601694915254238,0.9957627118644068
track2_common3,recordingSessionGroup,M36_LOGISTIC_SAFE_GATE,SAFE-95,INCONGRUENT_CONTEXT,0.60,118,236,2,,0.01694915254237288,0.0,1,2,0.5,0.41355932203389795,0.0033898305084745766,0.4,0.5466101694915254,0.8601694915254238,0.9957627118644068
track2_common3,recordingSessionGroup,M36_LOGISTIC_SAFE_GATE,SAFE-95,INCONGRUENT_CONTEXT,0.65,118,236,2,,0.01694915254237288,0.0,1,2,0.5,0.41355932203389795,0.0033898305084745766,0.4,0.5466101694915254,0.8601694915254238,0.9957627118644068
track2_common3,recordingSessionGroup,M36_LOGISTIC_SAFE_GATE,SAFE-95,INCONGRUENT_CONTEXT,0.70,118,236,2,,0.01694915254237288,0.0,1,2,0.5,0.41355932203389795,0.0033898305084745766,0.4,0.5466101694915254,0.8601694915254238,0.9957627118644068
track2_common3,recordingSessionGroup,M36_LOGISTIC_SAFE_GATE,SAFE-95,INCONGRUENT_CONTEXT,0.75,118,236,2,,0.01694915254237288,0.0,1,2,0.5,0.41355932203389795,0.0033898305084745766,0.4,0.5466101694915254,0.8601694915254238,0.9957627118644068
track2_common3,recordingSessionGroup,M36_LOGISTIC_SAFE_GATE,SAFE-95,INCONGRUENT_CONTEXT,0.80,118,236,2,,0.01694915254237288,0.0,1,2,0.5,0.41355932203389795,0.0033898305084745766,0.4,0.5466101694915254,0.8601694915254238,0.9957627118644068
track2_common3,recordingSessionGroup,M36_LOGISTIC_SAFE_GATE,SAFE-95,INCONGRUENT_CONTEXT,0.85,118,236,2,,0.01694915254237288,0.0,1,2,0.5,0.41355932203389795,0.0033898305084745766,0.4,0.5466101694915254,0.8601694915254238,0.9957627118644068
track2_common3,recordingSessionGroup,M36_LOGISTIC_SAFE_GATE,SAFE-95,INCONGRUENT_CONTEXT,0.90,118,236,2,,0.01694915254237288,0.0,1,2,0.5,0.41355932203389795,0.0033898305084745766,0.4,0.5466101694915254,0.8601694915254238,0.9957627118644068
track2_common3,recordingSessionGroup,M36_LOGISTIC_SAFE_GATE,SAFE-95,INCONGRUENT_CONTEXT,0.95,118,236,2,,0.01694915254237288,0.0,1,2,0.5,0.41355932203389795,0.0033898305084745766,0.4,0.5466101694915254,0.8601694915254238,0.9957627118644068
track2_common3,recordingSessionGroup,M36_LOGISTIC_SAFE_GATE,SAFE-95,NEUTRAL_CONTEXT,,118,118,0,,0.0,,0,0,0.0,0.41694915254237286,0.0,,0.5423728813559322,0.864406779661017,1.0
track2_common3,recordingSessionGroup,M36_LOGISTIC_SAFE_GATE,SAFE-99,CONGRUENT_CONTEXT,0.45,118,118,7,118,0.059322033898305086,1.0,0,0,0.0,0.40805084745762715,0.008898305084745763,0.15,0.5508474576271186,0.864406779661017,1.0
track2_common3,recordingSessionGroup,M36_LOGISTIC_SAFE_GATE,SAFE-99,CONGRUENT_CONTEXT,0.50,118,118,7,118,0.059322033898305086,1.0,0,0,0.0,0.40805084745762715,0.008898305084745763,0.15,0.5508474576271186,0.864406779661017,1.0
track2_common3,recordingSessionGroup,M36_LOGISTIC_SAFE_GATE,SAFE-99,CONGRUENT_CONTEXT,0.55,118,118,7,118,0.059322033898305086,1.0,0,0,0.0,0.40805084745762715,0.008898305084745763,0.15,0.5508474576271186,0.864406779661017,1.0
track2_common3,recordingSessionGroup,M36_LOGISTIC_SAFE_GATE,SAFE-99,CONGRUENT_CONTEXT,0.60,118,118,7,118,0.059322033898305086,1.0,0,0,0.0,0.40805084745762715,0.008898305084745763,0.15,0.5508474576271186,0.864406779661017,1.0
track2_common3,recordingSessionGroup,M36_LOGISTIC_SAFE_GATE,SAFE-99,CONGRUENT_CONTEXT,0.65,118,118,7,118,0.059322033898305086,1.0,0,0,0.0,0.40805084745762715,0.008898305084745763,0.15,0.5508474576271186,0.864406779661017,1.0
track2_common3,recordingSessionGroup,M36_LOGISTIC_SAFE_GATE,SAFE-99,CONGRUENT_CONTEXT,0.70,118,118,7,118,0.059322033898305086,1.0,0,0,0.0,0.40805084745762715,0.008898305084745763,0.15,0.5508474576271186,0.864406779661017,1.0
track2_common3,recordingSessionGroup,M36_LOGISTIC_SAFE_GATE,SAFE-99,CONGRUENT_CONTEXT,0.75,118,118,7,118,0.059322033898305086,1.0,0,0,0.0,0.40805084745762715,0.008898305084745763,0.15,0.5508474576271186,0.864406779661017,1.0
track2_common3,recordingSessionGroup,M36_LOGISTIC_SAFE_GATE,SAFE-99,CONGRUENT_CONTEXT,0.80,118,118,7,118,0.059322033898305086,1.0,0,0,0.0,0.40805084745762715,0.008898305084745763,0.15,0.5508474576271186,0.864406779661017,1.0
track2_common3,recordingSessionGroup,M36_LOGISTIC_SAFE_GATE,SAFE-99,CONGRUENT_CONTEXT,0.85,118,118,7,118,0.059322033898305086,1.0,0,0,0.0,0.40805084745762715,0.008898305084745763,0.15,0.5508474576271186,0.864406779661017,1.0
track2_common3,recordingSessionGroup,M36_LOGISTIC_SAFE_GATE,SAFE-99,CONGRUENT_CONTEXT,0.90,118,118,7,118,0.059322033898305086,1.0,0,0,0.0,0.40805084745762715,0.008898305084745763,0.15,0.5508474576271186,0.864406779661017,1.0
track2_common3,recordingSessionGroup,M36_LOGISTIC_SAFE_GATE,SAFE-99,CONGRUENT_CONTEXT,0.95,118,118,7,118,0.059322033898305086,1.0,0,0,0.0,0.40805084745762715,0.008898305084745763,0.15,0.5508474576271186,0.864406779661017,1.0
track2_common3,recordingSessionGroup,M36_LOGISTIC_SAFE_GATE,SAFE-99,INCONGRUENT_CONTEXT,0.45,118,236,2,,0.01694915254237288,0.0,1,2,0.5,0.41355932203389795,0.0033898305084745766,0.4,0.5466101694915254,0.8601694915254238,0.9957627118644068
track2_common3,recordingSessionGroup,M36_LOGISTIC_SAFE_GATE,SAFE-99,INCONGRUENT_CONTEXT,0.50,118,236,2,,0.01694915254237288,0.0,1,2,0.5,0.41355932203389795,0.0033898305084745766,0.4,0.5466101694915254,0.8601694915254238,0.9957627118644068
track2_common3,recordingSessionGroup,M36_LOGISTIC_SAFE_GATE,SAFE-99,INCONGRUENT_CONTEXT,0.55,118,236,2,,0.01694915254237288,0.0,1,2,0.5,0.41355932203389795,0.0033898305084745766,0.4,0.5466101694915254,0.8601694915254238,0.9957627118644068
track2_common3,recordingSessionGroup,M36_LOGISTIC_SAFE_GATE,SAFE-99,INCONGRUENT_CONTEXT,0.60,118,236,2,,0.01694915254237288,0.0,1,2,0.5,0.41355932203389795,0.0033898305084745766,0.4,0.5466101694915254,0.8601694915254238,0.9957627118644068
track2_common3,recordingSessionGroup,M36_LOGISTIC_SAFE_GATE,SAFE-99,INCONGRUENT_CONTEXT,0.65,118,236,2,,0.01694915254237288,0.0,1,2,0.5,0.41355932203389795,0.0033898305084745766,0.4,0.5466101694915254,0.8601694915254238,0.9957627118644068
track2_common3,recordingSessionGroup,M36_LOGISTIC_SAFE_GATE,SAFE-99,INCONGRUENT_CONTEXT,0.70,118,236,2,,0.01694915254237288,0.0,1,2,0.5,0.41355932203389795,0.0033898305084745766,0.4,0.5466101694915254,0.8601694915254238,0.9957627118644068
track2_common3,recordingSessionGroup,M36_LOGISTIC_SAFE_GATE,SAFE-99,INCONGRUENT_CONTEXT,0.75,118,236,2,,0.01694915254237288,0.0,1,2,0.5,0.41355932203389795,0.0033898305084745766,0.4,0.5466101694915254,0.8601694915254238,0.9957627118644068
track2_common3,recordingSessionGroup,M36_LOGISTIC_SAFE_GATE,SAFE-99,INCONGRUENT_CONTEXT,0.80,118,236,2,,0.01694915254237288,0.0,1,2,0.5,0.41355932203389795,0.0033898305084745766,0.4,0.5466101694915254,0.8601694915254238,0.9957627118644068
track2_common3,recordingSessionGroup,M36_LOGISTIC_SAFE_GATE,SAFE-99,INCONGRUENT_CONTEXT,0.85,118,236,2,,0.01694915254237288,0.0,1,2,0.5,0.41355932203389795,0.0033898305084745766,0.4,0.5466101694915254,0.8601694915254238,0.9957627118644068
track2_common3,recordingSessionGroup,M36_LOGISTIC_SAFE_GATE,SAFE-99,INCONGRUENT_CONTEXT,0.90,118,236,2,,0.01694915254237288,0.0,1,2,0.5,0.41355932203389795,0.0033898305084745766,0.4,0.5466101694915254,0.8601694915254238,0.9957627118644068
track2_common3,recordingSessionGroup,M36_LOGISTIC_SAFE_GATE,SAFE-99,INCONGRUENT_CONTEXT,0.95,118,236,2,,0.01694915254237288,0.0,1,2,0.5,0.41355932203389795,0.0033898305084745766,0.4,0.5466101694915254,0.8601694915254238,0.9957627118644068
track2_common3,recordingSessionGroup,M36_LOGISTIC_SAFE_GATE,SAFE-99,NEUTRAL_CONTEXT,,118,118,0,,0.0,,0,0,0.0,0.41694915254237286,0.0,,0.5423728813559322,0.864406779661017,1.0
track2_common3,recordingSessionGroup,M36_LOGISTIC_SAFE_GATE,SAFE-STRICT,CONGRUENT_CONTEXT,0.45,118,118,7,118,0.059322033898305086,1.0,0,0,0.0,0.40805084745762715,0.008898305084745763,0.15,0.5508474576271186,0.864406779661017,1.0
track2_common3,recordingSessionGroup,M36_LOGISTIC_SAFE_GATE,SAFE-STRICT,CONGRUENT_CONTEXT,0.50,118,118,7,118,0.059322033898305086,1.0,0,0,0.0,0.40805084745762715,0.008898305084745763,0.15,0.5508474576271186,0.864406779661017,1.0
track2_common3,recordingSessionGroup,M36_LOGISTIC_SAFE_GATE,SAFE-STRICT,CONGRUENT_CONTEXT,0.55,118,118,7,118,0.059322033898305086,1.0,0,0,0.0,0.40805084745762715,0.008898305084745763,0.15,0.5508474576271186,0.864406779661017,1.0
track2_common3,recordingSessionGroup,M36_LOGISTIC_SAFE_GATE,SAFE-STRICT,CONGRUENT_CONTEXT,0.60,118,118,7,118,0.059322033898305086,1.0,0,0,0.0,0.40805084745762715,0.008898305084745763,0.15,0.5508474576271186,0.864406779661017,1.0
track2_common3,recordingSessionGroup,M36_LOGISTIC_SAFE_GATE,SAFE-STRICT,CONGRUENT_CONTEXT,0.65,118,118,7,118,0.059322033898305086,1.0,0,0,0.0,0.40805084745762715,0.008898305084745763,0.15,0.5508474576271186,0.864406779661017,1.0
track2_common3,recordingSessionGroup,M36_LOGISTIC_SAFE_GATE,SAFE-STRICT,CONGRUENT_CONTEXT,0.70,118,118,7,118,0.059322033898305086,1.0,0,0,0.0,0.40805084745762715,0.008898305084745763,0.15,0.5508474576271186,0.864406779661017,1.0
track2_common3,recordingSessionGroup,M36_LOGISTIC_SAFE_GATE,SAFE-STRICT,CONGRUENT_CONTEXT,0.75,118,118,7,118,0.059322033898305086,1.0,0,0,0.0,0.40805084745762715,0.008898305084745763,0.15,0.5508474576271186,0.864406779661017,1.0
track2_common3,recordingSessionGroup,M36_LOGISTIC_SAFE_GATE,SAFE-STRICT,CONGRUENT_CONTEXT,0.80,118,118,7,118,0.059322033898305086,1.0,0,0,0.0,0.40805084745762715,0.008898305084745763,0.15,0.5508474576271186,0.864406779661017,1.0
track2_common3,recordingSessionGroup,M36_LOGISTIC_SAFE_GATE,SAFE-STRICT,CONGRUENT_CONTEXT,0.85,118,118,7,118,0.059322033898305086,1.0,0,0,0.0,0.40805084745762715,0.008898305084745763,0.15,0.5508474576271186,0.864406779661017,1.0
track2_common3,recordingSessionGroup,M36_LOGISTIC_SAFE_GATE,SAFE-STRICT,CONGRUENT_CONTEXT,0.90,118,118,7,118,0.059322033898305086,1.0,0,0,0.0,0.40805084745762715,0.008898305084745763,0.15,0.5508474576271186,0.864406779661017,1.0
track2_common3,recordingSessionGroup,M36_LOGISTIC_SAFE_GATE,SAFE-STRICT,CONGRUENT_CONTEXT,0.95,118,118,7,118,0.059322033898305086,1.0,0,0,0.0,0.40805084745762715,0.008898305084745763,0.15,0.5508474576271186,0.864406779661017,1.0
track2_common3,recordingSessionGroup,M36_LOGISTIC_SAFE_GATE,SAFE-STRICT,INCONGRUENT_CONTEXT,0.45,118,236,2,,0.01694915254237288,0.0,1,2,0.5,0.41355932203389795,0.0033898305084745766,0.4,0.5466101694915254,0.8601694915254238,0.9957627118644068
track2_common3,recordingSessionGroup,M36_LOGISTIC_SAFE_GATE,SAFE-STRICT,INCONGRUENT_CONTEXT,0.50,118,236,2,,0.01694915254237288,0.0,1,2,0.5,0.41355932203389795,0.0033898305084745766,0.4,0.5466101694915254,0.8601694915254238,0.9957627118644068
track2_common3,recordingSessionGroup,M36_LOGISTIC_SAFE_GATE,SAFE-STRICT,INCONGRUENT_CONTEXT,0.55,118,236,2,,0.01694915254237288,0.0,1,2,0.5,0.41355932203389795,0.0033898305084745766,0.4,0.5466101694915254,0.8601694915254238,0.9957627118644068
track2_common3,recordingSessionGroup,M36_LOGISTIC_SAFE_GATE,SAFE-STRICT,INCONGRUENT_CONTEXT,0.60,118,236,2,,0.01694915254237288,0.0,1,2,0.5,0.41355932203389795,0.0033898305084745766,0.4,0.5466101694915254,0.8601694915254238,0.9957627118644068
track2_common3,recordingSessionGroup,M36_LOGISTIC_SAFE_GATE,SAFE-STRICT,INCONGRUENT_CONTEXT,0.65,118,236,2,,0.01694915254237288,0.0,1,2,0.5,0.41355932203389795,0.0033898305084745766,0.4,0.5466101694915254,0.8601694915254238,0.9957627118644068
track2_common3,recordingSessionGroup,M36_LOGISTIC_SAFE_GATE,SAFE-STRICT,INCONGRUENT_CONTEXT,0.70,118,236,2,,0.01694915254237288,0.0,1,2,0.5,0.41355932203389795,0.0033898305084745766,0.4,0.5466101694915254,0.8601694915254238,0.9957627118644068
track2_common3,recordingSessionGroup,M36_LOGISTIC_SAFE_GATE,SAFE-STRICT,INCONGRUENT_CONTEXT,0.75,118,236,2,,0.01694915254237288,0.0,1,2,0.5,0.41355932203389795,0.0033898305084745766,0.4,0.5466101694915254,0.8601694915254238,0.9957627118644068
track2_common3,recordingSessionGroup,M36_LOGISTIC_SAFE_GATE,SAFE-STRICT,INCONGRUENT_CONTEXT,0.80,118,236,2,,0.01694915254237288,0.0,1,2,0.5,0.41355932203389795,0.0033898305084745766,0.4,0.5466101694915254,0.8601694915254238,0.9957627118644068
track2_common3,recordingSessionGroup,M36_LOGISTIC_SAFE_GATE,SAFE-STRICT,INCONGRUENT_CONTEXT,0.85,118,236,2,,0.01694915254237288,0.0,1,2,0.5,0.41355932203389795,0.0033898305084745766,0.4,0.5466101694915254,0.8601694915254238,0.9957627118644068
track2_common3,recordingSessionGroup,M36_LOGISTIC_SAFE_GATE,SAFE-STRICT,INCONGRUENT_CONTEXT,0.90,118,236,2,,0.01694915254237288,0.0,1,2,0.5,0.41355932203389795,0.0033898305084745766,0.4,0.5466101694915254,0.8601694915254238,0.9957627118644068
track2_common3,recordingSessionGroup,M36_LOGISTIC_SAFE_GATE,SAFE-STRICT,INCONGRUENT_CONTEXT,0.95,118,236,2,,0.01694915254237288,0.0,1,2,0.5,0.41355932203389795,0.0033898305084745766,0.4,0.5466101694915254,0.8601694915254238,0.9957627118644068
track2_common3,recordingSessionGroup,M36_LOGISTIC_SAFE_GATE,SAFE-STRICT,NEUTRAL_CONTEXT,,118,118,0,,0.0,,0,0,0.0,0.41694915254237286,0.0,,0.5423728813559322,0.864406779661017,1.0
