track,groupingScheme,method,safetyOperatingPoint,condition,qTop,realEegTrials,contextReplayScenarios,contextApplications,uniqueTrialsWithAnyApplication,eligibleCongruentOpportunities,coveragePerReplayScenario,applicationsPerRealTrial,scenarioInterventionPrecision,trialClusterInterventionPrecision,trialClusterInterventionPrecisionWilson95,inducedWrongEarlyStopEvents,trialsWithAnyInducedWrongStop,trialClusterInducedRisk,trialClusterInducedRiskWilson95,inducedRiskPerEligibleRealTrial,inducedRiskPerEligibleRealTrialWilson95,meanEvidenceSeconds,eegOnlyMeanEvidenceSeconds,overallMeanGainSeconds,pairedMeanGainBootstrap95CI,appliedTrialMeanGainSeconds,fractionScenariosLE030,fractionTrialsLE030,scenarioAccuracy,conservativePerTrialAccuracy,conservativePairedAccuracyDelta,mcnemarBaselineCorrectAssistedWrong,mcnemarBaselineWrongAssistedCorrect,mcnemarExactTwoSidedP,meanFinalClassPreservation,delayViolations,safetyTargetEmpiricallyMet
track1_5ch,acquisitionCampaignGroup,M35_CONSERVATIVE,FIXED,NEUTRAL_CONTEXT,,88,88,0,0,,0.0,0.0,,,"[null, null]",0,0,,"[null, null]",0.0,"[0.0, 0.0418270666648922]",0.49886363636363634,0.49886363636363634,0.0,"[0.0, 0.0]",,0.3409090909090909,0.3409090909090909,0.9431818181818182,0.9431818181818182,0.0,0,0,1.0,1.0,0,
track1_5ch,acquisitionCampaignGroup,M36_LOGISTIC_SAFE_GATE,SAFE-95,NEUTRAL_CONTEXT,,88,88,0,0,,0.0,0.0,,,"[null, null]",0,0,,"[null, null]",0.0,"[0.0, 0.0418270666648922]",0.49886363636363634,0.49886363636363634,0.0,"[0.0, 0.0]",,0.3409090909090909,0.3409090909090909,0.9431818181818182,0.9431818181818182,0.0,0,0,1.0,1.0,0,
track1_5ch,acquisitionCampaignGroup,M36_LOGISTIC_SAFE_GATE,SAFE-99,NEUTRAL_CONTEXT,,88,88,0,0,,0.0,0.0,,,"[null, null]",0,0,,"[null, null]",0.0,"[0.0, 0.0418270666648922]",0.49886363636363634,0.49886363636363634,0.0,"[0.0, 0.0]",,0.3409090909090909,0.3409090909090909,0.9431818181818182,0.9431818181818182,0.0,0,0,1.0,1.0,0,
track1_5ch,acquisitionCampaignGroup,M36_LOGISTIC_SAFE_GATE,SAFE-STRICT,NEUTRAL_CONTEXT,,88,88,0,0,,0.0,0.0,,,"[null, null]",0,0,,"[null, null]",0.0,"[0.0, 0.0418270666648922]",0.49886363636363634,0.49886363636363634,0.0,"[0.0, 0.0]",,0.3409090909090909,0.3409090909090909,0.9431818181818182,0.9431818181818182,0.0,0,0,1.0,1.0,0,
track1_5ch,acquisitionCampaignGroup,M36_LOGISTIC_VIEW_GUARDED,SAFE-95,NEUTRAL_CONTEXT,,88,88,0,0,,0.0,0.0,,,"[null, null]",0,0,,"[null, null]",0.0,"[0.0, 0.0418270666648922]",0.49886363636363634,0.49886363636363634,0.0,"[0.0, 0.0]",,0.3409090909090909,0.3409090909090909,0.9431818181818182,0.9431818181818182,0.0,0,0,1.0,1.0,0,
track1_5ch,acquisitionCampaignGroup,M36_LOGISTIC_VIEW_GUARDED,SAFE-99,NEUTRAL_CONTEXT,,88,88,0,0,,0.0,0.0,,,"[null, null]",0,0,,"[null, null]",0.0,"[0.0, 0.0418270666648922]",0.49886363636363634,0.49886363636363634,0.0,"[0.0, 0.0]",,0.3409090909090909,0.3409090909090909,0.9431818181818182,0.9431818181818182,0.0,0,0,1.0,1.0,0,
track1_5ch,acquisitionCampaignGroup,M36_LOGISTIC_VIEW_GUARDED,SAFE-STRICT,NEUTRAL_CONTEXT,,88,88,0,0,,0.0,0.0,,,"[null, null]",0,0,,"[null, null]",0.0,"[0.0, 0.0418270666648922]",0.49886363636363634,0.49886363636363634,0.0,"[0.0, 0.0]",,0.3409090909090909,0.3409090909090909,0.9431818181818182,0.9431818181818182,0.0,0,0,1.0,1.0,0,
track1_5ch,acquisitionCampaignGroup,M36_MULTI_VIEW_RULE,SAFE-95,NEUTRAL_CONTEXT,,88,88,0,0,,0.0,0.0,,,"[null, null]",0,0,,"[null, null]",0.0,"[0.0, 0.0418270666648922]",0.49886363636363634,0.49886363636363634,0.0,"[0.0, 0.0]",,0.3409090909090909,0.3409090909090909,0.9431818181818182,0.9431818181818182,0.0,0,0,1.0,1.0,0,
track1_5ch,acquisitionCampaignGroup,M36_MULTI_VIEW_RULE,SAFE-99,NEUTRAL_CONTEXT,,88,88,0,0,,0.0,0.0,,,"[null, null]",0,0,,"[null, null]",0.0,"[0.0, 0.0418270666648922]",0.49886363636363634,0.49886363636363634,0.0,"[0.0, 0.0]",,0.3409090909090909,0.3409090909090909,0.9431818181818182,0.9431818181818182,0.0,0,0,1.0,1.0,0,
track1_5ch,acquisitionCampaignGroup,M36_MULTI_VIEW_RULE,SAFE-STRICT,NEUTRAL_CONTEXT,,88,88,0,0,,0.0,0.0,,,"[null, null]",0,0,,"[null, null]",0.0,"[0.0, 0.0418270666648922]",0.49886363636363634,0.49886363636363634,0.0,"[0.0, 0.0]",,0.3409090909090909,0.3409090909090909,0.9431818181818182,0.9431818181818182,0.0,0,0,1.0,1.0,0,
track1_5ch,recordingSessionGroup,M35_CONSERVATIVE,FIXED,NEUTRAL_CONTEXT,,88,88,0,0,,0.0,0.0,,,"[null, null]",0,0,,"[null, null]",0.0,"[0.0, 0.0418270666648922]",0.49886363636363634,0.49886363636363634,0.0,"[0.0, 0.0]",,0.3409090909090909,0.3409090909090909,0.9431818181818182,0.9431818181818182,0.0,0,0,1.0,1.0,0,
track1_5ch,recordingSessionGroup,M36_LOGISTIC_SAFE_GATE,SAFE-95,NEUTRAL_CONTEXT,,88,88,0,0,,0.0,0.0,,,"[null, null]",0,0,,"[null, null]",0.0,"[0.0, 0.0418270666648922]",0.49886363636363634,0.49886363636363634,0.0,"[0.0, 0.0]",,0.3409090909090909,0.3409090909090909,0.9431818181818182,0.9431818181818182,0.0,0,0,1.0,1.0,0,
track1_5ch,recordingSessionGroup,M36_LOGISTIC_SAFE_GATE,SAFE-99,NEUTRAL_CONTEXT,,88,88,0,0,,0.0,0.0,,,"[null, null]",0,0,,"[null, null]",0.0,"[0.0, 0.0418270666648922]",0.49886363636363634,0.49886363636363634,0.0,"[0.0, 0.0]",,0.3409090909090909,0.3409090909090909,0.9431818181818182,0.9431818181818182,0.0,0,0,1.0,1.0,0,
track1_5ch,recordingSessionGroup,M36_LOGISTIC_SAFE_GATE,SAFE-STRICT,NEUTRAL_CONTEXT,,88,88,0,0,,0.0,0.0,,,"[null, null]",0,0,,"[null, null]",0.0,"[0.0, 0.0418270666648922]",0.49886363636363634,0.49886363636363634,0.0,"[0.0, 0.0]",,0.3409090909090909,0.3409090909090909,0.9431818181818182,0.9431818181818182,0.0,0,0,1.0,1.0,0,
track1_5ch,recordingSessionGroup,M36_LOGISTIC_VIEW_GUARDED,SAFE-95,NEUTRAL_CONTEXT,,88,88,0,0,,0.0,0.0,,,"[null, null]",0,0,,"[null, null]",0.0,"[0.0, 0.0418270666648922]",0.49886363636363634,0.49886363636363634,0.0,"[0.0, 0.0]",,0.3409090909090909,0.3409090909090909,0.9431818181818182,0.9431818181818182,0.0,0,0,1.0,1.0,0,
track1_5ch,recordingSessionGroup,M36_LOGISTIC_VIEW_GUARDED,SAFE-99,NEUTRAL_CONTEXT,,88,88,0,0,,0.0,0.0,,,"[null, null]",0,0,,"[null, null]",0.0,"[0.0, 0.0418270666648922]",0.49886363636363634,0.49886363636363634,0.0,"[0.0, 0.0]",,0.3409090909090909,0.3409090909090909,0.9431818181818182,0.9431818181818182,0.0,0,0,1.0,1.0,0,
track1_5ch,recordingSessionGroup,M36_LOGISTIC_VIEW_GUARDED,SAFE-STRICT,NEUTRAL_CONTEXT,,88,88,0,0,,0.0,0.0,,,"[null, null]",0,0,,"[null, null]",0.0,"[0.0, 0.0418270666648922]",0.49886363636363634,0.49886363636363634,0.0,"[0.0, 0.0]",,0.3409090909090909,0.3409090909090909,0.9431818181818182,0.9431818181818182,0.0,0,0,1.0,1.0,0,
track1_5ch,recordingSessionGroup,M36_MULTI_VIEW_RULE,SAFE-95,NEUTRAL_CONTEXT,,88,88,0,0,,0.0,0.0,,,"[null, null]",0,0,,"[null, null]",0.0,"[0.0, 0.0418270666648922]",0.49886363636363634,0.49886363636363634,0.0,"[0.0, 0.0]",,0.3409090909090909,0.3409090909090909,0.9431818181818182,0.9431818181818182,0.0,0,0,1.0,1.0,0,
track1_5ch,recordingSessionGroup,M36_MULTI_VIEW_RULE,SAFE-99,NEUTRAL_CONTEXT,,88,88,0,0,,0.0,0.0,,,"[null, null]",0,0,,"[null, null]",0.0,"[0.0, 0.0418270666648922]",0.49886363636363634,0.49886363636363634,0.0,"[0.0, 0.0]",,0.3409090909090909,0.3409090909090909,0.9431818181818182,0.9431818181818182,0.0,0,0,1.0,1.0,0,
track1_5ch,recordingSessionGroup,M36_MULTI_VIEW_RULE,SAFE-STRICT,NEUTRAL_CONTEXT,,88,88,0,0,,0.0,0.0,,,"[null, null]",0,0,,"[null, null]",0.0,"[0.0, 0.0418270666648922]",0.49886363636363634,0.49886363636363634,0.0,"[0.0, 0.0]",,0.3409090909090909,0.3409090909090909,0.9431818181818182,0.9431818181818182,0.0,0,0,1.0,1.0,0,
track2_common3,acquisitionCampaignGroup,M35_CONSERVATIVE,FIXED,NEUTRAL_CONTEXT,,118,118,0,0,,0.0,0.0,,,"[null, null]",0,0,,"[null, null]",0.0,"[0.0, 0.03152833902249433]",0.41694915254237286,0.41694915254237286,0.0,"[0.0, 0.0]",,0.5423728813559322,0.5423728813559322,0.864406779661017,0.864406779661017,0.0,0,0,1.0,1.0,0,
track2_common3,acquisitionCampaignGroup,M36_LOGISTIC_SAFE_GATE,SAFE-95,NEUTRAL_CONTEXT,,118,118,0,0,,0.0,0.0,,,"[null, null]",0,0,,"[null, null]",0.0,"[0.0, 0.03152833902249433]",0.41694915254237286,0.41694915254237286,0.0,"[0.0, 0.0]",,0.5423728813559322,0.5423728813559322,0.864406779661017,0.864406779661017,0.0,0,0,1.0,1.0,0,
track2_common3,acquisitionCampaignGroup,M36_LOGISTIC_SAFE_GATE,SAFE-99,NEUTRAL_CONTEXT,,118,118,0,0,,0.0,0.0,,,"[null, null]",0,0,,"[null, null]",0.0,"[0.0, 0.03152833902249433]",0.41694915254237286,0.41694915254237286,0.0,"[0.0, 0.0]",,0.5423728813559322,0.5423728813559322,0.864406779661017,0.864406779661017,0.0,0,0,1.0,1.0,0,
track2_common3,acquisitionCampaignGroup,M36_LOGISTIC_SAFE_GATE,SAFE-STRICT,NEUTRAL_CONTEXT,,118,118,0,0,,0.0,0.0,,,"[null, null]",0,0,,"[null, null]",0.0,"[0.0, 0.03152833902249433]",0.41694915254237286,0.41694915254237286,0.0,"[0.0, 0.0]",,0.5423728813559322,0.5423728813559322,0.864406779661017,0.864406779661017,0.0,0,0,1.0,1.0,0,
track2_common3,acquisitionCampaignGroup,M36_LOGISTIC_VIEW_GUARDED,SAFE-95,NEUTRAL_CONTEXT,,118,118,0,0,,0.0,0.0,,,"[null, null]",0,0,,"[null, null]",0.0,"[0.0, 0.03152833902249433]",0.41694915254237286,0.41694915254237286,0.0,"[0.0, 0.0]",,0.5423728813559322,0.5423728813559322,0.864406779661017,0.864406779661017,0.0,0,0,1.0,1.0,0,
track2_common3,acquisitionCampaignGroup,M36_LOGISTIC_VIEW_GUARDED,SAFE-99,NEUTRAL_CONTEXT,,118,118,0,0,,0.0,0.0,,,"[null, null]",0,0,,"[null, null]",0.0,"[0.0, 0.03152833902249433]",0.41694915254237286,0.41694915254237286,0.0,"[0.0, 0.0]",,0.5423728813559322,0.5423728813559322,0.864406779661017,0.864406779661017,0.0,0,0,1.0,1.0,0,
track2_common3,acquisitionCampaignGroup,M36_LOGISTIC_VIEW_GUARDED,SAFE-STRICT,NEUTRAL_CONTEXT,,118,118,0,0,,0.0,0.0,,,"[null, null]",0,0,,"[null, null]",0.0,"[0.0, 0.03152833902249433]",0.41694915254237286,0.41694915254237286,0.0,"[0.0, 0.0]",,0.5423728813559322,0.5423728813559322,0.864406779661017,0.864406779661017,0.0,0,0,1.0,1.0,0,
track2_common3,acquisitionCampaignGroup,M36_MULTI_VIEW_RULE,SAFE-95,NEUTRAL_CONTEXT,,118,118,0,0,,0.0,0.0,,,"[null, null]",0,0,,"[null, null]",0.0,"[0.0, 0.03152833902249433]",0.41694915254237286,0.41694915254237286,0.0,"[0.0, 0.0]",,0.5423728813559322,0.5423728813559322,0.864406779661017,0.864406779661017,0.0,0,0,1.0,1.0,0,
track2_common3,acquisitionCampaignGroup,M36_MULTI_VIEW_RULE,SAFE-99,NEUTRAL_CONTEXT,,118,118,0,0,,0.0,0.0,,,"[null, null]",0,0,,"[null, null]",0.0,"[0.0, 0.03152833902249433]",0.41694915254237286,0.41694915254237286,0.0,"[0.0, 0.0]",,0.5423728813559322,0.5423728813559322,0.864406779661017,0.864406779661017,0.0,0,0,1.0,1.0,0,
track2_common3,acquisitionCampaignGroup,M36_MULTI_VIEW_RULE,SAFE-STRICT,NEUTRAL_CONTEXT,,118,118,0,0,,0.0,0.0,,,"[null, null]",0,0,,"[null, null]",0.0,"[0.0, 0.03152833902249433]",0.41694915254237286,0.41694915254237286,0.0,"[0.0, 0.0]",,0.5423728813559322,0.5423728813559322,0.864406779661017,0.864406779661017,0.0,0,0,1.0,1.0,0,
track2_common3,recordingSessionGroup,M35_CONSERVATIVE,FIXED,NEUTRAL_CONTEXT,,118,118,0,0,,0.0,0.0,,,"[null, null]",0,0,,"[null, null]",0.0,"[0.0, 0.03152833902249433]",0.41694915254237286,0.41694915254237286,0.0,"[0.0, 0.0]",,0.5423728813559322,0.5423728813559322,0.864406779661017,0.864406779661017,0.0,0,0,1.0,1.0,0,
track2_common3,recordingSessionGroup,M36_LOGISTIC_SAFE_GATE,SAFE-95,NEUTRAL_CONTEXT,,118,118,0,0,,0.0,0.0,,,"[null, null]",0,0,,"[null, null]",0.0,"[0.0, 0.03152833902249433]",0.41694915254237286,0.41694915254237286,0.0,"[0.0, 0.0]",,0.5423728813559322,0.5423728813559322,0.864406779661017,0.864406779661017,0.0,0,0,1.0,1.0,0,
track2_common3,recordingSessionGroup,M36_LOGISTIC_SAFE_GATE,SAFE-99,NEUTRAL_CONTEXT,,118,118,0,0,,0.0,0.0,,,"[null, null]",0,0,,"[null, null]",0.0,"[0.0, 0.03152833902249433]",0.41694915254237286,0.41694915254237286,0.0,"[0.0, 0.0]",,0.5423728813559322,0.5423728813559322,0.864406779661017,0.864406779661017,0.0,0,0,1.0,1.0,0,
track2_common3,recordingSessionGroup,M36_LOGISTIC_SAFE_GATE,SAFE-STRICT,NEUTRAL_CONTEXT,,118,118,0,0,,0.0,0.0,,,"[null, null]",0,0,,"[null, null]",0.0,"[0.0, 0.03152833902249433]",0.41694915254237286,0.41694915254237286,0.0,"[0.0, 0.0]",,0.5423728813559322,0.5423728813559322,0.864406779661017,0.864406779661017,0.0,0,0,1.0,1.0,0,
track2_common3,recordingSessionGroup,M36_LOGISTIC_VIEW_GUARDED,SAFE-95,NEUTRAL_CONTEXT,,118,118,0,0,,0.0,0.0,,,"[null, null]",0,0,,"[null, null]",0.0,"[0.0, 0.03152833902249433]",0.41694915254237286,0.41694915254237286,0.0,"[0.0, 0.0]",,0.5423728813559322,0.5423728813559322,0.864406779661017,0.864406779661017,0.0,0,0,1.0,1.0,0,
track2_common3,recordingSessionGroup,M36_LOGISTIC_VIEW_GUARDED,SAFE-99,NEUTRAL_CONTEXT,,118,118,0,0,,0.0,0.0,,,"[null, null]",0,0,,"[null, null]",0.0,"[0.0, 0.03152833902249433]",0.41694915254237286,0.41694915254237286,0.0,"[0.0, 0.0]",,0.5423728813559322,0.5423728813559322,0.864406779661017,0.864406779661017,0.0,0,0,1.0,1.0,0,
track2_common3,recordingSessionGroup,M36_LOGISTIC_VIEW_GUARDED,SAFE-STRICT,NEUTRAL_CONTEXT,,118,118,0,0,,0.0,0.0,,,"[null, null]",0,0,,"[null, null]",0.0,"[0.0, 0.03152833902249433]",0.41694915254237286,0.41694915254237286,0.0,"[0.0, 0.0]",,0.5423728813559322,0.5423728813559322,0.864406779661017,0.864406779661017,0.0,0,0,1.0,1.0,0,
track2_common3,recordingSessionGroup,M36_MULTI_VIEW_RULE,SAFE-95,NEUTRAL_CONTEXT,,118,118,0,0,,0.0,0.0,,,"[null, null]",0,0,,"[null, null]",0.0,"[0.0, 0.03152833902249433]",0.41694915254237286,0.41694915254237286,0.0,"[0.0, 0.0]",,0.5423728813559322,0.5423728813559322,0.864406779661017,0.864406779661017,0.0,0,0,1.0,1.0,0,
track2_common3,recordingSessionGroup,M36_MULTI_VIEW_RULE,SAFE-99,NEUTRAL_CONTEXT,,118,118,0,0,,0.0,0.0,,,"[null, null]",0,0,,"[null, null]",0.0,"[0.0, 0.03152833902249433]",0.41694915254237286,0.41694915254237286,0.0,"[0.0, 0.0]",,0.5423728813559322,0.5423728813559322,0.864406779661017,0.864406779661017,0.0,0,0,1.0,1.0,0,
track2_common3,recordingSessionGroup,M36_MULTI_VIEW_RULE,SAFE-STRICT,NEUTRAL_CONTEXT,,118,118,0,0,,0.0,0.0,,,"[null, null]",0,0,,"[null, null]",0.0,"[0.0, 0.03152833902249433]",0.41694915254237286,0.41694915254237286,0.0,"[0.0, 0.0]",,0.5423728813559322,0.5423728813559322,0.864406779661017,0.864406779661017,0.0,0,0,1.0,1.0,0,
