track,groupingScheme,outerFoldId,outerTestGroup,probabilityBinLower,probabilityBinUpper,nTimepoints,meanPredictedProbability,observedSafeTrueRate,observedSafeFinalRate
track1_5ch,acquisitionCampaignGroup,track1_5ch|campaign|outer-01,A_campaign,0.2,0.30000000000000004,1,0.2778539124456838,0.0,0.0
track1_5ch,acquisitionCampaignGroup,track1_5ch|campaign|outer-01,A_campaign,0.30000000000000004,0.4,5,0.3435671602962498,0.4,0.4
track1_5ch,acquisitionCampaignGroup,track1_5ch|campaign|outer-01,A_campaign,0.4,0.5,17,0.455263005214234,0.17647058823529413,0.23529411764705882
track1_5ch,acquisitionCampaignGroup,track1_5ch|campaign|outer-01,A_campaign,0.5,0.6,19,0.5554293714259226,0.42105263157894735,0.42105263157894735
track1_5ch,acquisitionCampaignGroup,track1_5ch|campaign|outer-01,A_campaign,0.6000000000000001,0.7000000000000001,27,0.6502318723851204,0.5555555555555556,0.5925925925925926
track1_5ch,acquisitionCampaignGroup,track1_5ch|campaign|outer-01,A_campaign,0.7000000000000001,0.8,42,0.7573748106265963,0.5952380952380952,0.6666666666666666
track1_5ch,acquisitionCampaignGroup,track1_5ch|campaign|outer-01,A_campaign,0.8,0.9,53,0.8591613571730217,0.8113207547169812,0.8113207547169812
track1_5ch,acquisitionCampaignGroup,track1_5ch|campaign|outer-01,A_campaign,0.9,1.0,270,0.7993331229076294,0.7296296296296296,0.7518518518518519
track1_5ch,acquisitionCampaignGroup,track1_5ch|campaign|outer-02,M6_4_campaign,0.1,0.2,3,0.18318320592167847,0.3333333333333333,0.0
track1_5ch,acquisitionCampaignGroup,track1_5ch|campaign|outer-02,M6_4_campaign,0.2,0.30000000000000004,14,0.2479266105991655,0.21428571428571427,0.07142857142857142
track1_5ch,acquisitionCampaignGroup,track1_5ch|campaign|outer-02,M6_4_campaign,0.30000000000000004,0.4,20,0.3678902569867612,0.8,0.65
track1_5ch,acquisitionCampaignGroup,track1_5ch|campaign|outer-02,M6_4_campaign,0.4,0.5,33,0.4466553413492135,0.696969696969697,0.6666666666666666
track1_5ch,acquisitionCampaignGroup,track1_5ch|campaign|outer-02,M6_4_campaign,0.5,0.6,39,0.5434160493553934,0.5641025641025641,0.5897435897435898
track1_5ch,acquisitionCampaignGroup,track1_5ch|campaign|outer-02,M6_4_campaign,0.6000000000000001,0.7000000000000001,42,0.6499573439468869,0.6666666666666666,0.6904761904761905
track1_5ch,acquisitionCampaignGroup,track1_5ch|campaign|outer-02,M6_4_campaign,0.7000000000000001,0.8,49,0.7552407736615038,0.9183673469387755,0.9183673469387755
track1_5ch,acquisitionCampaignGroup,track1_5ch|campaign|outer-02,M6_4_campaign,0.8,0.9,78,0.8547099502039252,0.9230769230769231,0.9487179487179487
track1_5ch,acquisitionCampaignGroup,track1_5ch|campaign|outer-02,M6_4_campaign,0.9,1.0,522,0.7918189941022806,0.8601532567049809,0.8620689655172413
track1_5ch,recordingSessionGroup,track1_5ch|session|outer-01,m6_1b-dataset-20260819T090215Z-d70eaa0d,0.4,0.5,6,0.4530222416176291,0.3333333333333333,0.3333333333333333
track1_5ch,recordingSessionGroup,track1_5ch|session|outer-01,m6_1b-dataset-20260819T090215Z-d70eaa0d,0.5,0.6,22,0.5566940200330678,0.22727272727272727,0.2727272727272727
track1_5ch,recordingSessionGroup,track1_5ch|session|outer-01,m6_1b-dataset-20260819T090215Z-d70eaa0d,0.6000000000000001,0.7000000000000001,33,0.6525246748173437,0.5757575757575758,0.5757575757575758
track1_5ch,recordingSessionGroup,track1_5ch|session|outer-01,m6_1b-dataset-20260819T090215Z-d70eaa0d,0.7000000000000001,0.8,54,0.7540379757212868,0.5555555555555556,0.6296296296296297
track1_5ch,recordingSessionGroup,track1_5ch|session|outer-01,m6_1b-dataset-20260819T090215Z-d70eaa0d,0.8,0.9,77,0.8569660398775185,0.8311688311688312,0.8441558441558441
track1_5ch,recordingSessionGroup,track1_5ch|session|outer-01,m6_1b-dataset-20260819T090215Z-d70eaa0d,0.9,1.0,270,0.8004217077477414,0.7296296296296296,0.7518518518518519
track1_5ch,recordingSessionGroup,track1_5ch|session|outer-02,m6_4-dataset-20260819T155147Z-386f95dd,0.4,0.5,12,0.4438061698067488,0.5,0.3333333333333333
track1_5ch,recordingSessionGroup,track1_5ch|session|outer-02,m6_4-dataset-20260819T155147Z-386f95dd,0.5,0.6,22,0.557172090055025,0.6363636363636364,0.5
track1_5ch,recordingSessionGroup,track1_5ch|session|outer-02,m6_4-dataset-20260819T155147Z-386f95dd,0.6000000000000001,0.7000000000000001,29,0.6474579290748153,0.5517241379310345,0.6551724137931034
track1_5ch,recordingSessionGroup,track1_5ch|session|outer-02,m6_4-dataset-20260819T155147Z-386f95dd,0.7000000000000001,0.8,39,0.759277897481567,0.8205128205128205,0.7948717948717948
track1_5ch,recordingSessionGroup,track1_5ch|session|outer-02,m6_4-dataset-20260819T155147Z-386f95dd,0.8,0.9,58,0.8560708280886657,0.9310344827586207,0.9310344827586207
track1_5ch,recordingSessionGroup,track1_5ch|session|outer-02,m6_4-dataset-20260819T155147Z-386f95dd,0.9,1.0,261,0.8106430827216621,0.8544061302681992,0.842911877394636
track1_5ch,recordingSessionGroup,track1_5ch|session|outer-03,m6_4-dataset-20260819T161943Z-afaac607,0.2,0.30000000000000004,3,0.27420492402846625,0.0,0.0
track1_5ch,recordingSessionGroup,track1_5ch|session|outer-03,m6_4-dataset-20260819T161943Z-afaac607,0.30000000000000004,0.4,4,0.35876422275665987,0.5,0.25
track1_5ch,recordingSessionGroup,track1_5ch|session|outer-03,m6_4-dataset-20260819T161943Z-afaac607,0.4,0.5,12,0.4468469948890263,0.75,0.6666666666666666
track1_5ch,recordingSessionGroup,track1_5ch|session|outer-03,m6_4-dataset-20260819T161943Z-afaac607,0.5,0.6,14,0.5560505514215838,0.7142857142857143,0.5714285714285714
track1_5ch,recordingSessionGroup,track1_5ch|session|outer-03,m6_4-dataset-20260819T161943Z-afaac607,0.6000000000000001,0.7000000000000001,26,0.6573478956974975,0.5769230769230769,0.6153846153846154
track1_5ch,recordingSessionGroup,track1_5ch|session|outer-03,m6_4-dataset-20260819T161943Z-afaac607,0.7000000000000001,0.8,17,0.7531509286341185,0.8823529411764706,0.9411764705882353
track1_5ch,recordingSessionGroup,track1_5ch|session|outer-03,m6_4-dataset-20260819T161943Z-afaac607,0.8,0.9,46,0.8532757466702129,0.8913043478260869,0.9347826086956522
track1_5ch,recordingSessionGroup,track1_5ch|session|outer-03,m6_4-dataset-20260819T161943Z-afaac607,0.9,1.0,261,0.8365468649572276,0.8659003831417624,0.8812260536398467
track2_common3,acquisitionCampaignGroup,track2_common3|campaign|outer-01,A_campaign,0.30000000000000004,0.4,5,0.32738088173185786,0.2,0.4
track2_common3,acquisitionCampaignGroup,track2_common3|campaign|outer-01,A_campaign,0.4,0.5,16,0.45840601332925435,0.3125,0.5
track2_common3,acquisitionCampaignGroup,track2_common3|campaign|outer-01,A_campaign,0.5,0.6,20,0.5501394167427205,0.35,0.45
track2_common3,acquisitionCampaignGroup,track2_common3|campaign|outer-01,A_campaign,0.6000000000000001,0.7000000000000001,33,0.6466055762027225,0.36363636363636365,0.5454545454545454
track2_common3,acquisitionCampaignGroup,track2_common3|campaign|outer-01,A_campaign,0.7000000000000001,0.8,39,0.7489345670760298,0.6410256410256411,0.8717948717948718
track2_common3,acquisitionCampaignGroup,track2_common3|campaign|outer-01,A_campaign,0.8,0.9,61,0.8493258026511026,0.9016393442622951,0.8688524590163934
track2_common3,acquisitionCampaignGroup,track2_common3|campaign|outer-01,A_campaign,0.9,1.0,270,0.7923011077804376,0.7407407407407407,0.7703703703703704
track2_common3,acquisitionCampaignGroup,track2_common3|campaign|outer-02,M6_4_campaign,0.1,0.2,6,0.13667729508652554,0.3333333333333333,0.5
track2_common3,acquisitionCampaignGroup,track2_common3|campaign|outer-02,M6_4_campaign,0.2,0.30000000000000004,17,0.2666061848934675,0.47058823529411764,0.5294117647058824
track2_common3,acquisitionCampaignGroup,track2_common3|campaign|outer-02,M6_4_campaign,0.30000000000000004,0.4,22,0.3424453424985148,0.5454545454545454,0.7727272727272727
track2_common3,acquisitionCampaignGroup,track2_common3|campaign|outer-02,M6_4_campaign,0.4,0.5,32,0.45276524715190597,0.6875,0.59375
track2_common3,acquisitionCampaignGroup,track2_common3|campaign|outer-02,M6_4_campaign,0.5,0.6,36,0.5412414050450653,0.7222222222222222,0.6666666666666666
track2_common3,acquisitionCampaignGroup,track2_common3|campaign|outer-02,M6_4_campaign,0.6000000000000001,0.7000000000000001,52,0.648741761574766,0.6923076923076923,0.7884615384615384
track2_common3,acquisitionCampaignGroup,track2_common3|campaign|outer-02,M6_4_campaign,0.7000000000000001,0.8,49,0.7627616308415919,0.8367346938775511,0.8571428571428571
track2_common3,acquisitionCampaignGroup,track2_common3|campaign|outer-02,M6_4_campaign,0.8,0.9,84,0.857246033561948,0.9285714285714286,0.9523809523809523
track2_common3,acquisitionCampaignGroup,track2_common3|campaign|outer-02,M6_4_campaign,0.9,1.0,522,0.776441874520862,0.8486590038314177,0.8697318007662835
track2_common3,acquisitionCampaignGroup,track2_common3|campaign|outer-03,S7_stress_campaign,0.2,0.30000000000000004,1,0.27473022625625193,1.0,0.0
track2_common3,acquisitionCampaignGroup,track2_common3|campaign|outer-03,S7_stress_campaign,0.30000000000000004,0.4,3,0.37790324009859527,0.3333333333333333,0.3333333333333333
track2_common3,acquisitionCampaignGroup,track2_common3|campaign|outer-03,S7_stress_campaign,0.4,0.5,12,0.4704081218152763,0.25,0.16666666666666666
track2_common3,acquisitionCampaignGroup,track2_common3|campaign|outer-03,S7_stress_campaign,0.5,0.6,18,0.5370854707871326,0.3888888888888889,0.4444444444444444
track2_common3,acquisitionCampaignGroup,track2_common3|campaign|outer-03,S7_stress_campaign,0.6000000000000001,0.7000000000000001,31,0.6574524463379285,0.5161290322580645,0.5161290322580645
track2_common3,acquisitionCampaignGroup,track2_common3|campaign|outer-03,S7_stress_campaign,0.7000000000000001,0.8,46,0.7514847914625303,0.6956521739130435,0.6739130434782609
track2_common3,acquisitionCampaignGroup,track2_common3|campaign|outer-03,S7_stress_campaign,0.8,0.9,52,0.8540457858663165,0.8846153846153846,0.8653846153846154
track2_common3,acquisitionCampaignGroup,track2_common3|campaign|outer-03,S7_stress_campaign,0.9,1.0,270,0.8064019365557786,0.7888888888888889,0.7703703703703704
track2_common3,recordingSessionGroup,track2_common3|session|outer-01,m6_1b-dataset-20260819T090215Z-d70eaa0d,0.30000000000000004,0.4,5,0.3371264867896642,0.2,0.4
track2_common3,recordingSessionGroup,track2_common3|session|outer-01,m6_1b-dataset-20260819T090215Z-d70eaa0d,0.4,0.5,12,0.4565817224478757,0.25,0.5
track2_common3,recordingSessionGroup,track2_common3|session|outer-01,m6_1b-dataset-20260819T090215Z-d70eaa0d,0.5,0.6,20,0.5405599795840766,0.35,0.45
track2_common3,recordingSessionGroup,track2_common3|session|outer-01,m6_1b-dataset-20260819T090215Z-d70eaa0d,0.6000000000000001,0.7000000000000001,35,0.6470997979943434,0.34285714285714286,0.5142857142857142
track2_common3,recordingSessionGroup,track2_common3|session|outer-01,m6_1b-dataset-20260819T090215Z-d70eaa0d,0.7000000000000001,0.8,39,0.7509406206856664,0.6410256410256411,0.8717948717948718
track2_common3,recordingSessionGroup,track2_common3|session|outer-01,m6_1b-dataset-20260819T090215Z-d70eaa0d,0.8,0.9,59,0.8490253637303318,0.8983050847457628,0.864406779661017
track2_common3,recordingSessionGroup,track2_common3|session|outer-01,m6_1b-dataset-20260819T090215Z-d70eaa0d,0.9,1.0,270,0.7975485261669844,0.7407407407407407,0.7703703703703704
track2_common3,recordingSessionGroup,track2_common3|session|outer-02,m6_4-dataset-20260819T155147Z-386f95dd,0.2,0.30000000000000004,5,0.2558793064381163,0.4,0.4
track2_common3,recordingSessionGroup,track2_common3|session|outer-02,m6_4-dataset-20260819T155147Z-386f95dd,0.30000000000000004,0.4,8,0.3543188671139132,0.25,0.5
track2_common3,recordingSessionGroup,track2_common3|session|outer-02,m6_4-dataset-20260819T155147Z-386f95dd,0.4,0.5,10,0.46652594296078514,0.5,0.6
track2_common3,recordingSessionGroup,track2_common3|session|outer-02,m6_4-dataset-20260819T155147Z-386f95dd,0.5,0.6,19,0.5524674643685658,0.7894736842105263,0.7894736842105263
track2_common3,recordingSessionGroup,track2_common3|session|outer-02,m6_4-dataset-20260819T155147Z-386f95dd,0.6000000000000001,0.7000000000000001,25,0.649113284279546,0.52,0.56
track2_common3,recordingSessionGroup,track2_common3|session|outer-02,m6_4-dataset-20260819T155147Z-386f95dd,0.7000000000000001,0.8,26,0.7518597157561431,0.7307692307692307,0.8076923076923077
track2_common3,recordingSessionGroup,track2_common3|session|outer-02,m6_4-dataset-20260819T155147Z-386f95dd,0.8,0.9,58,0.853684640822307,0.9137931034482759,0.9482758620689655
track2_common3,recordingSessionGroup,track2_common3|session|outer-02,m6_4-dataset-20260819T155147Z-386f95dd,0.9,1.0,261,0.8043376871272855,0.8352490421455939,0.8582375478927203
track2_common3,recordingSessionGroup,track2_common3|session|outer-03,m6_4-dataset-20260819T161943Z-afaac607,0.2,0.30000000000000004,3,0.23643753191454467,0.3333333333333333,0.6666666666666666
track2_common3,recordingSessionGroup,track2_common3|session|outer-03,m6_4-dataset-20260819T161943Z-afaac607,0.30000000000000004,0.4,12,0.34002838464022883,0.75,0.75
track2_common3,recordingSessionGroup,track2_common3|session|outer-03,m6_4-dataset-20260819T161943Z-afaac607,0.4,0.5,9,0.4769836914969345,0.6666666666666666,0.6666666666666666
track2_common3,recordingSessionGroup,track2_common3|session|outer-03,m6_4-dataset-20260819T161943Z-afaac607,0.5,0.6,16,0.5574082925939787,0.625,0.6875
track2_common3,recordingSessionGroup,track2_common3|session|outer-03,m6_4-dataset-20260819T161943Z-afaac607,0.6000000000000001,0.7000000000000001,26,0.652261824346839,0.6923076923076923,0.6538461538461539
track2_common3,recordingSessionGroup,track2_common3|session|outer-03,m6_4-dataset-20260819T161943Z-afaac607,0.7000000000000001,0.8,21,0.7510938128611236,0.7619047619047619,0.8571428571428571
track2_common3,recordingSessionGroup,track2_common3|session|outer-03,m6_4-dataset-20260819T161943Z-afaac607,0.8,0.9,39,0.8510647529150205,0.8717948717948718,0.9230769230769231
track2_common3,recordingSessionGroup,track2_common3|session|outer-03,m6_4-dataset-20260819T161943Z-afaac607,0.9,1.0,261,0.8221802893733711,0.8620689655172413,0.8812260536398467
track2_common3,recordingSessionGroup,track2_common3|session|outer-04,m6_7-formal-20260820T160940Z-0ef360f6,0.2,0.30000000000000004,2,0.2556824031352374,0.5,0.0
track2_common3,recordingSessionGroup,track2_common3|session|outer-04,m6_7-formal-20260820T160940Z-0ef360f6,0.30000000000000004,0.4,6,0.36162282404467877,0.3333333333333333,0.3333333333333333
track2_common3,recordingSessionGroup,track2_common3|session|outer-04,m6_7-formal-20260820T160940Z-0ef360f6,0.4,0.5,17,0.4606840685319227,0.29411764705882354,0.23529411764705882
track2_common3,recordingSessionGroup,track2_common3|session|outer-04,m6_7-formal-20260820T160940Z-0ef360f6,0.5,0.6,14,0.5451874979274924,0.42857142857142855,0.5
track2_common3,recordingSessionGroup,track2_common3|session|outer-04,m6_7-formal-20260820T160940Z-0ef360f6,0.6000000000000001,0.7000000000000001,29,0.6555090603063457,0.4827586206896552,0.4827586206896552
track2_common3,recordingSessionGroup,track2_common3|session|outer-04,m6_7-formal-20260820T160940Z-0ef360f6,0.7000000000000001,0.8,41,0.7519017400280337,0.7317073170731707,0.7073170731707317
track2_common3,recordingSessionGroup,track2_common3|session|outer-04,m6_7-formal-20260820T160940Z-0ef360f6,0.8,0.9,47,0.8562254400907704,0.8723404255319149,0.8723404255319149
track2_common3,recordingSessionGroup,track2_common3|session|outer-04,m6_7-formal-20260820T160940Z-0ef360f6,0.9,1.0,270,0.8051170519966251,0.7888888888888889,0.7703703703703704
