track,method,safetyOperatingPoint,realEegTrials,contextReplayScenarios,applications,coverage,interventionPrecisionUnderWrongContext,wrongContextApplications,wrongContextInducedErrors,meanEvidenceSeconds,overallMeanGainSeconds,appliedTrialMeanGainSeconds,fractionEvidenceLE030,accuracy,pairedAccuracyDeltaVsEEGOnly,oracleMeanGainSeconds,oracleEfficiency,evidenceSource
track1_5ch,EEG_ONLY,FROZEN_BASELINE,88,88,0,0.0,,0,0,0.49886363636363634,0.0,,0.3409090909090909,0.9431818181818182,0.0,0.11079545454545454,0.0,one frozen EEG-only decision per real EEG trial
track1_5ch,M35_CONSERVATIVE,FIXED,88,88,5,0.056818181818181816,,0,0,0.49034090909090905,0.008522727272727274,0.15000000000000002,0.3409090909090909,0.9431818181818182,0.0,0.11079545454545454,0.07692307692307693,primary acquisition-campaign OOF; q_top=0.95; wrong-context row tests both wrong targets
track1_5ch,M36_MULTI_VIEW_RULE,SAFE-STRICT,88,88,20,0.22727272727272727,0.0,2,1,0.4676136363636363,0.03124999999999999,0.13749999999999996,0.42045454545454547,0.9431818181818182,0.0,0.11079545454545454,0.28205128205128194,primary acquisition-campaign OOF; q_top=0.95; wrong-context row tests both wrong targets
track1_5ch,M36_LOGISTIC_SAFE_GATE,SAFE-STRICT,88,88,4,0.045454545454545456,,0,0,0.4840909090909091,0.014772727272727276,0.32500000000000007,0.36363636363636365,0.9431818181818182,0.0,0.11079545454545454,0.13333333333333336,primary acquisition-campaign OOF; q_top=0.95; wrong-context row tests both wrong targets
track1_5ch,M36_LOGISTIC_VIEW_GUARDED,SAFE-STRICT,88,88,6,0.06818181818181818,0.0,1,1,0.4869318181818182,0.011931818181818184,0.17500000000000004,0.36363636363636365,0.9431818181818182,0.0,0.11079545454545454,0.10769230769230771,primary acquisition-campaign OOF; q_top=0.95; wrong-context row tests both wrong targets
track1_5ch,ORACLE_MULTIVIEW_UPPER_BOUND,GROUND_TRUTH_ORACLE,88,88,44,0.5,,,0,0.3880681818181818,0.11079545454545454,0.2215909090909091,0.5568181818181818,0.9545454545454546,0.011363636363636354,0.11079545454545454,1.0,upper bound uses ground truth to find early correct EEG top; never a deployable gate
track2_common3,EEG_ONLY,FROZEN_BASELINE,118,118,0,0.0,,0,0,0.4169491525423729,0.0,,0.5423728813559322,0.864406779661017,0.0,0.06271186440677966,0.0,one frozen EEG-only decision per real EEG trial
track2_common3,M35_CONSERVATIVE,FIXED,118,118,6,0.05084745762711865,0.0,2,2,0.4029661016949153,0.013983050847457627,0.27499999999999997,0.5423728813559322,0.864406779661017,0.0,0.06271186440677966,0.22297297297297297,primary acquisition-campaign OOF; q_top=0.95; wrong-context row tests both wrong targets
track2_common3,M36_MULTI_VIEW_RULE,SAFE-STRICT,118,118,15,0.1271186440677966,0.0,3,3,0.39237288135593223,0.024576271186440672,0.1933333333333333,0.5847457627118644,0.8728813559322034,0.00847457627118644,0.06271186440677966,0.39189189189189183,primary acquisition-campaign OOF; q_top=0.95; wrong-context row tests both wrong targets
track2_common3,M36_LOGISTIC_SAFE_GATE,SAFE-STRICT,118,118,7,0.059322033898305086,0.0,2,1,0.4080508474576272,0.008898305084745763,0.15,0.5508474576271186,0.864406779661017,0.0,0.06271186440677966,0.1418918918918919,primary acquisition-campaign OOF; q_top=0.95; wrong-context row tests both wrong targets
track2_common3,M36_LOGISTIC_VIEW_GUARDED,SAFE-STRICT,118,118,10,0.0847457627118644,0.0,2,1,0.40677966101694923,0.01016949152542373,0.12000000000000002,0.559322033898305,0.864406779661017,0.0,0.06271186440677966,0.1621621621621622,primary acquisition-campaign OOF; q_top=0.95; wrong-context row tests both wrong targets
track2_common3,ORACLE_MULTIVIEW_UPPER_BOUND,GROUND_TRUTH_ORACLE,118,118,36,0.3050847457627119,,,0,0.3542372881355932,0.06271186440677966,0.20555555555555557,0.6186440677966102,0.8813559322033898,0.016949152542372836,0.06271186440677966,1.0,upper bound uses ground truth to find early correct EEG top; never a deployable gate
track2_common3_stored_M33,STORED_M33_THROUGH_M36_LOGISTIC_VIEW_GUARD,SAFE-STRICT,59,5900,178,0.03016949152542373,"not estimated: stored real semantic context is replayed, not randomized into both wrong targets",,0,0.4184067796610169,0.0044745762711864406,0.148314606741573,0.597457627118644,0.8813559322033898,0.0,0.06271186440677966,0.07135135135135136,"5,900 stored precomputed-before-EEG semantic scenarios / 59 real EEG trials; repeated seeds are not independent"
