method,safetyOperatingPoint,sessionKey,realEegTrials,trialSeedReplayScenarios,semanticContextAvailableScenarios,M36ContextApplications,applicationRateAcrossTrialSeedScenarios,meanGainSeconds,meanAppliedGainSeconds,contextInducedWrongEarlyStops,contextInducedWrongTrialSeedPairs,fallbackScenarioRate,originalM33Applications,originalM33Errors,originalM33MeanGainSeconds,trialSeedPairsAreNotIndependentRealTrials
M35_CONSERVATIVE,FIXED,B2,29,2900,862,0,0.0,0.0,,0,0,1.0,458,11,0.026275862068965518,True
M35_CONSERVATIVE,FIXED,S7,30,3000,922,92,0.030666666666666665,0.012150000000000001,0.39619565217391306,7,7,0.9693333333333334,333,12,0.023716666666666667,True
M36_LOGISTIC_SAFE_GATE,SAFE-95,B2,29,2900,862,0,0.0,0.0,,0,0,1.0,458,11,0.026275862068965518,True
M36_LOGISTIC_SAFE_GATE,SAFE-95,S7,30,3000,922,148,0.04933333333333333,0.0083,0.16824324324324325,0,0,0.9506666666666667,333,12,0.023716666666666667,True
M36_LOGISTIC_SAFE_GATE,SAFE-99,B2,29,2900,862,0,0.0,0.0,,0,0,1.0,458,11,0.026275862068965518,True
M36_LOGISTIC_SAFE_GATE,SAFE-99,S7,30,3000,922,148,0.04933333333333333,0.0083,0.16824324324324325,0,0,0.9506666666666667,333,12,0.023716666666666667,True
M36_LOGISTIC_SAFE_GATE,SAFE-STRICT,B2,29,2900,862,0,0.0,0.0,,0,0,1.0,458,11,0.026275862068965518,True
M36_LOGISTIC_SAFE_GATE,SAFE-STRICT,S7,30,3000,922,148,0.04933333333333333,0.0083,0.16824324324324325,0,0,0.9506666666666667,333,12,0.023716666666666667,True
M36_LOGISTIC_VIEW_GUARDED,SAFE-95,B2,29,2900,862,30,0.010344827586206896,0.0005172413793103446,0.04999999999999998,0,0,0.9896551724137931,458,11,0.026275862068965518,True
M36_LOGISTIC_VIEW_GUARDED,SAFE-95,S7,30,3000,922,148,0.04933333333333333,0.0083,0.16824324324324325,0,0,0.9506666666666667,333,12,0.023716666666666667,True
M36_LOGISTIC_VIEW_GUARDED,SAFE-99,B2,29,2900,862,30,0.010344827586206896,0.0005172413793103446,0.04999999999999998,0,0,0.9896551724137931,458,11,0.026275862068965518,True
M36_LOGISTIC_VIEW_GUARDED,SAFE-99,S7,30,3000,922,148,0.04933333333333333,0.0083,0.16824324324324325,0,0,0.9506666666666667,333,12,0.023716666666666667,True
M36_LOGISTIC_VIEW_GUARDED,SAFE-STRICT,B2,29,2900,862,30,0.010344827586206896,0.0005172413793103446,0.04999999999999998,0,0,0.9896551724137931,458,11,0.026275862068965518,True
M36_LOGISTIC_VIEW_GUARDED,SAFE-STRICT,S7,30,3000,922,148,0.04933333333333333,0.0083,0.16824324324324325,0,0,0.9506666666666667,333,12,0.023716666666666667,True
M36_MULTI_VIEW_RULE,SAFE-95,B2,29,2900,862,51,0.017586206896551725,0.007137931034482759,0.40588235294117647,0,0,0.9824137931034482,458,11,0.026275862068965518,True
M36_MULTI_VIEW_RULE,SAFE-95,S7,30,3000,922,197,0.06566666666666666,0.015733333333333332,0.2395939086294416,7,7,0.9343333333333333,333,12,0.023716666666666667,True
M36_MULTI_VIEW_RULE,SAFE-99,B2,29,2900,862,51,0.017586206896551725,0.007137931034482759,0.40588235294117647,0,0,0.9824137931034482,458,11,0.026275862068965518,True
M36_MULTI_VIEW_RULE,SAFE-99,S7,30,3000,922,197,0.06566666666666666,0.015733333333333332,0.2395939086294416,7,7,0.9343333333333333,333,12,0.023716666666666667,True
M36_MULTI_VIEW_RULE,SAFE-STRICT,B2,29,2900,862,51,0.017586206896551725,0.007137931034482759,0.40588235294117647,0,0,0.9824137931034482,458,11,0.026275862068965518,True
M36_MULTI_VIEW_RULE,SAFE-STRICT,S7,30,3000,922,197,0.06566666666666666,0.015733333333333332,0.2395939086294416,7,7,0.9343333333333333,333,12,0.023716666666666667,True
