track,sessionKey,evidenceSeconds,nRealTrials,topScoreMean,topScoreMedian,topScoreStd,topScoreP10,topScoreP90,relativeMarginMean,relativeMarginMedian,relativeMarginStd,relativeMarginP10,relativeMarginP90,normalizedEntropyMean,normalizedEntropyMedian,normalizedEntropyStd,normalizedEntropyP10,normalizedEntropyP90,priorTopFlipsMean,priorTopFlipsMedian,priorTopFlipsStd,priorTopFlipsP10,priorTopFlipsP90,bandAgreementMean,bandAgreementMedian,bandAgreementStd,bandAgreementP10,bandAgreementP90,harmonicAgreementMean,harmonicAgreementMedian,harmonicAgreementStd,harmonicAgreementP10,harmonicAgreementP90,secondaryAgreementMean,secondaryAgreementMedian,secondaryAgreementStd,secondaryAgreementP10,secondaryAgreementP90,bandMinimumMarginMean,bandMinimumMarginMedian,bandMinimumMarginStd,bandMinimumMarginP10,bandMinimumMarginP90,topScoreSmdVsOtherSessions,relativeMarginSmdVsOtherSessions,normalizedEntropySmdVsOtherSessions,priorTopFlipsSmdVsOtherSessions,bandAgreementSmdVsOtherSessions,harmonicAgreementSmdVsOtherSessions,secondaryAgreementSmdVsOtherSessions,bandMinimumMarginSmdVsOtherSessions
track1_5ch,A,0.2,30,1.869869106908507,1.8611415604755033,0.13395018057736274,1.6591922342874075,2.0540560345939434,0.06315519126797696,0.05206873740741444,0.04984829924795168,0.004957782692155802,0.12474533378689853,0.9917260244197316,0.9932722705065529,0.007836663323505303,0.9837018162353605,0.9989757605435876,0.0,0.0,0.0,0.0,0.0,0.7222222222222221,0.6666666666666666,0.2488799943676149,0.3333333333333333,1.0,0.6888888888888889,0.6666666666666666,0.2894483236368698,0.3333333333333333,1.0,0.5,0.5,0.5085476277156078,0.0,1.0,0.03380702882542105,0.02489498091764649,0.028887539221896703,0.006845055432765652,0.0734529779397512,-0.9110937514208277,-0.25763839130130883,0.3152302160442967,0.0,0.01637678948134977,0.05956913772392433,-0.5420821648636565,-0.2263133013797692
track1_5ch,A,0.25,30,1.7544090003893265,1.7470103715516416,0.14737827058306885,1.574949225189666,1.9425670803178123,0.08994362726867908,0.0631588989832487,0.06977558432403516,0.005659007483289987,0.19488532082930612,0.9911717296548713,0.9933478706987373,0.008130301519089547,0.9757130244063329,0.9991536748755251,0.26666666666666666,0.0,0.44977644510880355,0.0,1.0,0.7333333333333333,0.6666666666666666,0.2537081317024624,0.3333333333333333,1.0,0.6666666666666666,0.6666666666666666,0.2626128657194451,0.3333333333333333,1.0,0.5666666666666667,1.0,0.5040069329937308,0.0,1.0,0.04990266302010651,0.037624302550027106,0.04438483777672661,0.007472442923499866,0.09564917703945494,-0.8551190117387233,-0.21053472573337498,0.5656588247528724,-0.021253328505792125,-0.01114371041661822,-0.15457720902282449,-0.9443492999558887,-0.33900330383024185
track1_5ch,A,0.3,30,1.6740116759247952,1.6883161020020137,0.16323630036157435,1.4912826801842383,1.8941599212374236,0.11840184085144372,0.13086471901531177,0.06849604931390922,0.030956722210221478,0.20019954289658162,0.9867807118849243,0.9888979202389268,0.01294871206550709,0.9707389236190036,0.9995043426493043,0.5333333333333333,0.0,0.6288102248298566,0.0,1.0,0.8444444444444446,1.0,0.22714846248702,0.6333333333333334,1.0,0.6444444444444444,0.6666666666666666,0.2758939955982225,0.3333333333333333,1.0,0.8,1.0,0.4068381021724863,0.0,1.0,0.06739190275929047,0.06026189366290101,0.0529691081169747,0.006610814287549214,0.13479742894940994,-0.847335394711409,-0.22927564341089962,0.44693910303839146,0.07933310795550581,0.22111359693004073,-0.30520203491097403,-0.3991370000733912,-0.17886287375942875
track1_5ch,A,0.35,30,1.5982927630119914,1.616637747079438,0.1588641540950639,1.407163449240404,1.8211674943337819,0.13190213828908381,0.1318777972244905,0.08494936744977549,0.030043338166547803,0.24153503020492226,0.9842547485976383,0.9873916002518861,0.013538670064445282,0.9701626847227229,0.997636072695235,0.7333333333333333,1.0,0.8276819867946672,0.0,2.0,0.8666666666666668,1.0,0.16609095970747992,0.6666666666666666,1.0,0.6888888888888889,0.6666666666666666,0.2304972690945069,0.3333333333333333,1.0,0.7333333333333333,1.0,0.4497764451088037,0.0,1.0,0.0730743373061356,0.05998437825915082,0.055573895596763706,0.009080404749382476,0.14117759126538826,-0.8732160833173979,-0.36835171656769083,0.4252204672521481,0.22405471157330875,0.2653039895978795,-0.20853974283653598,-0.7666379767708317,-0.10012507684045548
track1_5ch,A,0.4,30,1.5254922828256166,1.5349119330005836,0.15982640643201887,1.318436269223766,1.6937367913532606,0.1322174905012157,0.1296282155992905,0.09140390433021399,0.021658193230821632,0.2425710421560928,0.9843720394499721,0.990725632863267,0.01556689299450643,0.9649765936463786,0.9989360122678789,0.8,1.0,0.8866830868758715,0.0,2.0,0.788888888888889,0.8333333333333333,0.23946513409471268,0.3333333333333333,1.0,0.7444444444444446,0.6666666666666666,0.25795145424255567,0.3333333333333333,1.0,0.7666666666666667,1.0,0.43018306715207627,0.0,1.0,0.06494684351330683,0.03536857731207356,0.06835768669583821,0.005913515221170628,0.1555585848862812,-0.978149430158769,-0.47068020041730957,0.5198751049607628,0.2504781634091635,-0.14430943468926866,-0.1992401846585328,-0.8082094434234466,-0.3170917453923033
track1_5ch,A,0.5,30,1.4124693628352296,1.3878181002625465,0.13785605168217732,1.2450153054123685,1.5773997075276267,0.13419066228343585,0.11972422012290893,0.08691918809080161,0.018518393695807326,0.2489065576868886,0.9844717985122805,0.9887933707831382,0.013724406150294879,0.9575013562212252,0.9969277469813109,1.0666666666666667,1.0,1.01483252680985,0.0,2.0,0.7666666666666667,1.0,0.29230226312298707,0.3333333333333333,1.0,0.788888888888889,0.8333333333333333,0.23946513409471268,0.3333333333333333,1.0,0.6666666666666666,1.0,0.47946330148538413,0.0,1.0,0.07323197960212348,0.06606668813938693,0.05826231127808014,0.018205207539938446,0.14927306581910257,-1.0044588584013927,-0.7112281543671204,0.5974739769896301,0.490708673636461,-0.29250025916214234,-0.09790237575638701,-1.0347815178605462,-0.41903975603053756
track1_5ch,A,0.6,30,1.3568659964740122,1.3586283519537163,0.1434993624220939,1.2096952837839134,1.5645127980474358,0.15686856694143458,0.14409202620780553,0.10017027645236512,0.04497687235670553,0.2918499548573835,0.9840694408298174,0.9880160367669151,0.013600509219832867,0.9642974081243246,0.9960307141462185,1.2,1.0,1.1861267013789623,0.0,2.1000000000000014,0.8333333333333334,1.0,0.20990784330746753,0.6666666666666666,1.0,0.8111111111111112,1.0,0.24264401393153545,0.3333333333333333,1.0,0.8,1.0,0.4068381021724863,0.0,1.0,0.08707819974337333,0.04469732715715942,0.09056883968295741,0.009621547276136306,0.20311236751070996,-0.9181694533487275,-0.7706383352296943,0.6684014708247863,0.46262618657588667,-0.15293615679972214,0.032867504798725286,-0.6598672038077507,-0.6109853659803216
track1_5ch,A,0.8,30,1.2867489784793036,1.2901420501582608,0.1281190219918616,1.104253714249735,1.431398185281415,0.22809845386959046,0.2414824605743462,0.10468865809393363,0.0858694034316778,0.347570371813927,0.9781294058962738,0.9824755936897457,0.012958572199718231,0.9576068649485994,0.9915475962066838,1.2666666666666666,1.0,1.257620449659713,0.0,2.1000000000000014,0.8777777777777778,1.0,0.20498263328612604,0.6666666666666666,1.0,0.8333333333333334,1.0,0.227429413073671,0.6333333333333334,1.0,0.9,1.0,0.30512857662936466,0.9000000000000004,1.0,0.09988781764758002,0.04576015276012725,0.09823961281577011,0.010433459550744673,0.25980459268649625,-0.8755925407570698,-0.4057648634813647,0.5884620966249875,0.48574615521544984,-0.1199577542167277,5.507205400033334e-16,-0.214840484960663,-0.5558872026845215
track1_5ch,A,1.0,30,1.2411323876598213,1.2513265497984214,0.1264097642927936,1.085168208685963,1.3745217039490651,0.27554514962330423,0.26086245095662697,0.10938581769075761,0.1540649553480697,0.4327985214320792,0.9752973287383422,0.9782306936702911,0.014847486806544958,0.9576245264432589,0.9906887223210233,1.3666666666666667,1.0,1.4015590662158885,0.0,3.0,0.9222222222222222,1.0,0.16800231099791027,0.6666666666666666,1.0,0.8333333333333334,1.0,0.20990784330746753,0.6666666666666666,1.0,1.0,1.0,0.0,1.0,1.0,0.17154909758632547,0.17008866215029883,0.09836389285628971,0.04886775787063115,0.29306606068876795,-0.9711351461125711,-0.39162894614750865,0.6268130951613475,0.4677430874490749,0.14224764534999393,0.27294649135584326,0.1313064328597228,-0.14999343474875282
track1_5ch,B1,0.2,29,1.960856620878099,1.9720097431904131,0.11123932140283746,1.8309823676023744,2.0580916525860253,0.07467272396767828,0.052451012648094174,0.05404236163687534,0.012062070896611442,0.14640955433490213,0.9894998313136985,0.9903190478483879,0.008616892087096222,0.9840535619115808,0.9965153039934932,0.0,0.0,0.0,0.0,0.0,0.7241379310344828,0.6666666666666666,0.2005738892714385,0.6000000000000001,1.0,0.64367816091954,0.6666666666666666,0.2662352832620798,0.3333333333333333,1.0,0.7586206896551724,1.0,0.4354941703556927,0.0,1.0,0.044063743212675616,0.02968788028516212,0.038460899888921436,0.012224074124376002,0.0975405706055186,0.2845015217209924,0.04047985770882515,-0.04915659090502647,0.0,0.025875750655466413,-0.17789446306834295,0.30741302466180515,0.20309153598897953
track1_5ch,B1,0.25,29,1.82659485444815,1.8252318589292202,0.11994521642453874,1.6674909243804876,1.9848369091856526,0.09532810042196725,0.08042908625236864,0.066800922397624,0.024638481546458684,0.20129019081426824,0.9863378848103004,0.9886676550807263,0.009574922982698013,0.9741740192754923,0.9969248008256123,0.41379310344827586,0.0,0.5012300141587652,0.0,1.0,0.7241379310344829,0.6666666666666666,0.2005738892714385,0.6000000000000001,1.0,0.7011494252873562,0.6666666666666666,0.257349548992652,0.3333333333333333,1.0,0.896551724137931,1.0,0.30993404669460345,0.8000000000000003,1.0,0.06196390464827786,0.05544386249229604,0.04788030862642679,0.004034343230800715,0.1207650410204435,0.037308278192505845,-0.08583779676025702,-0.2287248365935786,0.5205124277421052,-0.06824819130416349,0.04520843146719457,0.42404010593588737,0.04032540099974413
track1_5ch,B1,0.3,29,1.7526604138468505,1.7340026715247436,0.12201622423417155,1.6204686859226727,1.892795099949102,0.1239252938806551,0.12200502114167018,0.0865291854864087,0.019184143122471953,0.25314660076063655,0.9824377616602465,0.9883175674312294,0.015071178748017553,0.9592770897358222,0.9981161683981143,0.6551724137931034,0.0,0.7688517444384895,0.0,2.0,0.7241379310344827,0.6666666666666666,0.282687857432913,0.3333333333333333,1.0,0.7241379310344828,0.6666666666666666,0.2530600894392379,0.3333333333333333,1.0,0.896551724137931,1.0,0.3099340466946034,0.8000000000000003,1.0,0.07654236625434695,0.06342252560522413,0.05545534438217057,0.022799079344668252,0.1524042631067645,0.024116164057686025,-0.14198654016652257,-0.024165088911549094,0.4156777001517626,-0.6452003120978955,0.181191930552296,0.09403732212184934,0.07319677910781415
track1_5ch,B1,0.35,29,1.6962308122483198,1.705024126367753,0.1543780780479321,1.491095991654373,1.8906207636333054,0.14424335629249804,0.13249820521655148,0.07583738766623047,0.03838714686543797,0.2449882209669074,0.9802614703482833,0.9800084688393167,0.015005947907137085,0.9579653344400659,0.996963981420582,0.7586206896551724,1.0,0.9124211282466753,0.0,2.0,0.735632183908046,0.6666666666666666,0.25788071477756375,0.3333333333333333,1.0,0.7586206896551724,0.6666666666666666,0.26572081846587414,0.3333333333333333,1.0,0.9310344827586207,1.0,0.25788071477756375,1.0,1.0,0.06364434536342814,0.051481811229965466,0.052510126465506755,0.00860971389039904,0.1321287844895827,0.06341617686261088,-0.1285249542622541,0.033123802518929886,0.2912686568405808,-0.7170335225911855,0.22429599122970317,0.27304002539470007,-0.3430846043271758
track1_5ch,B1,0.4,29,1.6507240393073592,1.6777038347880804,0.14864485164469965,1.4312993040744475,1.8379339821069183,0.15901828503581622,0.14955427239659783,0.07805558306421859,0.06414925227127696,0.2684800783599905,0.9778320085389942,0.9816889900596585,0.01574977610922784,0.9541336693833246,0.9973260678560231,0.7586206896551724,1.0,0.9124211282466753,0.0,2.0,0.8045977011494254,0.6666666666666666,0.20925494019144816,0.6666666666666666,1.0,0.7816091954022989,0.6666666666666666,0.2046262964094938,0.6666666666666666,1.0,0.9310344827586207,1.0,0.25788071477756375,1.0,1.0,0.08225629281253076,0.05917222540647913,0.06994698276409765,0.01051126481603801,0.16969326445148286,0.1564884171979101,-0.026070548895023693,0.001893268286603976,0.1703525680755218,-0.036930100722978546,0.05460738008903136,0.19994154610426065,0.04578708393319129
track1_5ch,B1,0.5,29,1.5686259095513941,1.565203711968655,0.19059980910360208,1.3538488280507324,1.7865483467134466,0.17410315889167552,0.16617636358536553,0.08928355222609562,0.04950822347325422,0.2734702024463063,0.9754136518383636,0.9787041601644378,0.018718098050122874,0.9486755868620658,0.9949610941746081,0.8275862068965517,1.0,0.9661767627850572,0.0,2.0,0.7931034482758622,0.6666666666666666,0.20728389211930864,0.6666666666666666,1.0,0.8160919540229885,1.0,0.21055872190307895,0.6666666666666666,1.0,0.896551724137931,1.0,0.30993404669460345,0.8000000000000003,1.0,0.10211901522403108,0.07753090695317828,0.07984546532226366,0.01699217584373699,0.2165981930881418,0.22685114200857784,-0.04230000974265092,-0.041998983885176304,0.05511498083052067,-0.08025484330453475,0.08338849511601931,0.22685355970146356,0.13319336324857947
track1_5ch,B1,0.6,29,1.5185397671860028,1.5252894708503038,0.20275926313619058,1.2670519508991378,1.7439546852553112,0.2295066313542957,0.24714741391121683,0.09516380379761556,0.08598292545894334,0.3312210800341419,0.9705619432804233,0.9803333399542404,0.02370643560758648,0.9372175599545182,0.9924976295558041,0.9310344827586207,1.0,1.099708873252976,0.0,3.0,0.839080459770115,1.0,0.21120759469518116,0.6666666666666666,1.0,0.8275862068965517,1.0,0.2112075946951812,0.6666666666666666,1.0,0.9310344827586207,1.0,0.25788071477756375,1.0,1.0,0.13034924292810335,0.12554838110117814,0.08652545746910009,0.03989535936076237,0.266184948526895,0.25009546319635206,0.25639447301222384,-0.09831730966587346,0.04764812199183965,-0.10490171642889617,0.14346735991947868,0.1562323154791252,0.12783856134194724
track1_5ch,B1,0.8,29,1.477260575750268,1.4554796017271099,0.2119955412665636,1.2371711929222586,1.7300507313776845,0.2792372588930138,0.27444234414474383,0.10680708862095666,0.14939727676563155,0.40653495862580163,0.9638284168981268,0.9728757794524677,0.026806599339110813,0.9223287126657045,0.9929333266894148,1.0,1.0,1.1338934190276817,0.0,3.0,0.8850574712643678,1.0,0.16124176043832483,0.6666666666666666,1.0,0.8390804597701149,1.0,0.2112075946951812,0.6666666666666666,1.0,0.9310344827586207,1.0,0.25788071477756375,1.0,1.0,0.14193890667797404,0.11091735088128324,0.11971722114722536,0.01785340761473443,0.3375649494265717,0.369945018592666,0.1992656743486312,-0.10448251972109387,0.07815139209314613,-0.04203931295039507,0.040714923114680175,-0.004610081978935369,-0.0020091317530000386
track1_5ch,B1,1.0,29,1.449244862170965,1.4548696641526861,0.21102820285093357,1.2423226508727596,1.6821857606447108,0.34088691093181867,0.3636257873119915,0.1360261375130849,0.1783398653522196,0.5153041713207349,0.9542404730847929,0.9634017331333299,0.03173992349160643,0.9088625809835046,0.9925206889016696,1.0344827586206897,1.0,1.1796718254512764,0.0,3.0,0.896551724137931,1.0,0.20125495706922863,0.6666666666666666,1.0,0.8045977011494254,1.0,0.227429413073671,0.6000000000000001,1.0,0.9655172413793104,1.0,0.1856953381770519,1.0,1.0,0.2111496105362798,0.18413118039587653,0.13858728471181708,0.051271616071110214,0.4071890637247624,0.4491561750221767,0.3223647990593503,-0.2550290833335896,0.0004838829022168802,-0.08024612266866041,0.06771067545592584,-34482.758620689616,0.31557431680794995
track1_5ch,B2,0.2,29,1.983161773518695,1.9744713928828799,0.11296823896993154,1.8569977556513184,2.114219569825113,0.08191295739814715,0.07243103977783648,0.0631175066883433,0.01196877401100965,0.17758228048896352,0.9880898538743051,0.988764327808791,0.009933528437733126,0.9791848506269223,0.9988843156091521,0.0,0.0,0.0,0.0,0.0,0.7126436781609196,0.6666666666666666,0.2631334070939019,0.3333333333333333,1.0,0.7011494252873562,0.6666666666666666,0.2865341275306264,0.3333333333333333,1.0,0.7241379310344828,1.0,0.454858826147342,0.0,1.0,0.040807643237078105,0.030543840496370326,0.03779030298911909,0.00831626337548831,0.08362127183941745,0.5560734712192916,0.25208994531384926,-0.3088846652366868,0.0,-0.04646144234568622,0.12391362660141379,0.20466091488568672,0.05773785414945557
track1_5ch,B2,0.25,29,1.8909151588001354,1.8862604674272774,0.1240701754062441,1.7436634343079465,2.0403506479849924,0.11292653760949731,0.1002602679890506,0.067934002375784,0.03580899536585917,0.21316411641866423,0.9853761434840396,0.9871619035515293,0.00921282853366938,0.9734423269654277,0.9963256250687669,0.13793103448275862,0.0,0.3509312031717982,0.0,1.0,0.7471264367816093,0.6666666666666666,0.21185448011403896,0.6000000000000001,1.0,0.7126436781609194,0.6666666666666666,0.2631334070939019,0.3333333333333333,1.0,0.8620689655172413,1.0,0.35093120317179827,0.0,1.0,0.07061738361768273,0.06207438760823748,0.04879864203798133,0.01482024756428285,0.1324505698060694,0.7505861718630074,0.2976205174320156,-0.3855352492951279,-0.42258852403267516,0.07992135469201855,0.1116288134677509,0.31729300910553193,0.3204936586933722
track1_5ch,B2,0.3,29,1.8263425212090145,1.849772195927709,0.14921836205422617,1.654072508249401,2.022326252148713,0.1512015251105922,0.14810784193115537,0.08051119447385421,0.05306592129530412,0.25693284000589023,0.9785807126385502,0.9831904801869963,0.012909561924466042,0.9628701849257602,0.9926578792800722,0.3103448275862069,0.0,0.4708236154307584,0.0,1.0,0.8620689655172415,1.0,0.1670766713862551,0.6666666666666666,1.0,0.7126436781609194,0.6666666666666666,0.23101119898357575,0.3333333333333333,1.0,0.9310344827586207,1.0,0.25788071477756375,1.0,1.0,0.07797843373575086,0.0625390365522775,0.05489028117615774,0.010744939143584126,0.16539553089571166,0.7869202449511329,0.3862799283269883,-0.43224563520820375,-0.40344605782113874,0.29988613050428703,0.10957357149023315,0.23058267814842776,0.11232911386037037
track1_5ch,B2,0.35,29,1.7768397521833983,1.7647597693679156,0.1621548355286418,1.510188482057751,1.974117008579986,0.17939139838065118,0.20124709153701476,0.08625572494302311,0.05034370205845174,0.2791486324232069,0.975139923488763,0.9749353413728503,0.015810164882300918,0.9584248110115802,0.9928644418487499,0.3793103448275862,0.0,0.49380397379124,0.0,1.0,0.8735632183908046,1.0,0.20728389211930864,0.6666666666666666,1.0,0.7241379310344827,0.6666666666666666,0.23686050943643422,0.3333333333333333,1.0,0.9310344827586207,1.0,0.25788071477756375,1.0,1.0,0.09360917225288742,0.08904888765857817,0.05825090769820575,0.030222105221134166,0.16005298554992428,0.8323458952213173,0.5139395834740135,-0.5008868457888731,-0.42103296513983735,0.329901127991531,0.003920895411921159,0.27304002539470007,0.4653368699004119
track1_5ch,B2,0.4,29,1.7257403611732192,1.7224957728528332,0.18239023412121633,1.4776681643104763,1.9544204656234383,0.19192816313631234,0.22326053675298924,0.103916891049545,0.04330877422001349,0.31931164992835315,0.9709931655737318,0.9754876651809634,0.022044411272562597,0.9449670478832426,0.9924293702664341,0.4482758620689655,0.0,0.6316761657092368,0.0,1.0,0.8390804597701148,1.0,0.24593020133757423,0.3333333333333333,1.0,0.793103448275862,0.6666666666666666,0.2256171976349257,0.6000000000000001,1.0,0.9655172413793104,1.0,0.1856953381770519,1.0,1.0,0.09350184470683029,0.08684226819266856,0.07461850606025917,0.014850286769001585,0.20200421565246718,0.8980901174097035,0.5468240108726443,-0.6491824031435882,-0.36844069781825123,0.18865351811847383,0.13028550300432135,0.3315644704531783,0.2899330625403024
track1_5ch,B2,0.5,29,1.6506496911620183,1.6742841376235524,0.2018260358902854,1.3661437306718511,1.9265805264398081,0.22308136408876733,0.2279798335323828,0.0917986720828917,0.0955262995560566,0.33184827580477216,0.9677140435543513,0.972814319809007,0.02414779969505608,0.9422311356319952,0.990828475352029,0.4827586206896552,0.0,0.6876819060735033,0.0,1.1999999999999993,0.8620689655172413,1.0,0.20925494019144816,0.6666666666666666,1.0,0.8045977011494252,1.0,0.227429413073671,0.6000000000000001,1.0,0.9655172413793104,1.0,0.1856953381770519,1.0,1.0,0.11261913033349788,0.10651968991751012,0.08305305077919573,0.017057159829126457,0.2136213734359339,0.9730873710593215,0.7863920296920048,-0.7516883118101311,-0.4705272748994067,0.3243212184960604,0.010357143583203356,0.45879070556669826,0.3613261095721951
track1_5ch,B2,0.6,29,1.5897296486353194,1.5915250692093186,0.2262956701231664,1.3277687545696915,1.8944850191271798,0.24808060134429455,0.23560381258808283,0.11639006969522177,0.0565340022448537,0.3838754329943291,0.9612525326994248,0.968678137409249,0.030244087189991442,0.9263769870922228,0.9917524060559022,0.5517241379310345,0.0,0.869573249052649,0.0,1.1999999999999993,0.8850574712643678,1.0,0.16124176043832483,0.6666666666666666,1.0,0.7816091954022989,0.6666666666666666,0.18421567046741189,0.6666666666666666,1.0,0.9655172413793104,1.0,0.1856953381770519,1.0,1.0,0.15163839282122932,0.13908718089536587,0.08992914693257605,0.04550077928496589,0.26432745524023266,0.8757989573251619,0.5679119752106182,-0.8407062273613799,-0.45092867084851124,0.2322479779586467,-0.16510339296348867,0.2957901223105444,0.488591293468165
track1_5ch,B2,0.8,29,1.517841566712966,1.5155517836905303,0.2664254536983956,1.1721005805693263,1.8709259380489154,0.28077475292073356,0.30110076390380136,0.14602041063745191,0.0823415141352323,0.4585693601294677,0.954804665175226,0.96642140919928,0.03640755021033218,0.9065850285217595,0.9908608360418641,0.5517241379310345,0.0,0.869573249052649,0.0,1.1999999999999993,0.9080459770114943,1.0,0.1516196087157807,0.6666666666666666,1.0,0.8275862068965517,1.0,0.19149971310792083,0.6666666666666666,1.0,0.9655172413793104,1.0,0.1856953381770519,1.0,1.0,0.18586677195523027,0.16537337141909772,0.11041128614774644,0.04503445665863496,0.34815636308019426,0.7878639245833312,0.2604645363378922,-0.7781001919099575,-0.48720603083929515,0.14444122777889948,-0.039033515535010964,0.17767503426665204,0.5973912718175728
track1_5ch,B2,1.0,29,1.483694197550509,1.445891775325684,0.2512914394524507,1.1338827633382385,1.7989430095593801,0.3224884401884336,0.3280304300543786,0.15032970270817209,0.14405568079789235,0.4716820323645683,0.9490168867135726,0.9615764352256064,0.042944817668371854,0.9130569077761437,0.9871981390657709,0.6896551724137931,0.0,0.9674505626299489,0.0,2.0,0.896551724137931,1.0,0.15694120514358614,0.6666666666666666,1.0,0.7471264367816093,0.6666666666666666,0.1922129361096224,0.6666666666666666,1.0,1.0,1.0,0.0,1.0,1.0,0.1740058200688512,0.107305929610865,0.1417882851665477,0.032894546333868485,0.35759011594932627,0.809653403250066,0.12034002326013743,-0.6464558684801489,-0.3960190724143064,-0.07051949021267143,-0.3296023835728681,0.1301889109808235,-0.14192920370026477
track2_common3,A,0.2,30,1.648969408086751,1.6805588707470287,0.1836936741139731,1.409850461826597,1.8682027168424429,0.12115346159878243,0.10341446330976412,0.08112676658408036,0.023621370025437047,0.21854537602120985,0.9846744175785417,0.9887993584557921,0.012986746828416745,0.9642087717428357,0.9971284642627424,0.0,0.0,0.0,0.0,0.0,0.7444444444444446,0.6666666666666666,0.2579514542425557,0.3333333333333333,1.0,0.6222222222222222,0.6666666666666666,0.24343224778007386,0.3333333333333333,1.0,0.711111111111111,0.6666666666666666,0.28678871143471757,0.3333333333333333,1.0,0.052488414198601535,0.04820974471987935,0.05051069872094447,0.0029661538365470816,0.10471197472209533,-1.3305486294401172,0.11672239427682096,0.3004936935636484,0.0,-0.007570077841290911,-0.4467787714302727,-0.048072413313959596,-0.1350068637777669
track2_common3,A,0.25,30,1.5287984087552702,1.5691858080642498,0.17776043983871015,1.3080208556681079,1.7039899598785044,0.13894339430947905,0.13109487995754332,0.09829834945544441,0.027458765486797137,0.29153999589521623,0.9829138882212614,0.9889370822811883,0.01577017792788938,0.9603108995660505,0.996640627993382,0.26666666666666666,0.0,0.4497764451088036,0.0,1.0,0.7666666666666667,0.6666666666666666,0.1986544777561459,0.6666666666666666,1.0,0.7222222222222221,0.6666666666666666,0.29142710468237243,0.3333333333333333,1.0,0.7333333333333333,1.0,0.34352243425320717,0.3000000000000001,1.0,0.06366533589351829,0.040631299693535926,0.06406064756784258,0.009988858611703396,0.13370050740660577,-1.3668849516147437,-0.13109636512916373,0.4529754586683797,0.15893791385622028,-0.05852137195086596,0.11064744673326608,0.008239153045249619,-0.26495269747496986
track2_common3,A,0.3,30,1.449327474493305,1.4403843061872892,0.16685934275289555,1.2366508489035066,1.671956248411735,0.14969930548472085,0.13007460527397396,0.0967721375898131,0.04719179940448039,0.27740245872008756,0.981299562907252,0.9855858522978118,0.0169101306498467,0.9549416262139674,0.9982032046191843,0.5666666666666667,0.5,0.6260623155792927,0.0,1.0,0.8000000000000002,0.6666666666666666,0.18774728265834867,0.6666666666666666,1.0,0.6666666666666666,0.6666666666666666,0.24759378423606918,0.3333333333333333,1.0,0.7666666666666667,0.6666666666666666,0.2340710832859355,0.6666666666666666,1.0,0.08484871278404744,0.0758334616165891,0.06008264922779745,0.013002088220840839,0.16270501576099225,-1.2914161375675455,-0.2537599849537343,0.5080230794514972,0.32871265721483256,0.019225629029932426,-0.25811574927448827,-0.08538550593641697,-0.1872152169035025
track2_common3,A,0.35,30,1.3781872337128798,1.3575135201748547,0.17496682187220525,1.2091828093775037,1.5556753438051305,0.18794805023461855,0.15094646447283014,0.12988183218256363,0.04437384274821342,0.37424405513486086,0.9767096400859313,0.9823300285746346,0.020993792848702106,0.9459948808853172,0.997650250451892,0.7666666666666667,1.0,0.8172001541568767,0.0,2.0,0.8111111111111112,0.8333333333333333,0.2086874385264309,0.6666666666666666,1.0,0.7777777777777778,1.0,0.267431852361918,0.3333333333333333,1.0,0.7666666666666668,0.6666666666666666,0.26479226296992825,0.3333333333333333,1.0,0.11450490617359275,0.08676500611078974,0.10176917763797451,0.018381815857312057,0.28403988297071664,-1.2608039476968813,-0.2125415771553302,0.4515225437661383,0.3651853363778443,0.002208705490846558,0.020683627470490004,-0.20309311464465293,-0.030568550561598688
track2_common3,A,0.4,30,1.3152829374665864,1.306633120815281,0.19197468309333085,1.0992865488325387,1.5127014712285012,0.18322128318427947,0.17547817953606054,0.12411513721858687,0.024388317325959984,0.3596034359352779,0.9792156075800311,0.9853612404151117,0.01802556796428026,0.9571826096248808,0.9971506005463926,0.9666666666666667,1.0,0.889917986664224,0.0,2.0,0.8111111111111111,1.0,0.22630351797478757,0.6333333333333334,1.0,0.7777777777777778,0.6666666666666666,0.2202981840837556,0.6333333333333334,1.0,0.711111111111111,0.6666666666666666,0.27310241624222875,0.3333333333333333,1.0,0.11107795961051244,0.10197045952320691,0.089063706929874,0.017491850294853978,0.19518592660055092,-1.1755226958992717,-0.3368746400423973,0.5338021657098818,0.38824889813395375,0.017305707784031527,-0.010807926302679745,-0.44495706031026305,-0.16674703064261942
track2_common3,A,0.5,30,1.2140980229213187,1.2187488667836384,0.17803715354807986,0.9711815637052772,1.4660567637391746,0.22161386676338665,0.22532632117353635,0.11467566577611209,0.07962715751002455,0.3558530716362176,0.9798081902373244,0.9868570349137822,0.015558038494555275,0.95882156943225,0.9970957023433555,1.1333333333333333,1.0,1.0080138659874616,0.0,2.1000000000000014,0.8444444444444444,1.0,0.20960340827661886,0.6666666666666666,1.0,0.7333333333333333,0.6666666666666666,0.2537081317024624,0.3333333333333333,1.0,0.7777777777777778,0.6666666666666666,0.23705300073958652,0.3333333333333333,1.0,0.13805986084259192,0.12557787502604711,0.09123129706659225,0.024143917510351814,0.26316490384286556,-1.2318496732456,-0.19336248058330704,0.5895489555899095,0.42578338748905376,0.1321867745834492,-0.27156946809383453,-0.404920951023409,-0.13514631805323207
track2_common3,A,0.6,30,1.1682265481187601,1.14966166492531,0.19478901206520247,0.9163404147024206,1.4177849286129052,0.24862553987067795,0.24204958476370028,0.15226843184981495,0.05294290025176638,0.45419891619358654,0.9767455109283927,0.9866152278280675,0.022046073891956713,0.9400436915919395,0.9935859941193491,1.2,1.0,1.0635010497214474,0.0,3.0,0.8222222222222223,0.8333333333333333,0.19044882124112197,0.6666666666666666,1.0,0.7666666666666667,0.6666666666666666,0.24990419620265186,0.3333333333333333,1.0,0.7777777777777778,0.6666666666666666,0.2202981840837556,0.6333333333333334,1.0,0.18205372202779496,0.1834310616697447,0.13332085496450263,0.024540116506780178,0.3975247929261658,-1.101721319719936,-0.14657451775741423,0.48326914742855853,0.3328313786635608,-0.12543860652072802,-0.12820063863960654,-0.34786566777418026,0.05839690522787592
track2_common3,A,0.8,30,1.1206346373752458,1.1537959022068416,0.19293115238531372,0.838225631003759,1.355054064478008,0.3079779296610257,0.28910564745811673,0.15389400514342208,0.123374314900111,0.5142115388835596,0.9702077898759984,0.9784921567971996,0.02386574264100743,0.944237645082124,0.9902875324545395,1.3,1.0,1.0875470659652644,0.0,3.0,0.9,1.0,0.17832769354064137,0.6666666666666666,1.0,0.7777777777777779,0.6666666666666666,0.23705300073958654,0.3333333333333333,1.0,0.9,1.0,0.21708624272765237,0.6666666666666666,1.0,0.20096130810176982,0.18170276281352943,0.1443374938943993,0.030647261697301663,0.41951932727322044,-1.0147082886669645,-0.0417915458196318,0.37189026370609024,0.28587655428691716,0.149487913133642,-0.1573391082876923,0.012209316556624116,0.026092770292165696
track2_common3,A,1.0,30,1.1000811297881368,1.1232737995160984,0.16503953501694457,0.9173983703780048,1.3014297596257831,0.35080500372418993,0.3392300315990624,0.1361701628412992,0.22344994107788085,0.5559370301946832,0.968821012565479,0.9750765584680092,0.021232951811762487,0.9356751609951024,0.9889173598924479,1.3666666666666667,1.0,1.1885468767200222,0.0,3.0,0.9444444444444444,1.0,0.12634967392981727,0.6666666666666666,1.0,0.788888888888889,0.6666666666666666,0.20498263328612606,0.6666666666666666,1.0,0.9444444444444444,1.0,0.12634967392981727,0.6666666666666666,1.0,0.2441772197143745,0.2227250878504353,0.12477163621106312,0.10899404537859962,0.4240550679965482,-0.9631972896716051,0.005010447848020014,0.4079818166875071,0.2961787946702762,0.3414323315392539,-0.029903630068046996,0.25465591383101466,0.1621157344737591
track2_common3,B1,0.2,29,1.8474356132115324,1.8457463508088354,0.13851974035149836,1.6900261550691174,2.0017368255788592,0.10373454288762234,0.10232157442257128,0.07795709640364878,0.01491033183609375,0.21060353703953716,0.9805066068769229,0.9849544413910458,0.014498695986496737,0.9520955019996022,0.9943576162133273,0.0,0.0,0.0,0.0,0.0,0.7241379310344828,0.6666666666666666,0.2530600894392379,0.3333333333333333,1.0,0.8390804597701149,1.0,0.22922730202450115,0.6000000000000001,1.0,0.7241379310344829,0.6666666666666666,0.2005738892714385,0.6000000000000001,1.0,0.06675830436820396,0.05974269573680907,0.04947954090361245,0.012053007133810002,0.13088838257096577,0.4376640471391525,-0.15127258406704783,-0.040083262161800026,0.0,-0.12172861668698835,0.6182705952789761,0.01779395205750558,0.19974324846234773
track2_common3,B1,0.25,29,1.7332885540634106,1.7308061511066692,0.13387293034633446,1.5746390487652706,1.914506939275119,0.14142857357647634,0.12344241033784102,0.09345591708459701,0.039417981012867524,0.28710629010737965,0.9744922463831511,0.9771019887607901,0.02009812741453965,0.9594169067753394,0.9960047647195898,0.3793103448275862,0.0,0.49380397379124,0.0,1.0,0.8045977011494254,0.6666666666666666,0.20925494019144816,0.6666666666666666,1.0,0.7471264367816093,0.6666666666666666,0.24648597651267218,0.3333333333333333,1.0,0.7011494252873564,0.6666666666666666,0.22440092355804941,0.3333333333333333,1.0,0.09044363436201981,0.0635776426384127,0.07618343894196627,0.018073933956722816,0.2087671929431517,0.37091471383991226,-0.09553598959302571,-0.0569750816534388,0.5637417911468968,0.16030465391881218,0.22255476763320042,-0.12873160595899627,0.22485933008323317
track2_common3,B1,0.3,29,1.6665411526803893,1.6433017976871989,0.14000570737976167,1.4963994638510278,1.841847614874654,0.1702794171957555,0.1357888914429313,0.10884767453885462,0.033875284880115764,0.30886774321943616,0.9674728522518881,0.9766481531443583,0.02802758050074863,0.9242748064251075,0.9974050547615099,0.5517241379310345,0.0,0.6858887298634484,0.0,1.1999999999999993,0.735632183908046,0.6666666666666666,0.27283506187932505,0.3333333333333333,1.0,0.7471264367816093,0.6666666666666666,0.24648597651267218,0.3333333333333333,1.0,0.7471264367816093,0.6666666666666666,0.24648597651267218,0.6000000000000001,1.0,0.10709880954355785,0.07589287334779088,0.10154386908789266,0.01362824382209692,0.2628124915600353,0.4371482000600781,-0.026789979082002677,-0.17438966322080635,0.30236730943011964,-0.39035275152419774,0.1721550319302215,-0.19188026665558258,0.14197044485526097
track2_common3,B1,0.35,29,1.6083010083563085,1.626814559543818,0.18350738388584514,1.3979373247461353,1.843305044961918,0.20327471686391863,0.20937553925523333,0.11607593020232235,0.02509378382268744,0.3411493413620355,0.9627008736825835,0.9669811377437293,0.028765773202714763,0.9217374517981368,0.9977812404582628,0.6551724137931034,0.0,0.7688517444384895,0.0,2.0,0.7701149425287356,0.6666666666666666,0.23743751518652845,0.3333333333333333,1.0,0.8275862068965517,1.0,0.21120759469518116,0.6666666666666666,1.0,0.7586206896551724,0.6666666666666666,0.250341857126742,0.6000000000000001,1.0,0.12088141841021453,0.07216047401854625,0.10818554008729181,0.013970401769747945,0.2900459822043562,0.42982048723246,-0.05114778798678462,-0.19752011329906993,0.14566574314773595,-0.24578925357049575,0.2713478506335582,-0.24062151481891442,0.04555861898971641
track2_common3,B1,0.4,29,1.5633226964789257,1.5804837949790822,0.18889947698937887,1.3176880850479922,1.8074443393760984,0.24350348106452388,0.25877092055553014,0.12731068329780518,0.06645136509663578,0.3787460044110075,0.9614230357543601,0.9641456032237051,0.02898859045020767,0.9210752063354384,0.99128108305407,0.6896551724137931,0.0,0.8495144947835149,0.0,2.0,0.8160919540229885,1.0,0.22862957662114952,0.6000000000000001,1.0,0.8505747126436782,1.0,0.19078382382411305,0.6666666666666666,1.0,0.8160919540229885,1.0,0.24537316732371942,0.6666666666666666,1.0,0.14023004763836064,0.11567711962279362,0.11401819487499011,0.012885583640045835,0.29536569360009013,0.4763627642671122,0.236122904596748,-0.30182688831280907,-0.032972485757612344,0.043897300406895386,0.3888037021963911,0.13298878840679615,0.17398837710909434
track2_common3,B1,0.5,29,1.480831716429005,1.4997040856440695,0.21304499302863492,1.215423036104331,1.7434764470042414,0.2503364152042124,0.23994306684542943,0.1341524394114963,0.046324047152651565,0.40698651387146173,0.9622289281981472,0.9684781257906049,0.030526710687117604,0.9219942650930971,0.9964707856755403,0.7586206896551724,0.0,0.9876079475824799,0.0,2.0,0.8275862068965517,1.0,0.19149971310792083,0.6666666666666666,1.0,0.7931034482758622,0.6666666666666666,0.22561719763492571,0.6000000000000001,1.0,0.8160919540229885,1.0,0.24537316732371944,0.6666666666666666,1.0,0.16687129249709876,0.16211609223887147,0.11440241900456094,0.03931605935067125,0.32057110459801247,0.5183947135110818,0.07316613687903528,-0.21469013367365927,-0.07186026007549656,0.03169064353280115,0.055929614006270674,-0.1629538778465395,0.1944437794899241
track2_common3,B1,0.6,29,1.4353293951148942,1.4605633157406432,0.22917592978985288,1.1571413110414686,1.71740332314766,0.2968222156046652,0.3099781867481284,0.14396342270329607,0.09061144131199446,0.4509595174836677,0.9566501106423347,0.9676807033991878,0.03564271465743782,0.8999285219660569,0.9928624567950468,0.896551724137931,1.0,1.1754885788533966,0.0,2.0,0.8275862068965518,1.0,0.22922730202450115,0.6000000000000001,1.0,0.8160919540229885,0.6666666666666666,0.190783823824113,0.6666666666666666,1.0,0.8160919540229885,1.0,0.21055872190307895,0.6666666666666666,1.0,0.19801033077663538,0.15965024880256787,0.14314081113710406,0.04338970143562329,0.37537788437324593,0.5957776003867944,0.289443018442436,-0.4306240244015729,-0.02233794146496503,-0.09616471653330518,0.15253425012053579,-0.1166854763848424,0.22670685096778959
track2_common3,B1,0.8,29,1.3777542243343692,1.3858050439487877,0.24307922151654981,1.1214130425517739,1.6937601601204066,0.3380984483417119,0.33421450440312755,0.1646365610795081,0.1062605588613685,0.5450788621467506,0.9534043073694363,0.9650049716710299,0.03757329368349329,0.893047718603231,0.9948811831024695,1.0,1.0,1.3627702877384937,0.0,2.1999999999999993,0.839080459770115,1.0,0.21120759469518116,0.6666666666666666,1.0,0.839080459770115,1.0,0.1914997131079208,0.6666666666666666,1.0,0.8275862068965517,1.0,0.2459302013375742,0.6666666666666666,1.0,0.20675120110347747,0.20959280554535484,0.1625663061277597,0.003800451217906504,0.43094950804060905,0.6223381031995697,0.22198438898893677,-0.3778204891318449,-0.028152437592327422,-0.2885745978482475,0.18318234446019369,-0.537416472698503,0.08297788897800172
track2_common3,B1,1.0,29,1.3451758060947787,1.3665552761720983,0.22790214959675403,1.085991109542548,1.6373576136224877,0.38381948529966853,0.40516656732604783,0.17617942730576658,0.1213952527340454,0.5868641381825074,0.9488640982257897,0.9570667025750578,0.03846019692632599,0.896382735806606,0.9951014312554699,1.0344827586206897,1.0,1.3753638121470066,0.0,2.1999999999999993,0.839080459770115,1.0,0.24593020133757418,0.3333333333333333,1.0,0.8275862068965517,1.0,0.22922730202450112,0.6000000000000001,1.0,0.8275862068965517,1.0,0.19149971310792083,0.6666666666666666,1.0,0.2421643496807216,0.19661755062069894,0.18276732002839602,0.02114812092199201,0.48933174041825384,0.7054900663856496,0.292549461346189,-0.45542538946164884,-0.044233654816225945,-0.43571293052928756,0.21194941493677413,-0.766614655292998,0.16298504033797473
track2_common3,B2,0.2,29,1.857888993804094,1.8365909837310408,0.16531412488928088,1.6450558932694521,2.0788962687875796,0.10948406433851746,0.11564597639798688,0.0844023072171452,0.008343591716631907,0.22276357036940475,0.9788767534208991,0.9822576460389497,0.018053836150238686,0.958890335488734,0.9960593222425441,0.0,0.0,0.0,0.0,0.0,0.7701149425287356,0.6666666666666666,0.22009103953011125,0.6000000000000001,1.0,0.7241379310344827,0.6666666666666666,0.2682832771596154,0.3333333333333333,1.0,0.7816091954022989,1.0,0.27132628499335953,0.3333333333333333,1.0,0.05821435049633333,0.03877277931026134,0.05721959512355638,0.003318179626489698,0.12463859059056147,0.5518747894505842,-0.06512379901599029,-0.18979537412612615,0.0,0.13120278611128589,0.06236092153068996,0.3087067392957353,0.0005722025325799331
track2_common3,B2,0.25,29,1.77224078325405,1.7934407375694599,0.16445109493931329,1.5587229548114627,1.9864441907918007,0.15821158368822655,0.1663106219815858,0.09987366987272281,0.03301532459936373,0.2815457683478877,0.9727907158593271,0.9743073399920218,0.01595886817085362,0.9545401226039604,0.9938052146097122,0.10344827586206896,0.0,0.30993404669460345,0.0,0.1999999999999993,0.7701149425287356,0.6666666666666666,0.22009103953011125,0.6000000000000001,1.0,0.7011494252873562,0.6666666666666666,0.25734954899265206,0.3333333333333333,1.0,0.7931034482758621,1.0,0.273336136795267,0.3333333333333333,1.0,0.07880279758589968,0.07468581077246347,0.06556003059723783,0.0071566742277834414,0.17031339227460104,0.7160433418904578,0.12456656588295675,-0.15592987941175732,-0.35748937752704246,-0.039380924305101477,0.002826525423142966,0.27063966313306886,0.006606485667089807
track2_common3,B2,0.3,29,1.707375119341695,1.6920491477010557,0.19106736954340756,1.4631243871279045,1.95073695703153,0.2016108510789207,0.2048696774021209,0.10952450320013797,0.0539307171677138,0.34802160854257574,0.9639981196149461,0.9712275547191868,0.02464013867526789,0.9272910028719165,0.9886498218536646,0.20689655172413793,0.0,0.4913036844405174,0.0,1.0,0.8620689655172413,1.0,0.20925494019144816,0.6666666666666666,1.0,0.7241379310344828,0.6666666666666666,0.2368605094364342,0.3333333333333333,1.0,0.8390804597701149,1.0,0.21120759469518122,0.6666666666666666,1.0,0.11096051967543806,0.07318219479993865,0.08755606371654572,0.027181585964049914,0.23904749797581978,0.8276073221054832,0.32678599019083626,-0.344753632069114,-0.4605619087944251,0.3773986274114286,0.049549057250535114,0.29441373614543276,0.1919650286154507
track2_common3,B2,0.35,29,1.6628942078316349,1.6847883716844463,0.18375277520825664,1.3928535727653946,1.8905662944677828,0.24791205715449346,0.2367913240258962,0.11308045572768247,0.08347809445594416,0.38507239689770956,0.9607415578714679,0.9664541601429145,0.024654211757499926,0.9262331069449825,0.9898254111520411,0.27586206896551724,0.0,0.5913997756013109,0.0,1.0,0.8735632183908045,1.0,0.20728389211930862,0.6666666666666666,1.0,0.7701149425287355,0.6666666666666666,0.2536002396577355,0.3333333333333333,1.0,0.9080459770114943,1.0,0.17585509285668804,0.6666666666666666,1.0,0.13131513914760806,0.097420796578924,0.11298951646142934,0.008253680422873192,0.32059600282046136,0.8325935345350806,0.39011899148614804,-0.279695647973327,-0.5166140476168063,0.3639748776739655,-0.02072939247152849,0.5372128349609092,0.17295120095050523
track2_common3,B2,0.4,29,1.6028384959013595,1.6194428477235714,0.2171359089073597,1.3278444676741927,1.9034766874888978,0.24562048693651006,0.2556735909291815,0.14964364203264982,0.04557258816650769,0.42332664995130265,0.9590997800492486,0.9651894271421455,0.03198912300249349,0.9293454013796594,0.99006020796681,0.3793103448275862,0.0,0.7752323662456804,0.0,1.1999999999999993,0.8275862068965518,1.0,0.22922730202450115,0.6000000000000001,1.0,0.7586206896551723,0.6666666666666666,0.250341857126742,0.3333333333333333,1.0,0.8735632183908045,1.0,0.20728389211930862,0.6666666666666666,1.0,0.13434754497111417,0.10476637106675918,0.13148263804259322,0.01565472191036855,0.3467908372225221,0.7731378644383966,0.27054221089694586,-0.4372877183364251,-0.4819794981246819,0.10563970483188802,-0.12486029951772494,0.41877326656120223,0.109828615001543
track2_common3,B2,0.5,29,1.511544966008013,1.507007888190947,0.22396409527973282,1.208781879662577,1.8085220937781998,0.2512186560182124,0.28929636870196884,0.1496580077103223,0.025678271203270438,0.4167308264347336,0.9588890365375163,0.9631405034112125,0.02984690490998925,0.9211079309714112,0.9950399941953513,0.41379310344827586,0.0,0.9070061182385527,0.0,1.1999999999999993,0.793103448275862,1.0,0.2584107887485602,0.3333333333333333,1.0,0.8045977011494252,1.0,0.24425528831028906,0.3333333333333333,1.0,0.8850574712643677,1.0,0.2046262964094938,0.6666666666666666,1.0,0.14747678428417357,0.1359187294559417,0.12295876204501453,0.016486028660690683,0.3425100295510101,0.7417122461103753,0.08469684701501867,-0.3799122445303704,-0.5106782729801207,-0.1825490135140212,0.11919266748785216,0.2570772982456537,-0.03273416703088587
track2_common3,B2,0.6,29,1.4539045611221364,1.4421104304071333,0.2124120559348932,1.228258925615679,1.7251275520291391,0.2730232711406658,0.2713701057322518,0.14208429586963175,0.12140524867149796,0.4778407243329094,0.9580743730066525,0.9686794871224655,0.03143399830862006,0.9160003384018361,0.9867385673299596,0.5517241379310345,0.0,1.1207843840221814,0.0,1.1999999999999993,0.8735632183908045,1.0,0.16460132459708005,0.6666666666666666,1.0,0.7701149425287356,0.6666666666666666,0.22009103953011125,0.6000000000000001,1.0,0.896551724137931,1.0,0.20125495706922863,0.6666666666666666,1.0,0.16864429163615338,0.1398047096100638,0.13002056666235787,0.045134023287931604,0.3563204590522377,0.6971247944482558,0.07601281035541721,-0.33978623141461256,-0.4271573449175324,0.1947447782634019,-0.10176253912578308,0.3470468312261663,-0.07856185706100263
track2_common3,B2,0.8,29,1.3719034952865017,1.3892597694183908,0.2327622686758587,1.0829865795722136,1.6848872153049215,0.2993240543696548,0.2888309127570451,0.16024886146222167,0.0771619576361284,0.4835196480365857,0.9543450030049818,0.9615236764415789,0.035866391026398554,0.9109759310971602,0.9852141389413873,0.6206896551724138,0.0,1.146852621726345,0.0,2.0,0.8735632183908045,1.0,0.18716330835829237,0.6666666666666666,1.0,0.793103448275862,1.0,0.24256881045415762,0.3333333333333333,1.0,0.9080459770114943,1.0,0.17585509285668807,0.6666666666666666,1.0,0.169362918888643,0.10182636683976123,0.14295057291925878,0.030350922339393335,0.36774852545300085,0.5719068099821025,-0.11707396418106004,-0.324006985642237,-0.4228881015828816,-0.03472688438556358,-0.06879400291009592,0.0645180366920206,-0.2649695143595546
track2_common3,B2,1.0,29,1.3204874770602046,1.3166053035101102,0.2163955457855913,1.049164873111217,1.6454181938303203,0.3281381626111991,0.2971975032106561,0.17633273878617178,0.1315942983160231,0.5476470246472992,0.9518698889428475,0.9599092953162616,0.038242033054415474,0.9011938981584781,0.984550088526211,0.7241379310344828,0.0,1.2217245341886294,0.0,2.1999999999999993,0.8620689655172413,1.0,0.1893439253264245,0.6666666666666666,1.0,0.7241379310344828,0.6666666666666666,0.2005738892714385,0.6000000000000001,1.0,0.9080459770114943,1.0,0.19713325853377028,0.6666666666666666,1.0,0.18880471170109406,0.15004379638945814,0.16425123292480293,0.012463787149401606,0.3696682006831511,0.5149390648181207,-0.19185448715453288,-0.31308666142720576,-0.35819153675853654,-0.21800452303999024,-0.41835372521916275,-0.0402798824992722,-0.3067832843152774
track2_common3,S7,0.2,30,1.8254903680780907,1.8175617868968783,0.1329295076082445,1.7005671973022007,1.977390014932592,0.11979552184313454,0.10262184453991587,0.09476453620315171,0.008333007710307372,0.258325570843148,0.9798155739684886,0.9838630333817588,0.016572404434356546,0.9568990616208986,0.9959418508914815,0.0,0.0,0.0,0.0,0.0,0.7444444444444447,0.6666666666666666,0.22630351797478762,0.3333333333333333,1.0,0.6666666666666666,0.6666666666666666,0.3032392174315614,0.3333333333333333,1.0,0.6666666666666666,0.6666666666666666,0.29032944690379514,0.3333333333333333,1.0,0.055588698737834834,0.032026385547038336,0.06227355963771767,0.007009321608220986,0.14354389044945673,0.2580404950751896,0.10132507234407877,-0.10290547133968593,0.0,-0.007231541290893587,-0.244910709969051,-0.2810864938827519,-0.06647054634257946
track2_common3,S7,0.25,30,1.7147662604037583,1.7163362752189966,0.16259917016194722,1.492708994315305,1.943708601407221,0.15666364591329127,0.14249226775624912,0.10815630005995341,0.034701644541966725,0.31654306007815886,0.9712688289604255,0.9793802320557569,0.028570185084008614,0.9364303997329358,0.9974069461397282,0.13333333333333333,0.0,0.34574590364176044,0.0,1.0,0.7666666666666668,0.6666666666666666,0.2647922629699283,0.3333333333333333,1.0,0.6333333333333333,0.6666666666666666,0.28162092398752303,0.3333333333333333,1.0,0.7,0.6666666666666666,0.31984191497474596,0.3333333333333333,1.0,0.08123315648389247,0.05884404486745254,0.08136251561969067,0.005707136019952012,0.17093916825214836,0.23975438096785556,0.10848821755662398,-0.3185189095331017,-0.2742415736767888,-0.06512234432175686,-0.33880926037784137,-0.14865524792381712,0.054604589315041106
track2_common3,S7,0.3,30,1.618743645262367,1.6344112778067392,0.16307470094284218,1.4184832558652356,1.8301552415557178,0.1699250211341302,0.14463628871981044,0.14184806393247187,0.015877792909987913,0.36659383637870385,0.969792043536356,0.9818269417436902,0.03065019857428285,0.9325667964227919,0.9940008758979305,0.36666666666666664,0.0,0.5560534167675355,0.0,1.0,0.788888888888889,0.6666666666666666,0.2228917118197906,0.6333333333333334,1.0,0.7222222222222224,0.6666666666666666,0.26382586462563934,0.3333333333333333,1.0,0.7777777777777778,1.0,0.281394084704652,0.3333333333333333,1.0,0.09062419502888876,0.0591776451420172,0.09724471095033124,0.01155643694551115,0.24825818482891812,0.07649529309861723,-0.03485166202074207,-0.05296466776482058,-0.1260974688925951,-0.04585622563687713,0.041441896823594254,-0.027319493053428224,-0.12013616884561229
track2_common3,S7,0.35,30,1.5562729031769302,1.5455388940541956,0.180932802938509,1.362281717585427,1.7340394662360206,0.19569077522929504,0.17733416384672512,0.15345081836386118,0.029589044229749076,0.4456374772473943,0.9665507664916031,0.9781694667732208,0.03425994347896294,0.9213065365044969,0.9968023233958749,0.6,0.0,0.7239737088005908,0.0,2.0,0.788888888888889,0.8333333333333333,0.23946513409471268,0.3333333333333333,1.0,0.7222222222222222,0.6666666666666666,0.26382586462563934,0.3333333333333333,1.0,0.7777777777777779,1.0,0.26743185236191797,0.3333333333333333,1.0,0.10220644862900544,0.05727339718894718,0.11693872369772149,0.005475342079739025,0.29062416733031216,0.04663940860322261,-0.14221663866154982,-0.0112213091170455,0.04339037695323603,-0.1342853091434263,-0.28285497443387364,-0.14030336721562364,-0.18517388745703653
track2_common3,S7,0.4,30,1.4886915027832957,1.4969949864288747,0.19436557102530755,1.2437554591722333,1.7196015693194946,0.2038356385667839,0.1781164407064185,0.14456316332710786,0.014627182454544075,0.4069159003328872,0.9695666164314648,0.9805897705645248,0.0276135718474103,0.9416833825142802,0.9947845432460795,0.8,0.5,0.9965457582448797,0.0,2.1000000000000014,0.7777777777777779,1.0,0.28139408470465194,0.3333333333333333,1.0,0.7333333333333333,0.6666666666666666,0.2537081317024625,0.3333333333333333,1.0,0.7666666666666667,0.8333333333333333,0.2647922629699283,0.3333333333333333,1.0,0.11808409886576578,0.08082089801527978,0.1073040561620352,0.02435014261228825,0.29375361451164506,-0.015499227091155808,-0.14780366401402958,0.10561235637050007,0.14066663199124355,-0.17718186996055266,-0.28008493062436396,-0.13362913333070658,-0.09117661196316816
track2_common3,S7,0.5,30,1.4169423096313392,1.3741096670105037,0.18277814277115342,1.2167571465601843,1.623528300789586,0.2478559762041865,0.21671618725813113,0.15231283671874127,0.09063497496021859,0.4524020400880133,0.9645766482752438,0.9744449225057045,0.030594035558439894,0.9101869178632791,0.9957733680054249,0.9333333333333333,1.0,1.112106833535071,0.0,3.0,0.8222222222222222,1.0,0.22714846248702,0.6333333333333334,1.0,0.8,1.0,0.2567106993129863,0.3333333333333333,1.0,0.888888888888889,1.0,0.18222409119684466,0.6666666666666666,1.0,0.14889237596994048,0.11451080707226495,0.12392046970231317,0.026267046029391884,0.30788975734503016,0.08227981887424192,0.052629139169103424,-0.09735176224106291,0.1657470896081051,0.0011399989354774858,0.09719817204204885,0.27475142653726964,-0.016027944169970002
track2_common3,S7,0.6,30,1.326297075049408,1.29189379622056,0.2006861652084319,1.1143589813863266,1.5958379576444697,0.24089606907118263,0.22996235259002729,0.1494184072127663,0.04027656112269523,0.4559747958246579,0.9696403027464207,0.9803566968460491,0.02678945258845075,0.9223751349361256,0.9969743714280225,1.0,1.0,1.144702942944678,0.0,3.0,0.8444444444444446,1.0,0.22714846248702,0.6333333333333334,1.0,0.8,1.0,0.2567106993129863,0.3333333333333333,1.0,0.8555555555555556,1.0,0.2579514542425557,0.3333333333333333,1.0,0.157359249428715,0.1255548296708499,0.11516452162161711,0.03998157605760947,0.297054319605341,-0.11344802274551419,-0.2164384707175164,0.1879660172827543,0.10144089999549265,0.01799223419311155,0.07168829056196717,0.12329567128742484,-0.18832681588491162
track2_common3,S7,0.8,30,1.273206697387423,1.2825588745379388,0.16683508828296995,1.0333756911104293,1.454138702892524,0.3061973357635506,0.3197570923574402,0.13863688258381643,0.14228556196791686,0.44960536954336017,0.9666018912699226,0.9659784388440571,0.021049155304474394,0.9423982467059533,0.9921455973634378,1.1666666666666667,1.0,1.3412123525798008,0.0,3.0,0.9,1.0,0.1783276935406414,0.6666666666666666,1.0,0.8111111111111111,1.0,0.25795145424255567,0.3333333333333333,1.0,0.9555555555555555,1.0,0.1152486345472535,0.6666666666666666,1.0,0.21491367947812054,0.22002938982320042,0.12345523180126348,0.04215184424186493,0.3968956703236575,-0.06691520162743857,-0.05548493697228267,0.21750946791469825,0.15735541301454525,0.149487913133642,0.03591202227966882,0.3572000697244044,0.14956466022159642
track2_common3,S7,1.0,30,1.2292961608354076,1.2638910166117918,0.16672650632432828,1.000934824023528,1.3894948825515283,0.33836921156559635,0.3466480400456373,0.14257454111987924,0.14311731024226737,0.5032751694976199,0.9641163226096612,0.9665477458260858,0.022279685694933608,0.9350385995818004,0.9895612646906269,1.1666666666666667,1.0,1.3412123525798008,0.0,3.0,0.9222222222222223,1.0,0.16800231099791033,0.6666666666666666,1.0,0.8333333333333334,1.0,0.227429413073671,0.6333333333333334,1.0,0.9666666666666667,1.0,0.10170952554312157,0.9666666666666668,1.0,0.22112532026180487,0.22579308675876192,0.14701501233077782,0.05283797637669839,0.3821740293497176,-0.11826317719428672,-0.09679964751543778,0.22254826941877323,0.09592128045753756,0.20558943808294677,0.2502714087143405,0.41757215781325707,-0.026081543966883478
