scene_id,family,trajectory_id,point_id,selection_round,history_length,candidate_count,gold_candidate_count,context_status,top_candidate_id,top_candidate,top1_acceptable,q_dimension,q_sum,top3_acceptable,candidate_set_correct,gold_candidate_coverage,selected_removal_correct,prior_top_mass,prior_margin,normalized_entropy,api_latency_ms,q_global_json,ranking_json
laundry-room,laundry,laundry-room-shirt-first,laundry-room-shirt-first-r01,1,1,7,7,informative,jeans,蓝色牛仔裤,0,7,1.0,1,1,1,1,0.44636014181726064,0.17562903053141293,0.7186839182710361,3262.819,"{""jeans"":0.44636014181726064,""basket"":0.06040827621837358,""washer"":0.2707311112858477,""detergent"":0.16420671953293953,""rack"":0.03663947162683311,""cabinet"":0.013478908346896282,""trash"":0.008175371171849122}","[""jeans"",""washer"",""detergent"",""basket"",""rack"",""cabinet"",""trash""]"
laundry-room,laundry,laundry-room-shirt-first,laundry-room-shirt-first-r02,2,2,6,6,informative,washer,洗衣机,1,6,0.9999999999999999,1,1,1,1,0.4633365481259979,0.18230872592216207,0.7191784065980257,2897.466,"{""jeans"":0.17045199039889714,""washer"":0.4633365481259979,""detergent"":0.2810278222038358,""rack"":0.06270578297450637,""cabinet"":0.013991551397334288,""trash"":0.008486304899428383}","[""washer"",""detergent"",""jeans"",""rack"",""cabinet"",""trash""]"
laundry-room,laundry,laundry-room-shirt-first,laundry-room-shirt-first-r03,3,3,5,5,informative,detergent,洗衣液,1,5,1.0,1,1,1,1,0.5585409678082386,0.2197687461269749,0.6231658997086105,2779.322,"{""jeans"":0.3387722216812637,""detergent"":0.5585409678082386,""rack"":0.07559030007757975,""cabinet"":0.016866475761978233,""trash"":0.0102300346709398}","[""detergent"",""jeans"",""rack"",""cabinet"",""trash""]"
laundry-room,laundry,laundry-room-shirt-first,laundry-room-shirt-first-r04,4,4,4,4,informative,jeans,蓝色牛仔裤,0,4,0.9999999999999999,1,1,1,1,0.7863841160740562,0.6109181023162706,0.46471734768152,2496.669,"{""jeans"":0.7863841160740562,""rack"":0.17546601375778553,""cabinet"":0.023746742670309295,""trash"":0.014403127497848837}","[""jeans"",""rack"",""cabinet"",""trash""]"
laundry-room,laundry,laundry-room-shirt-first,laundry-room-shirt-first-r05,5,5,3,3,informative,jeans,蓝色牛仔裤,0,3,1.0,1,1,1,1,0.953731597721005,0.9249313989826434,0.19847447841461485,2231.903,"{""jeans"":0.953731597721005,""cabinet"":0.028800198738361614,""trash"":0.01746820354063342}","[""jeans"",""cabinet"",""trash""]"
laundry-room,laundry,laundry-room-basket-first,laundry-room-basket-first-r01,1,1,7,7,informative,shirt,白色衬衫,1,7,1.0,1,1,1,1,0.37967771314348625,0.0,0.6972238388572026,3456.65,"{""shirt"":0.37967771314348625,""jeans"":0.37967771314348625,""washer"":0.13967562493647687,""detergent"":0.0513837908469031,""rack"":0.031165844560908113,""cabinet"":0.011465273480702911,""trash"":0.006954039888036497}","[""shirt"",""jeans"",""washer"",""detergent"",""rack"",""cabinet"",""trash""]"
laundry-room,laundry,laundry-room-basket-first,laundry-room-basket-first-r02,2,2,6,6,context_off,,,0,6,1.0,0,1,1,1,0.16666666666666666,0.0,1.0,3004.695,"{""jeans"":0.16666666666666666,""washer"":0.16666666666666666,""detergent"":0.16666666666666666,""rack"":0.16666666666666666,""cabinet"":0.16666666666666666,""trash"":0.16666666666666666}",[]
laundry-room,laundry,laundry-room-basket-first,laundry-room-basket-first-r03,3,3,5,5,informative,jeans,蓝色牛仔裤,0,5,1.0,1,1,1,1,0.5255636342124949,0.11625426433395042,0.5830097382901931,2643.79,"{""jeans"":0.5255636342124949,""washer"":0.40930936987854444,""rack"":0.0431408901911039,""cabinet"":0.012360071980569988,""trash"":0.009626033737286837}","[""jeans"",""washer"",""rack"",""cabinet"",""trash""]"
laundry-room,laundry,laundry-room-basket-first,laundry-room-basket-first-r04,4,4,4,4,informative,jeans,蓝色牛仔裤,0,4,0.9999999999999999,1,1,1,1,0.7863841160740562,0.6109181023162706,0.46471734768152,2604.839,"{""jeans"":0.7863841160740562,""rack"":0.17546601375778553,""cabinet"":0.023746742670309295,""trash"":0.014403127497848837}","[""jeans"",""rack"",""cabinet"",""trash""]"
laundry-room,laundry,laundry-room-basket-first,laundry-room-basket-first-r05,5,5,3,3,informative,jeans,蓝色牛仔裤,0,3,1.0,1,1,1,1,0.8055124120405228,0.625778298540373,0.49598183187897293,1933.817,"{""jeans"":0.8055124120405228,""rack"":0.17973411350014976,""trash"":0.01475347445932747}","[""jeans"",""rack"",""trash""]"
kitchen,kitchen,kitchen-apple-first,kitchen-apple-first-r01,1,1,7,7,informative,knife,水果刀,1,7,1.0,1,1,1,1,0.6089701044886946,0.32131299550903414,0.5316296902905706,3266.947,"{""knife"":0.6089701044886946,""plate"":0.04998731018895004,""orange"":0.014321604151272442,""juicer"":0.28765710897966046,""sink"":0.02361233339475013,""cabinet"":0.008686492014014464,""trash"":0.00676504678265797}","[""knife"",""juicer"",""plate"",""sink"",""orange"",""cabinet"",""trash""]"
kitchen,kitchen,kitchen-apple-first,kitchen-apple-first-r02,2,2,6,6,informative,juicer,榨汁机,0,6,1.0,1,1,1,1,0.6458844598691958,0.40827684571119727,0.568903996234936,2673.455,"{""plate"":0.05301742499956057,""orange"":0.23760761415799855,""juicer"":0.6458844598691958,""sink"":0.03215669376124853,""cabinet"":0.019504020681187194,""trash"":0.011829786530809315}","[""juicer"",""orange"",""plate"",""sink"",""cabinet"",""trash""]"
kitchen,kitchen,kitchen-apple-first,kitchen-apple-first-r03,3,3,5,5,informative,juicer,榨汁机,0,5,0.9999999999999999,1,1,1,1,0.6536166047766965,0.41316449347107,0.600534498912003,1113.709,"{""orange"":0.2404521113056265,""juicer"":0.6536166047766965,""sink"":0.05365211810365254,""cabinet"":0.032541654588388494,""trash"":0.01973751122563592}","[""juicer"",""orange"",""sink"",""cabinet"",""trash""]"
kitchen,kitchen,kitchen-apple-first,kitchen-apple-first-r04,4,4,4,4,informative,juicer,榨汁机,1,4,1.0,1,1,1,1,0.767392208512131,0.596163862130162,0.517440413599086,1367.765,"{""orange"":0.17122834638196896,""juicer"":0.767392208512131,""cabinet"":0.038206208350159566,""trash"":0.023173236755740605}","[""juicer"",""orange"",""cabinet"",""trash""]"
kitchen,kitchen,kitchen-apple-first,kitchen-apple-first-r05,5,5,3,3,informative,juicer,榨汁机,1,3,1.0,1,1,1,1,0.9574310663086685,0.9285191532989063,0.1845378842493379,1046.84,"{""juicer"":0.9574310663086685,""cabinet"":0.02891191300976214,""trash"":0.013657020681569435}","[""juicer"",""cabinet"",""trash""]"
kitchen,kitchen,kitchen-knife-first,kitchen-knife-first-r01,1,1,7,7,context_off,,,0,7,1.0,0,1,1,1,0.14285714285714285,0.0,1.0,3132.212,"{""apple"":0.14285714285714285,""plate"":0.14285714285714285,""orange"":0.14285714285714285,""juicer"":0.14285714285714285,""sink"":0.14285714285714285,""cabinet"":0.14285714285714285,""trash"":0.14285714285714285}",[]
kitchen,kitchen,kitchen-knife-first,kitchen-knife-first-r02,2,2,6,6,informative,juicer,榨汁机,0,6,1.0,1,1,1,1,0.8103640190787099,0.7006931750319327,0.3972379173942663,2688.658,"{""plate"":0.04034564882072877,""orange"":0.10967084404677713,""juicer"":0.8103640190787099,""sink"":0.019057935051547233,""cabinet"":0.011559221919575464,""trash"":0.009002331082661519}","[""juicer"",""orange"",""plate"",""sink"",""cabinet"",""trash""]"
kitchen,kitchen,kitchen-knife-first,kitchen-knife-first-r03,3,3,5,5,informative,juicer,榨汁机,1,5,1.0,1,1,1,1,0.8224070553736489,0.7111063635988674,0.4066878061073628,2788.863,"{""plate"":0.11130069177478148,""juicer"":0.8224070553736489,""sink"":0.0318881820873324,""cabinet"":0.0193411601184663,""trash"":0.01506291064577098}","[""juicer"",""plate"",""sink"",""cabinet"",""trash""]"
kitchen,kitchen,kitchen-knife-first,kitchen-knife-first-r04,4,4,4,4,informative,plate,白色盘子,1,4,1.0,1,1,1,1,0.570851887653979,0.3268612669395513,0.7929208837467575,2411.256,"{""plate"":0.570851887653979,""sink"":0.24399062071442768,""cabinet"":0.11525300840801461,""trash"":0.06990448322357878}","[""plate"",""sink"",""cabinet"",""trash""]"
kitchen,kitchen,kitchen-knife-first,kitchen-knife-first-r05,5,5,3,3,informative,sink,水槽,1,3,0.9999999999999999,1,1,1,1,0.6285317192117623,0.3973078215896132,0.8246396529730758,2044.287,"{""sink"":0.6285317192117623,""cabinet"":0.23122389762214912,""trash"":0.14024438316608848}","[""sink"",""cabinet"",""trash""]"
study-office,study_office,study-office-book-first,study-office-book-first-r01,1,1,7,7,informative,bookshelf,书架,1,7,1.0,1,1,1,1,0.886423931604199,0.859656248266828,0.2848117576702413,1417.038,"{""bookshelf"":0.886423931604199,""pen"":0.020846692744151952,""holder"":0.026767683337371027,""document"":0.016235420633594514,""tray"":0.020846692744151952,""drawer"":0.016235420633594514,""trash"":0.012644158302937053}","[""bookshelf"",""holder"",""pen"",""tray"",""document"",""drawer"",""trash""]"
study-office,study_office,study-office-book-first,study-office-book-first-r02,2,2,6,6,context_off,,,0,6,1.0,0,1,1,1,0.16666666666666666,0.0,1.0,3666.963,"{""pen"":0.16666666666666666,""holder"":0.16666666666666666,""document"":0.16666666666666666,""tray"":0.16666666666666666,""drawer"":0.16666666666666666,""trash"":0.16666666666666666}",[]
study-office,study_office,study-office-book-first,study-office-book-first-r03,3,3,5,5,informative,holder,笔筒,1,5,1.0,1,1,1,1,0.8471811522040165,0.7776402884911567,0.38388236660814484,2746.805,"{""holder"":0.8471811522040165,""document"":0.0695408637128597,""tray"":0.04217866594474712,""drawer"":0.025582654081266254,""trash"":0.015516664057110514}","[""holder"",""document"",""tray"",""drawer"",""trash""]"
study-office,study_office,study-office-book-first,study-office-book-first-r04,4,4,4,4,ambiguous,document,文件,1,4,1.0,1,1,1,1,0.25,0.0,1.0,1411.141,"{""document"":0.25,""tray"":0.25,""drawer"":0.25,""trash"":0.25}","[""document"",""tray"",""drawer"",""trash""]"
study-office,study_office,study-office-book-first,study-office-book-first-r05,5,5,3,3,ambiguous,tray,托盘,1,3,1.0,1,1,1,1,0.45186276187760605,0.17779414281640904,0.9725409041019903,2094.139,"{""tray"":0.45186276187760605,""drawer"":0.274068619061197,""trash"":0.274068619061197}","[""tray"",""drawer"",""trash""]"
study-office,study_office,study-office-shelf-first,study-office-shelf-first-r01,1,1,7,7,informative,book,一本书,1,7,1.0,1,1,1,1,0.8466079337051692,0.8210425893226974,0.3614708582802744,3249.778,"{""book"":0.8466079337051692,""pen"":0.025565344382471794,""holder"":0.025565344382471794,""document"":0.025565344382471794,""tray"":0.025565344382471794,""drawer"":0.025565344382471794,""trash"":0.025565344382471794}","[""book"",""pen"",""holder"",""document"",""tray"",""drawer"",""trash""]"
study-office,study_office,study-office-shelf-first,study-office-shelf-first-r02,2,2,6,6,ambiguous,pen,蓝色钢笔,1,6,1.0,1,1,1,1,0.16666666666666666,0.0,1.0,2827.982,"{""pen"":0.16666666666666666,""holder"":0.16666666666666666,""document"":0.16666666666666666,""tray"":0.16666666666666666,""drawer"":0.16666666666666666,""trash"":0.16666666666666666}","[""pen"",""holder"",""document"",""tray"",""drawer"",""trash""]"
study-office,study_office,study-office-shelf-first,study-office-shelf-first-r03,3,3,5,5,context_off,,,0,5,1.0,0,1,1,1,0.2,0.0,1.0000000000000002,3206.67,"{""pen"":0.2,""holder"":0.2,""tray"":0.2,""drawer"":0.2,""trash"":0.2}",[]
study-office,study_office,study-office-shelf-first,study-office-shelf-first-r04,4,4,4,4,context_off,,,0,4,1.0,0,1,1,1,0.25,0.0,1.0,2521.591,"{""pen"":0.25,""holder"":0.25,""drawer"":0.25,""trash"":0.25}",[]
study-office,study_office,study-office-shelf-first,study-office-shelf-first-r05,5,5,3,3,informative,pen,蓝色钢笔,0,3,1.0,1,1,1,1,0.9259392562016979,0.8798394551486949,0.2850044101446166,2548.001,"{""pen"":0.9259392562016979,""drawer"":0.04609980105300302,""trash"":0.027960942745299075}","[""pen"",""drawer"",""trash""]"
bedroom-clothing,bedroom_clothing,bedroom-clothing-shirt-first,bedroom-clothing-shirt-first-r01,1,1,7,7,informative,basket,洗衣篮,1,7,0.9999999999999999,1,1,1,1,0.8137371117665203,0.7469415020669501,0.4038674373736312,3476.887,"{""jacket"":0.0667956096995702,""hanger"":0.04051358521698789,""wardrobe"":0.024572731568983656,""basket"":0.8137371117665203,""bed"":0.01490411508947711,""bedside"":0.01490411508947711,""drawer"":0.024572731568983656}","[""basket"",""jacket"",""hanger"",""wardrobe"",""drawer"",""bed"",""bedside""]"
bedroom-clothing,bedroom_clothing,bedroom-clothing-shirt-first,bedroom-clothing-shirt-first-r02,2,2,6,6,informative,jacket,蓝色外套,0,6,1.0,1,1,1,1,0.46892680793967245,0.10372624271308123,0.6617528754730122,1663.459,"{""jacket"":0.46892680793967245,""wardrobe"":0.10463171375347106,""basket"":0.3652005652265912,""bed"":0.008588694079469848,""bedside"":0.014160362616358196,""drawer"":0.03849185638443727}","[""jacket"",""basket"",""wardrobe"",""drawer"",""bedside"",""bed""]"
bedroom-clothing,bedroom_clothing,bedroom-clothing-shirt-first,bedroom-clothing-shirt-first-r03,3,3,5,5,informative,jacket,蓝色外套,0,5,1.0,1,1,1,1,0.5152327975086533,0.11396909134484351,0.6217051019381634,1321.738,"{""jacket"":0.5152327975086533,""basket"":0.40126370616380974,""bed"":0.01555868233812259,""bedside"":0.025651930514929117,""drawer"":0.04229288347448533}","[""jacket"",""basket"",""drawer"",""bedside"",""bed""]"
bedroom-clothing,bedroom_clothing,bedroom-clothing-shirt-first,bedroom-clothing-shirt-first-r04,4,4,4,4,informative,jacket,蓝色外套,0,4,1.0,1,1,1,1,0.9328090477382299,0.9046406552638708,0.22992951144105203,1103.226,"{""jacket"":0.9328090477382299,""bed"":0.028168392474359132,""bedside"":0.021937566116893556,""drawer"":0.01708499367051742}","[""jacket"",""bed"",""bedside"",""drawer""]"
bedroom-clothing,bedroom_clothing,bedroom-clothing-shirt-first,bedroom-clothing-shirt-first-r05,5,5,3,3,informative,jacket,蓝色外套,1,3,1.0,1,1,1,1,0.9259392562016979,0.8798394551486949,0.2850044101446166,1077.199,"{""jacket"":0.9259392562016979,""bedside"":0.04609980105300302,""drawer"":0.027960942745299075}","[""jacket"",""bedside"",""drawer""]"
bedroom-clothing,bedroom_clothing,bedroom-clothing-hanger-first,bedroom-clothing-hanger-first-r01,1,1,7,7,informative,shirt,红色衬衫,1,7,1.0,1,1,1,1,0.4225147127049363,0.0,0.6433598828178512,3232.109,"{""shirt"":0.4225147127049363,""jacket"":0.4225147127049363,""wardrobe"":0.05718114831555861,""basket"":0.0346821196109617,""bed"":0.021035768887869063,""bedside"":0.021035768887869063,""drawer"":0.021035768887869063}","[""shirt"",""jacket"",""wardrobe"",""basket"",""bed"",""bedside"",""drawer""]"
bedroom-clothing,bedroom_clothing,bedroom-clothing-hanger-first,bedroom-clothing-hanger-first-r02,2,2,6,6,informative,jacket,蓝色外套,0,6,1.0,1,1,1,1,0.6004981102440411,0.3795872010229562,0.6528955845272072,2720.34,"{""jacket"":0.6004981102440411,""wardrobe"":0.08126858183292797,""basket"":0.2209109092210849,""bed"":0.018133471679416993,""bedside"":0.029897040469493173,""drawer"":0.049291886553035937}","[""jacket"",""basket"",""wardrobe"",""drawer"",""bedside"",""bed""]"
bedroom-clothing,bedroom_clothing,bedroom-clothing-hanger-first,bedroom-clothing-hanger-first-r03,3,3,5,5,informative,jacket,蓝色外套,0,5,1.0,1,1,1,1,0.4729891671996535,0.10462483340027168,0.7121337218336261,2392.172,"{""jacket"":0.4729891671996535,""wardrobe"":0.1055381486257311,""basket"":0.3683643337993818,""bedside"":0.014283035236531051,""drawer"":0.0388253151387026}","[""jacket"",""basket"",""wardrobe"",""drawer"",""bedside""]"
bedroom-clothing,bedroom_clothing,bedroom-clothing-hanger-first,bedroom-clothing-hanger-first-r04,4,4,4,4,informative,basket,洗衣篮,1,4,0.9999999999999999,1,1,1,1,0.7144599275539871,0.5292431497138467,0.6103827378460448,1097.133,"{""jacket"":0.18521677784014048,""basket"":0.7144599275539871,""bedside"":0.032185849878466226,""drawer"":0.06813744472740606}","[""basket"",""jacket"",""drawer"",""bedside""]"
bedroom-clothing,bedroom_clothing,bedroom-clothing-hanger-first,bedroom-clothing-hanger-first-r05,5,5,3,3,informative,jacket,蓝色外套,0,3,1.0,1,1,1,1,0.7053845126982412,0.4458880523558222,0.6497886154669467,1453.322,"{""jacket"":0.7053845126982412,""basket"":0.259496460342419,""bedside"":0.03511902695933973}","[""jacket"",""basket"",""bedside""]"
electronics-desk,electronics_desk,electronics-desk-phone-first,electronics-desk-phone-first-r01,1,1,7,7,informative,charger,无线充电座,1,7,0.9999999999999999,1,1,1,1,0.7294532582223873,0.6026932889783072,0.49151311203344045,3046.098,"{""charger"":0.7294532582223873,""cable"":0.12675996924408012,""laptop"":0.013360402463811824,""mug"":0.00810349372040208,""desk"":0.028283972237841654,""drawer"":0.017155096340711905,""user-zone"":0.07688380777076508}","[""charger"",""cable"",""user-zone"",""desk"",""drawer"",""laptop"",""mug""]"
electronics-desk,electronics_desk,electronics-desk-phone-first,electronics-desk-phone-first-r02,2,2,6,6,informative,cable,USB线,1,6,1.0,1,1,1,1,0.8719816582780446,0.8285682478418323,0.3233220146497302,2828.07,"{""cable"":0.8719816582780446,""laptop"":0.043413410436212385,""mug"":0.015970901170620274,""desk"":0.026331564472251223,""drawer"":0.015970901170620274,""user-zone"":0.026331564472251223}","[""cable"",""laptop"",""desk"",""user-zone"",""mug"",""drawer""]"
electronics-desk,electronics_desk,electronics-desk-phone-first,electronics-desk-phone-first-r03,3,3,5,5,informative,laptop,笔记本电脑,1,5,0.9999999999999999,1,1,1,1,0.6567560253190864,0.5102139482111924,0.6757448646202353,1397.519,"{""laptop"":0.6567560253190864,""mug"":0.05390981743455447,""desk"":0.08888226270391056,""drawer"":0.05390981743455447,""user-zone"":0.14654207710789405}","[""laptop"",""user-zone"",""desk"",""mug"",""drawer""]"
electronics-desk,electronics_desk,electronics-desk-phone-first,electronics-desk-phone-first-r04,4,4,4,4,informative,desk,书桌,1,4,1.0,1,1,1,1,0.5230820908987206,0.20581676522205594,0.7855947675326631,1457.338,"{""mug"":0.0429371927116076,""desk"":0.5230820908987206,""drawer"":0.1167153907130071,""user-zone"":0.31726532567666466}","[""desk"",""user-zone"",""drawer"",""mug""]"
electronics-desk,electronics_desk,electronics-desk-phone-first,electronics-desk-phone-first-r05,5,5,3,3,informative,user-zone,用户交接区,1,3,1.0,1,1,1,1,0.6896720861245035,0.4359559044894782,0.69795737040088,1051.299,"{""mug"":0.0566117322404713,""desk"":0.2537161816350253,""user-zone"":0.6896720861245035}","[""user-zone"",""desk"",""mug""]"
electronics-desk,electronics_desk,electronics-desk-charger-first,electronics-desk-charger-first-r01,1,1,7,7,informative,phone,黑色手机,1,7,1.0,1,1,1,1,0.8864441310546729,0.8423106764975621,0.27669521294101646,1704.08,"{""phone"":0.8864441310546729,""cable"":0.044133454557110784,""laptop"":0.020847167789694646,""mug"":0.009847504783231579,""desk"":0.012644446432623456,""drawer"":0.009847504783231579,""user-zone"":0.016235790599435158}","[""phone"",""cable"",""laptop"",""user-zone"",""desk"",""mug"",""drawer""]"
electronics-desk,electronics_desk,electronics-desk-charger-first,electronics-desk-charger-first-r02,2,2,6,6,informative,cable,USB线,1,6,1.0,1,1,1,1,0.8342365833953196,0.7657582745953088,0.38367000925111716,2977.617,"{""cable"":0.8342365833953196,""laptop"":0.04153419381247601,""mug"":0.01527957600924005,""desk"":0.02519176197371345,""drawer"":0.01527957600924005,""user-zone"":0.06847830880001085}","[""cable"",""user-zone"",""laptop"",""desk"",""mug"",""drawer""]"
electronics-desk,electronics_desk,electronics-desk-charger-first,electronics-desk-charger-first-r03,3,3,5,5,informative,laptop,笔记本电脑,1,5,1.0,1,1,1,1,0.7581884819722033,0.6858806816450349,0.5507066235707532,1933.401,"{""laptop"":0.7581884819722033,""mug"":0.05095444568431446,""desk"":0.06223590049934423,""drawer"":0.05631337151696954,""user-zone"":0.07230780032716841}","[""laptop"",""user-zone"",""desk"",""drawer"",""mug""]"
electronics-desk,electronics_desk,electronics-desk-charger-first,electronics-desk-charger-first-r04,4,4,4,4,informative,laptop,笔记本电脑,0,4,1.0,1,1,1,1,0.7272395351177579,0.6128904513846017,0.6348205386049177,2380.95,"{""laptop"":0.7272395351177579,""mug"":0.11434908373315614,""drawer"":0.08905515595487966,""user-zone"":0.06935622519420637}","[""laptop"",""mug"",""drawer"",""user-zone""]"
electronics-desk,electronics_desk,electronics-desk-charger-first,electronics-desk-charger-first-r05,5,5,3,3,informative,laptop,笔记本电脑,0,3,1.0,1,1,1,1,0.4192289516096977,0.09273311580986099,0.9813285913248725,936.619,"{""laptop"":0.4192289516096977,""drawer"":0.3264958357998367,""user-zone"":0.25427521259046565}","[""laptop"",""drawer"",""user-zone""]"
mixed-ambiguous,mixed_adversarial_ambiguous,mixed-ambiguous-phone-first,mixed-ambiguous-phone-first-r01,1,1,7,7,informative,charger,无线充电座,1,7,1.0,1,1,1,1,0.8884938809096672,0.8675985076238144,0.28191459151600157,1540.369,"{""apple"":0.020895373285852795,""knife"":0.020895373285852795,""plate"":0.020895373285852795,""charger"":0.8884938809096672,""box"":0.01627333307759147,""shelf"":0.01627333307759147,""trash"":0.01627333307759147}","[""charger"",""apple"",""knife"",""plate"",""box"",""shelf"",""trash""]"
mixed-ambiguous,mixed_adversarial_ambiguous,mixed-ambiguous-phone-first,mixed-ambiguous-phone-first-r02,2,2,6,6,context_off,apple,红色苹果,0,6,1.0,0,1,1,1,0.16666666666666666,0.0,1.0,2820.993,"{""apple"":0.16666666666666666,""knife"":0.16666666666666666,""plate"":0.16666666666666666,""box"":0.16666666666666666,""shelf"":0.16666666666666666,""trash"":0.16666666666666666}","[""apple"",""knife"",""plate"",""box"",""shelf"",""trash""]"
mixed-ambiguous,mixed_adversarial_ambiguous,mixed-ambiguous-phone-first,mixed-ambiguous-phone-first-r03,3,3,5,5,context_off,apple,红色苹果,0,5,1.0,1,1,1,1,0.2,0.0,1.0000000000000002,2995.343,"{""apple"":0.2,""knife"":0.2,""plate"":0.2,""shelf"":0.2,""trash"":0.2}","[""apple"",""knife"",""plate"",""shelf"",""trash""]"
mixed-ambiguous,mixed_adversarial_ambiguous,mixed-ambiguous-phone-first,mixed-ambiguous-phone-first-r04,4,4,4,4,context_off,apple,红色苹果,1,4,1.0,1,1,1,1,0.25,0.0,1.0,2188.685,"{""apple"":0.25,""knife"":0.25,""plate"":0.25,""trash"":0.25}","[""apple"",""knife"",""plate"",""trash""]"
mixed-ambiguous,mixed_adversarial_ambiguous,mixed-ambiguous-phone-first,mixed-ambiguous-phone-first-r05,5,5,3,3,informative,knife,水果刀,1,3,1.0,1,1,1,1,0.8579768106084573,0.7418622759343161,0.4333535796861103,1382.154,"{""knife"":0.8579768106084573,""plate"":0.11611453467414118,""trash"":0.02590865471740153}","[""knife"",""plate"",""trash""]"
mixed-ambiguous,mixed_adversarial_ambiguous,mixed-ambiguous-charger-first,mixed-ambiguous-charger-first-r01,1,1,7,7,informative,phone,手机,1,7,1.0,1,1,1,1,0.848242838861348,0.8060113146504071,0.35300881347941876,1821.425,"{""apple"":0.04223152421094093,""knife"":0.03288994412577979,""plate"":0.025614714240332053,""phone"":0.848242838861348,""box"":0.019948759508520868,""shelf"":0.015536109526539183,""trash"":0.015536109526539183}","[""phone"",""apple"",""knife"",""plate"",""box"",""shelf"",""trash""]"
mixed-ambiguous,mixed_adversarial_ambiguous,mixed-ambiguous-charger-first,mixed-ambiguous-charger-first-r02,2,2,6,6,context_off,apple,红色苹果,0,6,1.0,0,1,1,1,0.16666666666666666,0.0,1.0,2769.509,"{""apple"":0.16666666666666666,""knife"":0.16666666666666666,""plate"":0.16666666666666666,""box"":0.16666666666666666,""shelf"":0.16666666666666666,""trash"":0.16666666666666666}","[""apple"",""knife"",""plate"",""box"",""shelf"",""trash""]"
mixed-ambiguous,mixed_adversarial_ambiguous,mixed-ambiguous-charger-first,mixed-ambiguous-charger-first-r03,3,3,5,5,informative,knife,水果刀,1,5,1.0,1,1,1,1,0.8192570967398285,0.6768915603395856,0.37767814330131405,1187.659,"{""knife"":0.8192570967398285,""plate"":0.14236553640024288,""box"":0.015005217140919477,""shelf"":0.011686074859504555,""trash"":0.011686074859504555}","[""knife"",""plate"",""box"",""shelf"",""trash""]"
mixed-ambiguous,mixed_adversarial_ambiguous,mixed-ambiguous-charger-first,mixed-ambiguous-charger-first-r04,4,4,4,4,informative,plate,白色盘子,1,4,1.0,1,1,1,1,0.8362602944010439,0.767615869285913,0.44892859417545694,1100.304,"{""plate"":0.8362602944010439,""box"":0.06864442511513091,""shelf"":0.04163494845067482,""trash"":0.05346033203315037}","[""plate"",""box"",""trash"",""shelf""]"
mixed-ambiguous,mixed_adversarial_ambiguous,mixed-ambiguous-charger-first,mixed-ambiguous-charger-first-r05,5,5,3,3,informative,box,关闭的收纳盒,1,3,1.0,1,1,1,1,0.6285317192117625,0.39730782158961353,0.8246396529730756,1575.935,"{""box"":0.6285317192117625,""shelf"":0.23122389762214904,""trash"":0.14024438316608848}","[""box"",""shelf"",""trash""]"
