analysisBranch,operatingPoint,requestedStrength,strengthLabel,effectiveEvidenceTimeSeconds,isPreregisteredFixedTime,N,authorizedN,authorizedRate,allM23PointwiseGatesPassN,authorizedPointwiseGatesPassN,meanActualEvidenceTop,meanActualEvidenceMargin,meanActualNormalizedEntropy,meanActualTrueClassEvidence,meanAuthorizedTopEvidence,meanAuthorizedMargin
AUTHORIZED_CONTEXT_EVIDENCE_RESPONSE,FAST,0.3333333333333333,0.333333,0.5,True,88,0,0.0,40,0,0.40015467009211714,0.07278907346950515,0.9855882727285755,0.3949257475066595,,
AUTHORIZED_CONTEXT_EVIDENCE_RESPONSE,FAST,0.3333333333333333,0.333333,0.6,False,88,0,0.0,50,0,0.41142839483666244,0.09027689821034278,0.9817653105943169,0.40849647872528405,,
AUTHORIZED_CONTEXT_EVIDENCE_RESPONSE,FAST,0.3333333333333333,0.333333,0.7,True,88,0,0.0,56,0,0.42198418546636335,0.10571560378548707,0.9776398205942158,0.4184470131540904,,
AUTHORIZED_CONTEXT_EVIDENCE_RESPONSE,FAST,0.3333333333333333,0.333333,0.8,False,88,0,0.0,66,0,0.4306700213148565,0.1177366328101299,0.9745943543721829,0.42845244903585483,,
AUTHORIZED_CONTEXT_EVIDENCE_RESPONSE,FAST,0.3333333333333333,0.333333,0.9,True,88,0,0.0,70,0,0.4395401020149498,0.1306827536509592,0.9696385528751938,0.43896106092080556,,
AUTHORIZED_CONTEXT_EVIDENCE_RESPONSE,FAST,0.3333333333333333,0.333333,1.0,False,88,0,0.0,75,0,0.4481752239636129,0.14570398964454742,0.9662086040677511,0.4479361824780126,,
AUTHORIZED_CONTEXT_EVIDENCE_RESPONSE,FAST,0.3333333333333333,0.333333,1.1,True,88,0,0.0,76,0,0.4554317659576485,0.1585201670966449,0.9632342657753338,0.4549605129129116,,
AUTHORIZED_CONTEXT_EVIDENCE_RESPONSE,FAST,0.3333333333333333,0.333333,1.2,False,88,0,0.0,74,0,0.45967526701705136,0.16605153539424225,0.9613361326565252,0.45916657556646007,,
AUTHORIZED_CONTEXT_EVIDENCE_RESPONSE,FAST,0.3333333333333333,0.333333,1.3,True,88,0,0.0,80,0,0.4669236940003499,0.1766867693426532,0.9571541564788721,0.4665913109187878,,
AUTHORIZED_CONTEXT_EVIDENCE_RESPONSE,FAST,0.3333333333333333,0.333333,1.4,False,88,0,0.0,81,0,0.4732361385160894,0.18528370898734145,0.9536273487215716,0.4730676885354001,,
AUTHORIZED_CONTEXT_EVIDENCE_RESPONSE,FAST,0.3333333333333333,0.333333,1.5,True,88,0,0.0,81,0,0.4773804410993973,0.19081753413310268,0.9511680565817401,0.47712160231824574,,
AUTHORIZED_CONTEXT_EVIDENCE_RESPONSE,FAST,0.3333333333333333,0.333333,1.6,False,88,0,0.0,83,0,0.4849866656348547,0.20204200954246018,0.946916525593367,0.48480558322790174,,
AUTHORIZED_CONTEXT_EVIDENCE_RESPONSE,FAST,0.3333333333333333,0.333333,1.7,False,88,0,0.0,84,0,0.4929622843221848,0.21423702230574093,0.9421366078574671,0.49282933383827315,,
AUTHORIZED_CONTEXT_EVIDENCE_RESPONSE,FAST,0.3333333333333333,0.333333,1.8,False,88,0,0.0,85,0,0.4939553678405623,0.21496074948115212,0.9415195214441617,0.4939553678405623,,
AUTHORIZED_CONTEXT_EVIDENCE_RESPONSE,FAST,0.3333333333333333,0.333333,1.9,False,88,0,0.0,85,0,0.49899023492847955,0.2221738353668039,0.9387351242083742,0.49899023492847955,,
AUTHORIZED_CONTEXT_EVIDENCE_RESPONSE,FAST,0.5,0.50,0.5,True,88,0,0.0,40,0,0.40015467009211714,0.07278907346950515,0.9855882727285755,0.3949257475066595,,
AUTHORIZED_CONTEXT_EVIDENCE_RESPONSE,FAST,0.5,0.50,0.6,False,88,0,0.0,50,0,0.41142839483666244,0.09027689821034278,0.9817653105943169,0.40849647872528405,,
AUTHORIZED_CONTEXT_EVIDENCE_RESPONSE,FAST,0.5,0.50,0.7,True,88,0,0.0,56,0,0.42198418546636335,0.10571560378548707,0.9776398205942158,0.4184470131540904,,
AUTHORIZED_CONTEXT_EVIDENCE_RESPONSE,FAST,0.5,0.50,0.8,False,88,0,0.0,66,0,0.4306700213148565,0.1177366328101299,0.9745943543721829,0.42845244903585483,,
AUTHORIZED_CONTEXT_EVIDENCE_RESPONSE,FAST,0.5,0.50,0.9,True,88,0,0.0,70,0,0.4395401020149498,0.1306827536509592,0.9696385528751938,0.43896106092080556,,
AUTHORIZED_CONTEXT_EVIDENCE_RESPONSE,FAST,0.5,0.50,1.0,False,88,0,0.0,75,0,0.4481752239636129,0.14570398964454742,0.9662086040677511,0.4479361824780126,,
AUTHORIZED_CONTEXT_EVIDENCE_RESPONSE,FAST,0.5,0.50,1.1,True,88,0,0.0,76,0,0.4554317659576485,0.1585201670966449,0.9632342657753338,0.4549605129129116,,
AUTHORIZED_CONTEXT_EVIDENCE_RESPONSE,FAST,0.5,0.50,1.2,False,88,0,0.0,74,0,0.45967526701705136,0.16605153539424225,0.9613361326565252,0.45916657556646007,,
AUTHORIZED_CONTEXT_EVIDENCE_RESPONSE,FAST,0.5,0.50,1.3,True,88,0,0.0,80,0,0.4669236940003499,0.1766867693426532,0.9571541564788721,0.4665913109187878,,
AUTHORIZED_CONTEXT_EVIDENCE_RESPONSE,FAST,0.5,0.50,1.4,False,88,0,0.0,81,0,0.4732361385160894,0.18528370898734145,0.9536273487215716,0.4730676885354001,,
AUTHORIZED_CONTEXT_EVIDENCE_RESPONSE,FAST,0.5,0.50,1.5,True,88,0,0.0,81,0,0.4773804410993973,0.19081753413310268,0.9511680565817401,0.47712160231824574,,
AUTHORIZED_CONTEXT_EVIDENCE_RESPONSE,FAST,0.5,0.50,1.6,False,88,0,0.0,83,0,0.4849866656348547,0.20204200954246018,0.946916525593367,0.48480558322790174,,
AUTHORIZED_CONTEXT_EVIDENCE_RESPONSE,FAST,0.5,0.50,1.7,False,88,0,0.0,84,0,0.4929622843221848,0.21423702230574093,0.9421366078574671,0.49282933383827315,,
AUTHORIZED_CONTEXT_EVIDENCE_RESPONSE,FAST,0.5,0.50,1.8,False,88,0,0.0,85,0,0.4939553678405623,0.21496074948115212,0.9415195214441617,0.4939553678405623,,
AUTHORIZED_CONTEXT_EVIDENCE_RESPONSE,FAST,0.5,0.50,1.9,False,88,0,0.0,85,0,0.49899023492847955,0.2221738353668039,0.9387351242083742,0.49899023492847955,,
AUTHORIZED_CONTEXT_EVIDENCE_RESPONSE,FAST,0.6,0.60,0.5,True,88,0,0.0,40,0,0.40015467009211714,0.07278907346950515,0.9855882727285755,0.3949257475066595,,
AUTHORIZED_CONTEXT_EVIDENCE_RESPONSE,FAST,0.6,0.60,0.6,False,88,0,0.0,50,0,0.41142839483666244,0.09027689821034278,0.9817653105943169,0.40849647872528405,,
AUTHORIZED_CONTEXT_EVIDENCE_RESPONSE,FAST,0.6,0.60,0.7,True,88,0,0.0,56,0,0.42198418546636335,0.10571560378548707,0.9776398205942158,0.4184470131540904,,
AUTHORIZED_CONTEXT_EVIDENCE_RESPONSE,FAST,0.6,0.60,0.8,False,88,0,0.0,66,0,0.4306700213148565,0.1177366328101299,0.9745943543721829,0.42845244903585483,,
AUTHORIZED_CONTEXT_EVIDENCE_RESPONSE,FAST,0.6,0.60,0.9,True,88,0,0.0,70,0,0.4395401020149498,0.1306827536509592,0.9696385528751938,0.43896106092080556,,
AUTHORIZED_CONTEXT_EVIDENCE_RESPONSE,FAST,0.6,0.60,1.0,False,88,0,0.0,75,0,0.4481752239636129,0.14570398964454742,0.9662086040677511,0.4479361824780126,,
AUTHORIZED_CONTEXT_EVIDENCE_RESPONSE,FAST,0.6,0.60,1.1,True,88,0,0.0,76,0,0.4554317659576485,0.1585201670966449,0.9632342657753338,0.4549605129129116,,
AUTHORIZED_CONTEXT_EVIDENCE_RESPONSE,FAST,0.6,0.60,1.2,False,88,0,0.0,74,0,0.45967526701705136,0.16605153539424225,0.9613361326565252,0.45916657556646007,,
AUTHORIZED_CONTEXT_EVIDENCE_RESPONSE,FAST,0.6,0.60,1.3,True,88,0,0.0,80,0,0.4669236940003499,0.1766867693426532,0.9571541564788721,0.4665913109187878,,
AUTHORIZED_CONTEXT_EVIDENCE_RESPONSE,FAST,0.6,0.60,1.4,False,88,0,0.0,81,0,0.4732361385160894,0.18528370898734145,0.9536273487215716,0.4730676885354001,,
AUTHORIZED_CONTEXT_EVIDENCE_RESPONSE,FAST,0.6,0.60,1.5,True,88,0,0.0,81,0,0.4773804410993973,0.19081753413310268,0.9511680565817401,0.47712160231824574,,
AUTHORIZED_CONTEXT_EVIDENCE_RESPONSE,FAST,0.6,0.60,1.6,False,88,0,0.0,83,0,0.4849866656348547,0.20204200954246018,0.946916525593367,0.48480558322790174,,
AUTHORIZED_CONTEXT_EVIDENCE_RESPONSE,FAST,0.6,0.60,1.7,False,88,0,0.0,84,0,0.4929622843221848,0.21423702230574093,0.9421366078574671,0.49282933383827315,,
AUTHORIZED_CONTEXT_EVIDENCE_RESPONSE,FAST,0.6,0.60,1.8,False,88,0,0.0,85,0,0.4939553678405623,0.21496074948115212,0.9415195214441617,0.4939553678405623,,
AUTHORIZED_CONTEXT_EVIDENCE_RESPONSE,FAST,0.6,0.60,1.9,False,88,0,0.0,85,0,0.49899023492847955,0.2221738353668039,0.9387351242083742,0.49899023492847955,,
AUTHORIZED_CONTEXT_EVIDENCE_RESPONSE,FAST,0.7,0.70,0.5,True,88,74,0.8409090909090909,77,74,0.6984170701750203,0.5334183633369889,0.7057555727772911,0.6931881475895626,0.759028487799675,0.6281171727856045
AUTHORIZED_CONTEXT_EVIDENCE_RESPONSE,FAST,0.7,0.70,0.6,False,88,81,0.9204545454545454,82,81,0.7353884327745583,0.5903161266715583,0.668254544905859,0.73245651666318,0.7653727562563758,0.6381458090036524
AUTHORIZED_CONTEXT_EVIDENCE_RESPONSE,FAST,0.7,0.70,0.7,True,88,79,0.8977272727272727,81,79,0.7346758767031377,0.5888703438179598,0.661040698670455,0.7311387043908646,0.7750620386830077,0.6526694357126521
AUTHORIZED_CONTEXT_EVIDENCE_RESPONSE,FAST,0.7,0.70,0.8,False,88,81,0.9204545454545454,83,81,0.7491945547783103,0.610236069868407,0.6438412594457336,0.7469769824993087,0.7803796006526611,0.6605633060230576
AUTHORIZED_CONTEXT_EVIDENCE_RESPONSE,FAST,0.7,0.70,0.9,True,88,85,0.9659090909090909,85,85,0.7711742553203979,0.6445440777068075,0.6185116807727424,0.7705952142262535,0.7848002043386413,0.666693214375463
AUTHORIZED_CONTEXT_EVIDENCE_RESPONSE,FAST,0.7,0.70,1.0,False,88,86,0.9772727272727273,86,86,0.7808614702247524,0.6608922692431857,0.6041333054224407,0.780622428739152,0.7907335861009557,0.6760172563100874
AUTHORIZED_CONTEXT_EVIDENCE_RESPONSE,FAST,0.7,0.70,1.1,True,88,87,0.9886363636363636,87,87,0.7898467845201966,0.6754874899264359,0.5922566695438811,0.7893755314754597,0.7947493321264677,0.682775044202178
AUTHORIZED_CONTEXT_EVIDENCE_RESPONSE,FAST,0.7,0.70,1.2,False,88,87,0.9886363636363636,87,87,0.7926122064685495,0.6800970914266874,0.5872587863101123,0.792103515017958,0.7974689778134646,0.6873997608953616
AUTHORIZED_CONTEXT_EVIDENCE_RESPONSE,FAST,0.7,0.70,1.3,True,88,87,0.9886363636363636,87,87,0.7969803637932938,0.6866116959848132,0.5785673698694649,0.7966479807117317,0.8019822997237112,0.6941675808676564
AUTHORIZED_CONTEXT_EVIDENCE_RESPONSE,FAST,0.7,0.70,1.4,False,88,87,0.9886363636363636,87,87,0.8009952671604945,0.6922263619956855,0.5708452948742001,0.8008268171798053,0.8060258599545037,0.7000126006588467
AUTHORIZED_CONTEXT_EVIDENCE_RESPONSE,FAST,0.7,0.70,1.5,True,88,86,0.9772727272727273,86,86,0.7994930443520154,0.6891952919996746,0.5694149446265864,0.7992342055708638,0.8092670509326965,0.7049582312003491
AUTHORIZED_CONTEXT_EVIDENCE_RESPONSE,FAST,0.7,0.70,1.6,False,88,86,0.9772727272727273,86,86,0.8042228930217497,0.6963321661775352,0.5601982165254138,0.8040418106147965,0.8141903020563802,0.7123406438582701
AUTHORIZED_CONTEXT_EVIDENCE_RESPONSE,FAST,0.7,0.70,1.7,False,88,87,0.9886363636363636,87,87,0.813202870169441,0.7102509525769892,0.5472994458143752,0.8130699196855296,0.8181161763502351,0.7182802779792049
AUTHORIZED_CONTEXT_EVIDENCE_RESPONSE,FAST,0.7,0.70,1.8,False,88,88,1.0,88,88,0.818016198663658,0.7176612004862675,0.5424250992877067,0.818016198663658,0.818016198663658,0.7176612004862675
AUTHORIZED_CONTEXT_EVIDENCE_RESPONSE,FAST,0.7,0.70,1.9,False,88,88,1.0,88,88,0.8211564525085197,0.7223191793637107,0.5363853283155884,0.8211564525085197,0.8211564525085197,0.7223191793637107
AUTHORIZED_CONTEXT_EVIDENCE_RESPONSE,FAST,0.8,0.80,0.5,True,88,74,0.8409090909090909,77,74,0.7695093393371985,0.643152903480297,0.5709180750197657,0.7642804167517409,0.8435706457222654,0.7586123016046737
AUTHORIZED_CONTEXT_EVIDENCE_RESPONSE,FAST,0.8,0.80,0.6,False,88,81,0.9204545454545454,82,81,0.8114996195403201,0.7077226605225697,0.521659336827779,0.8085677034289418,0.8480614529895487,0.7656985865208006
AUTHORIZED_CONTEXT_EVIDENCE_RESPONSE,FAST,0.8,0.80,0.7,True,88,79,0.8977272727272727,81,79,0.8064312746915641,0.6996867894652884,0.5193276776114334,0.802894102379291,0.8549921022650522,0.7761105397248661
AUTHORIZED_CONTEXT_EVIDENCE_RESPONSE,FAST,0.8,0.80,0.8,False,88,81,0.9204545454545454,83,81,0.8213381527758521,0.7217495293643856,0.49936064325218443,0.8191205804968504,0.8587578305759164,0.7817137311544913
AUTHORIZED_CONTEXT_EVIDENCE_RESPONSE,FAST,0.8,0.80,0.9,True,88,85,0.9659090909090909,85,85,0.8455579690104138,0.759763626735424,0.46810757296055827,0.8449789279162694,0.8618092255706578,0.7859793357227366
AUTHORIZED_CONTEXT_EVIDENCE_RESPONSE,FAST,0.8,0.80,1.0,False,88,86,0.9772727272727273,86,86,0.8543946439659813,0.7747421443241694,0.4531229906458451,0.8541556024803811,0.8659768336501202,0.7925148029045825
AUTHORIZED_CONTEXT_EVIDENCE_RESPONSE,FAST,0.8,0.80,1.1,True,88,87,0.9886363636363636,87,87,0.8630297546020103,0.7886017183909483,0.4403548723321935,0.8625585015572732,0.86877348577244,0.7971894362122595
AUTHORIZED_CONTEXT_EVIDENCE_RESPONSE,FAST,0.8,0.80,1.2,False,88,87,0.9886363636363636,87,87,0.8649784376869802,0.7918007686593747,0.4359563248335229,0.864469746236389,0.8706670047930269,0.8003873884410684
AUTHORIZED_CONTEXT_EVIDENCE_RESPONSE,FAST,0.8,0.80,1.3,True,88,87,0.9886363636363636,87,87,0.8679564758337356,0.7962402922963256,0.42848440979580177,0.8676240927521733,0.8737742291439283,0.8050562759873471
AUTHORIZED_CONTEXT_EVIDENCE_RESPONSE,FAST,0.8,0.80,1.4,False,88,87,0.9886363636363636,87,87,0.8707480550729675,0.8001042485233018,0.4217723977703837,0.8705796050922783,0.8765804040498788,0.809130462893677
AUTHORIZED_CONTEXT_EVIDENCE_RESPONSE,FAST,0.8,0.80,1.5,True,88,86,0.9772727272727273,86,86,0.8674672728606706,0.794349971417949,0.4228656120578147,0.8672084340795191,0.8788220754531807,0.8125583682795134
AUTHORIZED_CONTEXT_EVIDENCE_RESPONSE,FAST,0.8,0.80,1.6,False,88,86,0.9772727272727273,86,86,0.8707221194063192,0.799286768615724,0.4148714373166822,0.8705410369993665,0.8822360220778004,0.8176895393764169
AUTHORIZED_CONTEXT_EVIDENCE_RESPONSE,FAST,0.8,0.80,1.7,False,88,87,0.9886363636363636,87,87,0.8792410052264156,0.8125376272733388,0.40149447764394514,0.879108054742504,0.884913370430853,0.8217426615801101
AUTHORIZED_CONTEXT_EVIDENCE_RESPONSE,FAST,0.8,0.80,1.8,False,88,88,1.0,88,88,0.884852205899546,0.8213508025896044,0.3949327698159589,0.884852205899546,0.884852205899546,0.8213508025896044
AUTHORIZED_CONTEXT_EVIDENCE_RESPONSE,FAST,0.8,0.80,1.9,False,88,88,1.0,88,88,0.8870262680920274,0.824588442597728,0.38969820933284766,0.8870262680920274,0.8870262680920274,0.824588442597728
AUTHORIZED_CONTEXT_EVIDENCE_RESPONSE,FAST,0.9,0.90,0.5,True,88,74,0.8409090909090909,77,74,0.8369509420321251,0.7472320605795186,0.4034034955422739,0.8317220194466675,0.9237714705486645,0.8823821100469913
AUTHORIZED_CONTEXT_EVIDENCE_RESPONSE,FAST,0.9,0.90,0.6,False,88,81,0.9204545454545454,82,81,0.8833540496059455,0.8185387809157294,0.3411440571635319,0.8804221334945672,0.9261255251596109,0.886091408676332
AUTHORIZED_CONTEXT_EVIDENCE_RESPONSE,FAST,0.9,0.90,0.7,True,88,79,0.8977272727272727,81,79,0.8735847955339591,0.8033784403103277,0.3473386457811736,0.8700476232216862,0.9297960242160744,0.8916151634509858
AUTHORIZED_CONTEXT_EVIDENCE_RESPONSE,FAST,0.9,0.90,0.8,False,88,81,0.9204545454545454,83,81,0.8885430472036973,0.8256180333193263,0.3253938664886245,0.8863254749246956,0.9317705553864151,0.8945585255746737
AUTHORIZED_CONTEXT_EVIDENCE_RESPONSE,FAST,0.9,0.90,0.9,True,88,85,0.9659090909090909,85,85,0.9146440410718768,0.8667650538171575,0.2880027405161068,0.9140649999777324,0.933333629587231,0.896757283760296
AUTHORIZED_CONTEXT_EVIDENCE_RESPONSE,FAST,0.9,0.90,1.0,False,88,86,0.9772727272727273,86,86,0.9223414599392261,0.8799357885454208,0.27385130535846886,0.9221024184536258,0.9355038081343707,0.9001548109449327
AUTHORIZED_CONTEXT_EVIDENCE_RESPONSE,FAST,0.9,0.90,1.1,True,88,87,0.9886363636363636,87,87,0.9304293267142025,0.8927706699024793,0.2610675792610042,0.9299580736694657,0.9369477656100599,0.9025557319940384
AUTHORIZED_CONTEXT_EVIDENCE_RESPONSE,FAST,0.9,0.90,1.2,False,88,87,0.9886363636363636,87,87,0.931472824522918,0.8944320914361892,0.25807786210424477,0.9309641330723267,0.9379256949259295,0.904198381594628
AUTHORIZED_CONTEXT_EVIDENCE_RESPONSE,FAST,0.9,0.90,1.3,True,88,87,0.9886363636363636,87,87,0.932949738618698,0.8966197879417631,0.2531098909424413,0.9326173555371359,0.9395145409264191,0.9065895589390541
AUTHORIZED_CONTEXT_EVIDENCE_RESPONSE,FAST,0.9,0.90,1.4,False,88,87,0.9886363636363636,87,87,0.9343956008832947,0.8985370772471852,0.24859395601108988,0.9342271509026054,0.9409595308465313,0.9086947034419729
AUTHORIZED_CONTEXT_EVIDENCE_RESPONSE,FAST,0.9,0.90,1.5,True,88,86,0.9772727272727273,86,86,0.9293166767661646,0.8900234502596345,0.2534212957584525,0.9290578379850131,0.9421098375890349,0.9104568117454246
AUTHORIZED_CONTEXT_EVIDENCE_RESPONSE,FAST,0.9,0.90,1.6,False,88,86,0.9772727272727273,86,86,0.9309530970379651,0.8925324982410924,0.24806174285927537,0.9307720146310122,0.9438677201194845,0.9131037743419098
AUTHORIZED_CONTEXT_EVIDENCE_RESPONSE,FAST,0.9,0.90,1.7,False,88,87,0.9886363636363636,87,87,0.9388661877508011,0.904891082948519,0.235044637474957,0.9387332372668894,0.9452238998808061,0.9151576512285685
AUTHORIZED_CONTEXT_EVIDENCE_RESPONSE,FAST,0.9,0.90,1.8,False,88,88,1.0,88,88,0.9451963341504895,0.9149719680385925,0.22653523715103835,0.9451963341504895,0.9451963341504895,0.9149719680385925
AUTHORIZED_CONTEXT_EVIDENCE_RESPONSE,FAST,0.9,0.90,1.9,False,88,88,1.0,88,88,0.9463137602940948,0.9166412392723757,0.22302618821601003,0.9463137602940948,0.9463137602940948,0.9166412392723757
AUTHORIZED_CONTEXT_EVIDENCE_RESPONSE,FAST,0.95,0.95,0.5,True,88,74,0.8409090909090909,77,74,0.8694012524522492,0.7973039375155114,0.2998122480542675,0.8641723298667913,0.9623610288861094,0.9419270447816857
AUTHORIZED_CONTEXT_EVIDENCE_RESPONSE,FAST,0.95,0.95,0.6,False,88,81,0.9204545454545454,82,81,0.9178123178225067,0.8716732383399752,0.2301822180087691,0.9148804017111285,0.9635616684072332,0.9438177327915622
AUTHORIZED_CONTEXT_EVIDENCE_RESPONSE,FAST,0.95,0.95,0.7,True,88,79,0.8977272727272727,81,79,0.905586263211524,0.85278592763974,0.2427096250293326,0.902049090899251,0.9654432287176659,0.946651351868559
AUTHORIZED_CONTEXT_EVIDENCE_RESPONSE,FAST,0.95,0.95,0.8,False,88,81,0.9204545454545454,83,81,0.9204642590540818,0.8749500993882943,0.22015025989648473,0.9182466867750801,0.9664503904831291,0.9481538566125648
AUTHORIZED_CONTEXT_EVIDENCE_RESPONSE,FAST,0.95,0.95,0.9,True,88,85,0.9659090909090909,85,85,0.9473935486933462,0.9174837976753785,0.1794448796632439,0.9468145075992019,0.967239002183576,0.9492661009311599
AUTHORIZED_CONTEXT_EVIDENCE_RESPONSE,FAST,0.95,0.95,1.0,False,88,86,0.9772727272727273,86,86,0.9544339029998049,0.9296181679840924,0.16645865151723735,0.9541948615142046,0.968342587080079,0.9509925945565965
AUTHORIZED_CONTEXT_EVIDENCE_RESPONSE,FAST,0.95,0.95,1.1,True,88,87,0.9886363636363636,87,87,0.9621902671968757,0.9418564060645015,0.1541004419437307,0.9617190141521387,0.9690737743741429,0.9522056720199916
AUTHORIZED_CONTEXT_EVIDENCE_RESPONSE,FAST,0.95,0.95,1.2,False,88,87,0.9886363636363636,87,87,0.9627566798432233,0.9427145400280089,0.15224689466030164,0.9622479883926318,0.9695691347901461,0.9530358008599166
AUTHORIZED_CONTEXT_EVIDENCE_RESPONSE,FAST,0.95,0.95,1.3,True,88,87,0.9886363636363636,87,87,0.9634548239641088,0.9437310006988565,0.1492098949470752,0.9631224408825466,0.9703702594367194,0.9542422798887573
AUTHORIZED_CONTEXT_EVIDENCE_RESPONSE,FAST,0.95,0.95,1.4,False,88,87,0.9886363636363636,87,87,0.9641947331116705,0.9446213467944017,0.1464230641500761,0.9640262831309812,0.971101181836153,0.9553086772368587
AUTHORIZED_CONTEXT_EVIDENCE_RESPONSE,FAST,0.95,0.95,1.5,True,88,86,0.9772727272727273,86,86,0.9582167695744175,0.9347261670194267,0.1537897378943676,0.9579579307932659,0.9716820255788753,0.9561991265693978
AUTHORIZED_CONTEXT_EVIDENCE_RESPONSE,FAST,0.95,0.95,1.6,False,88,86,0.9772727272727273,86,86,0.9590044236697534,0.9359581924753939,0.15050277520830943,0.9588233412628007,0.9725714031845704,0.9575393684421255
AUTHORIZED_CONTEXT_EVIDENCE_RESPONSE,FAST,0.95,0.95,1.7,False,88,87,0.9886363636363636,87,87,0.9665758116708396,0.9478103958396659,0.13806616225336524,0.966442861186928,0.9732520252252128,0.9585702895552458
AUTHORIZED_CONTEXT_EVIDENCE_RESPONSE,FAST,0.95,0.95,1.8,False,88,88,1.0,88,88,0.9732390226558064,0.9584799517730651,0.12841596172487998,0.9732390226558064,0.9732390226558064,0.9584799517730651
AUTHORIZED_CONTEXT_EVIDENCE_RESPONSE,FAST,0.95,0.95,1.9,False,88,88,1.0,88,88,0.9738038214528134,0.9593247928618073,0.12625964097158812,0.9738038214528134,0.9738038214528134,0.9593247928618073
AUTHORIZED_CONTEXT_EVIDENCE_RESPONSE,FAST,0.98,0.98,0.5,True,88,74,0.8409090909090909,77,74,0.8884855884530588,0.8267495663624019,0.2246907120889633,0.8832566658676012,0.9850559149411263,0.9769434682752852
AUTHORIZED_CONTEXT_EVIDENCE_RESPONSE,FAST,0.98,0.98,0.6,False,88,81,0.9204545454545454,82,81,0.9380436881103574,0.9028674675949996,0.1499878791606587,0.935111771998979,0.9855414287199596,0.9777077596365269
AUTHORIZED_CONTEXT_EVIDENCE_RESPONSE,FAST,0.98,0.98,0.7,True,88,79,0.8977272727272727,81,79,0.9243140731512264,0.8816982898954577,0.16754872846161648,0.9207769008389536,0.9863045866251827,0.9788575275458143
AUTHORIZED_CONTEXT_EVIDENCE_RESPONSE,FAST,0.98,0.98,0.8,False,88,81,0.9204545454545454,83,81,0.9391140374503615,0.9037709467235459,0.14479107310330114,0.9368964651713597,0.9867118781235316,0.9794653944582703
AUTHORIZED_CONTEXT_EVIDENCE_RESPONSE,FAST,0.98,0.98,0.9,True,88,85,0.9659090909090909,85,85,0.9665086637464284,0.9470858929610171,0.10187071062503694,0.9659296226522843,0.987028768356179,0.9799129760504095
AUTHORIZED_CONTEXT_EVIDENCE_RESPONSE,FAST,0.98,0.98,1.0,False,88,86,0.9772727272727273,86,86,0.973130794351917,0.9585621513077011,0.08999146016108034,0.9728917528663167,0.9874742898589844,0.9806096937714519
AUTHORIZED_CONTEXT_EVIDENCE_RESPONSE,FAST,0.98,0.98,1.1,True,88,87,0.9886363636363636,87,87,0.9806727779852835,0.9704200013898784,0.07811397279928954,0.9802015249405467,0.9877687278152916,0.9810975845330169
AUTHORIZED_CONTEXT_EVIDENCE_RESPONSE,FAST,0.98,0.98,1.2,False,88,87,0.9886363636363636,87,87,0.9809467151438871,0.9707875740666161,0.07718944847968078,0.9804380236932958,0.987968250956335,0.9814315134506915
AUTHORIZED_CONTEXT_EVIDENCE_RESPONSE,FAST,0.98,0.98,1.3,True,88,87,0.9886363636363636,87,87,0.9811710075110603,0.9710905987041383,0.0757013782641127,0.9808386244294982,0.9882900772773143,0.9819163560320312
AUTHORIZED_CONTEXT_EVIDENCE_RESPONSE,FAST,0.98,0.98,1.4,False,88,87,0.9886363636363636,87,87,0.981479121090731,0.9713513063988796,0.07431400361603718,0.9813106711100418,0.9885842409414095,0.9823458777563304
AUTHORIZED_CONTEXT_EVIDENCE_RESPONSE,FAST,0.98,0.98,1.5,True,88,86,0.9772727272727273,86,86,0.9749630537355966,0.9606286754319956,0.08361085488571346,0.9747042149544449,0.9888177582089188,0.9827040188985382
AUTHORIZED_CONTEXT_EVIDENCE_RESPONSE,FAST,0.98,0.98,1.6,False,88,86,0.9772727272727273,86,86,0.9752314083122452,0.9610783736344591,0.08200233516672974,0.9750503259052924,0.989175759562934,0.9832437398607038
AUTHORIZED_CONTEXT_EVIDENCE_RESPONSE,FAST,0.98,0.98,1.7,False,88,87,0.9886363636363636,87,87,0.9825881541264743,0.9726117906544942,0.07012244637231624,0.9824552036425626,0.9894484175941306,0.9836567578736929
AUTHORIZED_CONTEXT_EVIDENCE_RESPONSE,FAST,0.98,0.98,1.8,False,88,88,1.0,88,88,0.9894434054625162,0.9836212148060497,0.05967093777051416,0.9894434054625162,0.9894434054625162,0.9836212148060497
AUTHORIZED_CONTEXT_EVIDENCE_RESPONSE,FAST,0.98,0.98,1.9,False,88,88,1.0,88,88,0.9896706175199527,0.9839613329482056,0.058607878705459665,0.9896706175199527,0.9896706175199527,0.9839613329482056
AUTHORIZED_CONTEXT_EVIDENCE_RESPONSE,FAST,0.99,0.99,0.5,True,88,74,0.8409090909090909,77,74,0.8947843494130432,0.8364677155054452,0.19499505257165534,0.8895554268275856,0.9925463333800268,0.9885001861751203
AUTHORIZED_CONTEXT_EVIDENCE_RESPONSE,FAST,0.99,0.99,0.6,False,88,81,0.9204545454545454,82,81,0.9447156079587803,0.9131543370362949,0.11834970409853542,0.941783691847402,0.9927899342342956,0.9888836177949711
AUTHORIZED_CONTEXT_EVIDENCE_RESPONSE,FAST,0.99,0.99,0.7,True,88,79,0.8977272727272727,81,79,0.9304802349696235,0.8912174512549698,0.13800276554806992,0.9269430626573503,0.9931732225747891,0.9894611503260303
AUTHORIZED_CONTEXT_EVIDENCE_RESPONSE,FAST,0.99,0.99,0.8,False,88,81,0.9204545454545454,83,81,0.9452495117054466,0.913252356910758,0.11522374628338622,0.943031939426445,0.9933775785488093,0.9897661857727725
AUTHORIZED_CONTEXT_EVIDENCE_RESPONSE,FAST,0.99,0.99,0.9,True,88,85,0.9659090909090909,85,85,0.9727942945574959,0.9568197610592072,0.07147048111727186,0.9722152534633515,0.9935362449605778,0.9899903924344182
AUTHORIZED_CONTEXT_EVIDENCE_RESPONSE,FAST,0.99,0.99,1.0,False,88,86,0.9772727272727273,86,86,0.9792733145472028,0.9680710496876604,0.06008907314046683,0.9790342730616023,0.9937596593611374,0.9903397293230384
AUTHORIZED_CONTEXT_EVIDENCE_RESPONSE,FAST,0.99,0.99,1.1,True,88,87,0.9886363636363636,87,87,0.9867414811671842,0.9797987049052449,0.04844099422025263,0.9862702281224472,0.9939071862061792,0.9905840892382155
AUTHORIZED_CONTEXT_EVIDENCE_RESPONSE,FAST,0.99,0.99,1.2,False,88,87,0.9886363636363636,87,87,0.9869170056017335,0.9800015016514055,0.04790780636695873,0.9864083141511422,0.9940071654424327,0.9907513482490995
AUTHORIZED_CONTEXT_EVIDENCE_RESPONSE,FAST,0.99,0.99,1.3,True,88,87,0.9886363636363636,87,87,0.9869824224147908,0.9800652029084631,0.04706582390296339,0.9866500393332287,0.9941682900535012,0.9909941166065207
AUTHORIZED_CONTEXT_EVIDENCE_RESPONSE,FAST,0.99,0.99,1.4,False,88,87,0.9886363636363636,87,87,0.9871454037339653,0.9801140510403683,0.04626474202998851,0.9869769537532761,0.9943156532701986,0.9912093436005948
AUTHORIZED_CONTEXT_EVIDENCE_RESPONSE,FAST,0.99,0.99,1.5,True,88,86,0.9772727272727273,86,86,0.9804502797146917,0.9691159952723574,0.0563446727289318,0.98019144093354,0.9944325940945048,0.991388718270071
AUTHORIZED_CONTEXT_EVIDENCE_RESPONSE,FAST,0.99,0.99,1.6,False,88,86,0.9772727272727273,86,86,0.9805440490020871,0.96930252620405,0.05543975835273533,0.9803629665951342,0.9946119500362608,0.9916591517923784
AUTHORIZED_CONTEXT_EVIDENCE_RESPONSE,FAST,0.99,0.99,1.7,False,88,87,0.9886363636363636,87,87,0.9878278422969573,0.9807274944570998,0.043810457059814165,0.9876948918130456,0.9947483320654239,0.9918657456280525
AUTHORIZED_CONTEXT_EVIDENCE_RESPONSE,FAST,0.99,0.99,1.8,False,88,88,1.0,88,88,0.9947458575589249,0.9918480719826881,0.03304806976028403,0.9947458575589249,0.9947458575589249,0.9918480719826881
AUTHORIZED_CONTEXT_EVIDENCE_RESPONSE,FAST,0.99,0.99,1.9,False,88,88,1.0,88,88,0.9948596659433959,0.9920184738505706,0.032442792169725315,0.9948596659433959,0.9948596659433959,0.9920184738505706
AUTHORIZED_CONTEXT_EVIDENCE_RESPONSE,FAST,1.0,1.00,0.5,True,88,74,0.8409090909090909,77,74,0.9010522054343842,0.8461380134945485,0.15748495129663212,0.8958232828489266,1.0,1.0
AUTHORIZED_CONTEXT_EVIDENCE_RESPONSE,FAST,1.0,1.00,0.6,False,88,81,0.9204545454545454,82,81,0.951352145765849,0.9233864615659239,0.07845194989734548,0.9484202296544705,1.0,1.0
AUTHORIZED_CONTEXT_EVIDENCE_RESPONSE,FAST,1.0,1.00,0.7,True,88,79,0.8977272727272727,81,79,0.9366088192490739,0.9006784640304653,0.10085523985992607,0.9330716469368009,1.0,1.0
AUTHORIZED_CONTEXT_EVIDENCE_RESPONSE,FAST,1.0,1.00,0.8,False,88,81,0.9204545454545454,83,81,0.9513451496321107,0.9226721177335471,0.07810915700683906,0.949127577353109,1.0,1.0
AUTHORIZED_CONTEXT_EVIDENCE_RESPONSE,FAST,1.0,1.00,0.9,True,88,85,0.9659090909090909,85,85,0.9790376943114829,0.9664881320032351,0.0333483946455346,0.9784586532173388,1.0,1.0
AUTHORIZED_CONTEXT_EVIDENCE_RESPONSE,FAST,1.0,1.00,1.0,False,88,86,0.9772727272727273,86,86,0.9853718292624548,0.9775117687583276,0.022659242966516408,0.9851327877768544,1.0,1.0
AUTHORIZED_CONTEXT_EVIDENCE_RESPONSE,FAST,1.0,1.00,1.1,True,88,87,0.9886363636363636,87,87,0.9927650584406206,0.9891076166811007,0.011342593571929842,0.9922938053958835,1.0,1.0
AUTHORIZED_CONTEXT_EVIDENCE_RESPONSE,FAST,1.0,1.00,1.2,False,88,87,0.9886363636363636,87,87,0.9928417397666014,0.9891450550869549,0.01132923873298753,0.9923330483160101,1.0,1.0
AUTHORIZED_CONTEXT_EVIDENCE_RESPONSE,FAST,1.0,1.00,1.3,True,88,87,0.9886363636363636,87,87,0.9927478629300794,0.9889687467179258,0.011339131661478574,0.9924154798485173,1.0,1.0
AUTHORIZED_CONTEXT_EVIDENCE_RESPONSE,FAST,1.0,1.00,1.4,False,88,87,0.9886363636363636,87,87,0.9927651556145647,0.9888048136170529,0.011313349658809096,0.9925967056338755,1.0,1.0
AUTHORIZED_CONTEXT_EVIDENCE_RESPONSE,FAST,1.0,1.00,1.5,True,88,86,0.9772727272727273,86,86,0.9858911536677893,0.9775315660538788,0.022403629070419404,0.9856323148866379,1.0,1.0
AUTHORIZED_CONTEXT_EVIDENCE_RESPONSE,FAST,1.0,1.00,1.6,False,88,86,0.9772727272727273,86,86,0.9858096432848324,0.9774538096796803,0.022429761092863196,0.9856285608778795,1.0,1.0
AUTHORIZED_CONTEXT_EVIDENCE_RESPONSE,FAST,1.0,1.00,1.7,False,88,87,0.9886363636363636,87,87,0.9930198321868224,0.9887693141202752,0.011149165575510527,0.9928868817029108,1.0,1.0
AUTHORIZED_CONTEXT_EVIDENCE_RESPONSE,FAST,1.0,1.00,1.8,False,88,88,1.0,88,88,1.0,1.0,0.0,1.0,1.0,1.0
AUTHORIZED_CONTEXT_EVIDENCE_RESPONSE,FAST,1.0,1.00,1.9,False,88,88,1.0,88,88,1.0,1.0,0.0,1.0,1.0,1.0
AUTHORIZED_CONTEXT_EVIDENCE_RESPONSE,MEDIUM,0.3333333333333333,0.333333,0.5,True,88,0,0.0,27,0,0.40015467009211714,0.07278907346950515,0.9855882727285755,0.3949257475066595,,
AUTHORIZED_CONTEXT_EVIDENCE_RESPONSE,MEDIUM,0.3333333333333333,0.333333,0.6,False,88,0,0.0,32,0,0.41142839483666244,0.09027689821034278,0.9817653105943169,0.40849647872528405,,
AUTHORIZED_CONTEXT_EVIDENCE_RESPONSE,MEDIUM,0.3333333333333333,0.333333,0.7,True,88,0,0.0,44,0,0.42198418546636335,0.10571560378548707,0.9776398205942158,0.4184470131540904,,
AUTHORIZED_CONTEXT_EVIDENCE_RESPONSE,MEDIUM,0.3333333333333333,0.333333,0.8,False,88,0,0.0,52,0,0.4306700213148565,0.1177366328101299,0.9745943543721829,0.42845244903585483,,
AUTHORIZED_CONTEXT_EVIDENCE_RESPONSE,MEDIUM,0.3333333333333333,0.333333,0.9,True,88,0,0.0,58,0,0.4395401020149498,0.1306827536509592,0.9696385528751938,0.43896106092080556,,
AUTHORIZED_CONTEXT_EVIDENCE_RESPONSE,MEDIUM,0.3333333333333333,0.333333,1.0,False,88,0,0.0,62,0,0.4481752239636129,0.14570398964454742,0.9662086040677511,0.4479361824780126,,
AUTHORIZED_CONTEXT_EVIDENCE_RESPONSE,MEDIUM,0.3333333333333333,0.333333,1.1,True,88,0,0.0,67,0,0.4554317659576485,0.1585201670966449,0.9632342657753338,0.4549605129129116,,
AUTHORIZED_CONTEXT_EVIDENCE_RESPONSE,MEDIUM,0.3333333333333333,0.333333,1.2,False,88,0,0.0,70,0,0.45967526701705136,0.16605153539424225,0.9613361326565252,0.45916657556646007,,
AUTHORIZED_CONTEXT_EVIDENCE_RESPONSE,MEDIUM,0.3333333333333333,0.333333,1.3,True,88,0,0.0,72,0,0.4669236940003499,0.1766867693426532,0.9571541564788721,0.4665913109187878,,
AUTHORIZED_CONTEXT_EVIDENCE_RESPONSE,MEDIUM,0.3333333333333333,0.333333,1.4,False,88,0,0.0,73,0,0.4732361385160894,0.18528370898734145,0.9536273487215716,0.4730676885354001,,
AUTHORIZED_CONTEXT_EVIDENCE_RESPONSE,MEDIUM,0.3333333333333333,0.333333,1.5,True,88,0,0.0,74,0,0.4773804410993973,0.19081753413310268,0.9511680565817401,0.47712160231824574,,
AUTHORIZED_CONTEXT_EVIDENCE_RESPONSE,MEDIUM,0.3333333333333333,0.333333,1.6,False,88,0,0.0,78,0,0.4849866656348547,0.20204200954246018,0.946916525593367,0.48480558322790174,,
AUTHORIZED_CONTEXT_EVIDENCE_RESPONSE,MEDIUM,0.3333333333333333,0.333333,1.7,False,88,0,0.0,81,0,0.4929622843221848,0.21423702230574093,0.9421366078574671,0.49282933383827315,,
AUTHORIZED_CONTEXT_EVIDENCE_RESPONSE,MEDIUM,0.3333333333333333,0.333333,1.8,False,88,0,0.0,82,0,0.4939553678405623,0.21496074948115212,0.9415195214441617,0.4939553678405623,,
AUTHORIZED_CONTEXT_EVIDENCE_RESPONSE,MEDIUM,0.3333333333333333,0.333333,1.9,False,88,0,0.0,81,0,0.49899023492847955,0.2221738353668039,0.9387351242083742,0.49899023492847955,,
AUTHORIZED_CONTEXT_EVIDENCE_RESPONSE,MEDIUM,0.5,0.50,0.5,True,88,0,0.0,27,0,0.40015467009211714,0.07278907346950515,0.9855882727285755,0.3949257475066595,,
AUTHORIZED_CONTEXT_EVIDENCE_RESPONSE,MEDIUM,0.5,0.50,0.6,False,88,0,0.0,32,0,0.41142839483666244,0.09027689821034278,0.9817653105943169,0.40849647872528405,,
AUTHORIZED_CONTEXT_EVIDENCE_RESPONSE,MEDIUM,0.5,0.50,0.7,True,88,0,0.0,44,0,0.42198418546636335,0.10571560378548707,0.9776398205942158,0.4184470131540904,,
AUTHORIZED_CONTEXT_EVIDENCE_RESPONSE,MEDIUM,0.5,0.50,0.8,False,88,0,0.0,52,0,0.4306700213148565,0.1177366328101299,0.9745943543721829,0.42845244903585483,,
AUTHORIZED_CONTEXT_EVIDENCE_RESPONSE,MEDIUM,0.5,0.50,0.9,True,88,0,0.0,58,0,0.4395401020149498,0.1306827536509592,0.9696385528751938,0.43896106092080556,,
AUTHORIZED_CONTEXT_EVIDENCE_RESPONSE,MEDIUM,0.5,0.50,1.0,False,88,0,0.0,62,0,0.4481752239636129,0.14570398964454742,0.9662086040677511,0.4479361824780126,,
AUTHORIZED_CONTEXT_EVIDENCE_RESPONSE,MEDIUM,0.5,0.50,1.1,True,88,0,0.0,67,0,0.4554317659576485,0.1585201670966449,0.9632342657753338,0.4549605129129116,,
AUTHORIZED_CONTEXT_EVIDENCE_RESPONSE,MEDIUM,0.5,0.50,1.2,False,88,0,0.0,70,0,0.45967526701705136,0.16605153539424225,0.9613361326565252,0.45916657556646007,,
AUTHORIZED_CONTEXT_EVIDENCE_RESPONSE,MEDIUM,0.5,0.50,1.3,True,88,0,0.0,72,0,0.4669236940003499,0.1766867693426532,0.9571541564788721,0.4665913109187878,,
AUTHORIZED_CONTEXT_EVIDENCE_RESPONSE,MEDIUM,0.5,0.50,1.4,False,88,0,0.0,73,0,0.4732361385160894,0.18528370898734145,0.9536273487215716,0.4730676885354001,,
AUTHORIZED_CONTEXT_EVIDENCE_RESPONSE,MEDIUM,0.5,0.50,1.5,True,88,0,0.0,74,0,0.4773804410993973,0.19081753413310268,0.9511680565817401,0.47712160231824574,,
AUTHORIZED_CONTEXT_EVIDENCE_RESPONSE,MEDIUM,0.5,0.50,1.6,False,88,0,0.0,78,0,0.4849866656348547,0.20204200954246018,0.946916525593367,0.48480558322790174,,
AUTHORIZED_CONTEXT_EVIDENCE_RESPONSE,MEDIUM,0.5,0.50,1.7,False,88,0,0.0,81,0,0.4929622843221848,0.21423702230574093,0.9421366078574671,0.49282933383827315,,
AUTHORIZED_CONTEXT_EVIDENCE_RESPONSE,MEDIUM,0.5,0.50,1.8,False,88,0,0.0,82,0,0.4939553678405623,0.21496074948115212,0.9415195214441617,0.4939553678405623,,
AUTHORIZED_CONTEXT_EVIDENCE_RESPONSE,MEDIUM,0.5,0.50,1.9,False,88,0,0.0,81,0,0.49899023492847955,0.2221738353668039,0.9387351242083742,0.49899023492847955,,
AUTHORIZED_CONTEXT_EVIDENCE_RESPONSE,MEDIUM,0.6,0.60,0.5,True,88,0,0.0,27,0,0.40015467009211714,0.07278907346950515,0.9855882727285755,0.3949257475066595,,
AUTHORIZED_CONTEXT_EVIDENCE_RESPONSE,MEDIUM,0.6,0.60,0.6,False,88,0,0.0,32,0,0.41142839483666244,0.09027689821034278,0.9817653105943169,0.40849647872528405,,
AUTHORIZED_CONTEXT_EVIDENCE_RESPONSE,MEDIUM,0.6,0.60,0.7,True,88,0,0.0,44,0,0.42198418546636335,0.10571560378548707,0.9776398205942158,0.4184470131540904,,
AUTHORIZED_CONTEXT_EVIDENCE_RESPONSE,MEDIUM,0.6,0.60,0.8,False,88,0,0.0,52,0,0.4306700213148565,0.1177366328101299,0.9745943543721829,0.42845244903585483,,
AUTHORIZED_CONTEXT_EVIDENCE_RESPONSE,MEDIUM,0.6,0.60,0.9,True,88,0,0.0,58,0,0.4395401020149498,0.1306827536509592,0.9696385528751938,0.43896106092080556,,
AUTHORIZED_CONTEXT_EVIDENCE_RESPONSE,MEDIUM,0.6,0.60,1.0,False,88,0,0.0,62,0,0.4481752239636129,0.14570398964454742,0.9662086040677511,0.4479361824780126,,
AUTHORIZED_CONTEXT_EVIDENCE_RESPONSE,MEDIUM,0.6,0.60,1.1,True,88,0,0.0,67,0,0.4554317659576485,0.1585201670966449,0.9632342657753338,0.4549605129129116,,
AUTHORIZED_CONTEXT_EVIDENCE_RESPONSE,MEDIUM,0.6,0.60,1.2,False,88,0,0.0,70,0,0.45967526701705136,0.16605153539424225,0.9613361326565252,0.45916657556646007,,
AUTHORIZED_CONTEXT_EVIDENCE_RESPONSE,MEDIUM,0.6,0.60,1.3,True,88,0,0.0,72,0,0.4669236940003499,0.1766867693426532,0.9571541564788721,0.4665913109187878,,
AUTHORIZED_CONTEXT_EVIDENCE_RESPONSE,MEDIUM,0.6,0.60,1.4,False,88,0,0.0,73,0,0.4732361385160894,0.18528370898734145,0.9536273487215716,0.4730676885354001,,
AUTHORIZED_CONTEXT_EVIDENCE_RESPONSE,MEDIUM,0.6,0.60,1.5,True,88,0,0.0,74,0,0.4773804410993973,0.19081753413310268,0.9511680565817401,0.47712160231824574,,
AUTHORIZED_CONTEXT_EVIDENCE_RESPONSE,MEDIUM,0.6,0.60,1.6,False,88,0,0.0,78,0,0.4849866656348547,0.20204200954246018,0.946916525593367,0.48480558322790174,,
AUTHORIZED_CONTEXT_EVIDENCE_RESPONSE,MEDIUM,0.6,0.60,1.7,False,88,0,0.0,81,0,0.4929622843221848,0.21423702230574093,0.9421366078574671,0.49282933383827315,,
AUTHORIZED_CONTEXT_EVIDENCE_RESPONSE,MEDIUM,0.6,0.60,1.8,False,88,0,0.0,82,0,0.4939553678405623,0.21496074948115212,0.9415195214441617,0.4939553678405623,,
AUTHORIZED_CONTEXT_EVIDENCE_RESPONSE,MEDIUM,0.6,0.60,1.9,False,88,0,0.0,81,0,0.49899023492847955,0.2221738353668039,0.9387351242083742,0.49899023492847955,,
AUTHORIZED_CONTEXT_EVIDENCE_RESPONSE,MEDIUM,0.7,0.70,0.5,True,88,74,0.8409090909090909,75,74,0.6984170701750203,0.5334183633369889,0.7057555727772911,0.6931881475895626,0.759028487799675,0.6281171727856045
AUTHORIZED_CONTEXT_EVIDENCE_RESPONSE,MEDIUM,0.7,0.70,0.6,False,88,81,0.9204545454545454,81,81,0.7353884327745583,0.5903161266715583,0.668254544905859,0.73245651666318,0.7653727562563758,0.6381458090036524
AUTHORIZED_CONTEXT_EVIDENCE_RESPONSE,MEDIUM,0.7,0.70,0.7,True,88,79,0.8977272727272727,79,79,0.7346758767031377,0.5888703438179598,0.661040698670455,0.7311387043908646,0.7750620386830077,0.6526694357126521
AUTHORIZED_CONTEXT_EVIDENCE_RESPONSE,MEDIUM,0.7,0.70,0.8,False,88,81,0.9204545454545454,81,81,0.7491945547783103,0.610236069868407,0.6438412594457336,0.7469769824993087,0.7803796006526611,0.6605633060230576
AUTHORIZED_CONTEXT_EVIDENCE_RESPONSE,MEDIUM,0.7,0.70,0.9,True,88,85,0.9659090909090909,85,85,0.7711742553203979,0.6445440777068075,0.6185116807727424,0.7705952142262535,0.7848002043386413,0.666693214375463
AUTHORIZED_CONTEXT_EVIDENCE_RESPONSE,MEDIUM,0.7,0.70,1.0,False,88,86,0.9772727272727273,86,86,0.7808614702247524,0.6608922692431857,0.6041333054224407,0.780622428739152,0.7907335861009557,0.6760172563100874
AUTHORIZED_CONTEXT_EVIDENCE_RESPONSE,MEDIUM,0.7,0.70,1.1,True,88,87,0.9886363636363636,87,87,0.7898467845201966,0.6754874899264359,0.5922566695438811,0.7893755314754597,0.7947493321264677,0.682775044202178
AUTHORIZED_CONTEXT_EVIDENCE_RESPONSE,MEDIUM,0.7,0.70,1.2,False,88,87,0.9886363636363636,87,87,0.7926122064685495,0.6800970914266874,0.5872587863101123,0.792103515017958,0.7974689778134646,0.6873997608953616
AUTHORIZED_CONTEXT_EVIDENCE_RESPONSE,MEDIUM,0.7,0.70,1.3,True,88,87,0.9886363636363636,87,87,0.7969803637932938,0.6866116959848132,0.5785673698694649,0.7966479807117317,0.8019822997237112,0.6941675808676564
AUTHORIZED_CONTEXT_EVIDENCE_RESPONSE,MEDIUM,0.7,0.70,1.4,False,88,87,0.9886363636363636,87,87,0.8009952671604945,0.6922263619956855,0.5708452948742001,0.8008268171798053,0.8060258599545037,0.7000126006588467
AUTHORIZED_CONTEXT_EVIDENCE_RESPONSE,MEDIUM,0.7,0.70,1.5,True,88,86,0.9772727272727273,86,86,0.7994930443520154,0.6891952919996746,0.5694149446265864,0.7992342055708638,0.8092670509326965,0.7049582312003491
AUTHORIZED_CONTEXT_EVIDENCE_RESPONSE,MEDIUM,0.7,0.70,1.6,False,88,86,0.9772727272727273,86,86,0.8042228930217497,0.6963321661775352,0.5601982165254138,0.8040418106147965,0.8141903020563802,0.7123406438582701
AUTHORIZED_CONTEXT_EVIDENCE_RESPONSE,MEDIUM,0.7,0.70,1.7,False,88,87,0.9886363636363636,87,87,0.813202870169441,0.7102509525769892,0.5472994458143752,0.8130699196855296,0.8181161763502351,0.7182802779792049
AUTHORIZED_CONTEXT_EVIDENCE_RESPONSE,MEDIUM,0.7,0.70,1.8,False,88,88,1.0,88,88,0.818016198663658,0.7176612004862675,0.5424250992877067,0.818016198663658,0.818016198663658,0.7176612004862675
AUTHORIZED_CONTEXT_EVIDENCE_RESPONSE,MEDIUM,0.7,0.70,1.9,False,88,88,1.0,88,88,0.8211564525085197,0.7223191793637107,0.5363853283155884,0.8211564525085197,0.8211564525085197,0.7223191793637107
AUTHORIZED_CONTEXT_EVIDENCE_RESPONSE,MEDIUM,0.8,0.80,0.5,True,88,74,0.8409090909090909,75,74,0.7695093393371985,0.643152903480297,0.5709180750197657,0.7642804167517409,0.8435706457222654,0.7586123016046737
AUTHORIZED_CONTEXT_EVIDENCE_RESPONSE,MEDIUM,0.8,0.80,0.6,False,88,81,0.9204545454545454,81,81,0.8114996195403201,0.7077226605225697,0.521659336827779,0.8085677034289418,0.8480614529895487,0.7656985865208006
AUTHORIZED_CONTEXT_EVIDENCE_RESPONSE,MEDIUM,0.8,0.80,0.7,True,88,79,0.8977272727272727,79,79,0.8064312746915641,0.6996867894652884,0.5193276776114334,0.802894102379291,0.8549921022650522,0.7761105397248661
AUTHORIZED_CONTEXT_EVIDENCE_RESPONSE,MEDIUM,0.8,0.80,0.8,False,88,81,0.9204545454545454,81,81,0.8213381527758521,0.7217495293643856,0.49936064325218443,0.8191205804968504,0.8587578305759164,0.7817137311544913
AUTHORIZED_CONTEXT_EVIDENCE_RESPONSE,MEDIUM,0.8,0.80,0.9,True,88,85,0.9659090909090909,85,85,0.8455579690104138,0.759763626735424,0.46810757296055827,0.8449789279162694,0.8618092255706578,0.7859793357227366
AUTHORIZED_CONTEXT_EVIDENCE_RESPONSE,MEDIUM,0.8,0.80,1.0,False,88,86,0.9772727272727273,86,86,0.8543946439659813,0.7747421443241694,0.4531229906458451,0.8541556024803811,0.8659768336501202,0.7925148029045825
AUTHORIZED_CONTEXT_EVIDENCE_RESPONSE,MEDIUM,0.8,0.80,1.1,True,88,87,0.9886363636363636,87,87,0.8630297546020103,0.7886017183909483,0.4403548723321935,0.8625585015572732,0.86877348577244,0.7971894362122595
AUTHORIZED_CONTEXT_EVIDENCE_RESPONSE,MEDIUM,0.8,0.80,1.2,False,88,87,0.9886363636363636,87,87,0.8649784376869802,0.7918007686593747,0.4359563248335229,0.864469746236389,0.8706670047930269,0.8003873884410684
AUTHORIZED_CONTEXT_EVIDENCE_RESPONSE,MEDIUM,0.8,0.80,1.3,True,88,87,0.9886363636363636,87,87,0.8679564758337356,0.7962402922963256,0.42848440979580177,0.8676240927521733,0.8737742291439283,0.8050562759873471
AUTHORIZED_CONTEXT_EVIDENCE_RESPONSE,MEDIUM,0.8,0.80,1.4,False,88,87,0.9886363636363636,87,87,0.8707480550729675,0.8001042485233018,0.4217723977703837,0.8705796050922783,0.8765804040498788,0.809130462893677
AUTHORIZED_CONTEXT_EVIDENCE_RESPONSE,MEDIUM,0.8,0.80,1.5,True,88,86,0.9772727272727273,86,86,0.8674672728606706,0.794349971417949,0.4228656120578147,0.8672084340795191,0.8788220754531807,0.8125583682795134
AUTHORIZED_CONTEXT_EVIDENCE_RESPONSE,MEDIUM,0.8,0.80,1.6,False,88,86,0.9772727272727273,86,86,0.8707221194063192,0.799286768615724,0.4148714373166822,0.8705410369993665,0.8822360220778004,0.8176895393764169
AUTHORIZED_CONTEXT_EVIDENCE_RESPONSE,MEDIUM,0.8,0.80,1.7,False,88,87,0.9886363636363636,87,87,0.8792410052264156,0.8125376272733388,0.40149447764394514,0.879108054742504,0.884913370430853,0.8217426615801101
AUTHORIZED_CONTEXT_EVIDENCE_RESPONSE,MEDIUM,0.8,0.80,1.8,False,88,88,1.0,88,88,0.884852205899546,0.8213508025896044,0.3949327698159589,0.884852205899546,0.884852205899546,0.8213508025896044
AUTHORIZED_CONTEXT_EVIDENCE_RESPONSE,MEDIUM,0.8,0.80,1.9,False,88,88,1.0,88,88,0.8870262680920274,0.824588442597728,0.38969820933284766,0.8870262680920274,0.8870262680920274,0.824588442597728
AUTHORIZED_CONTEXT_EVIDENCE_RESPONSE,MEDIUM,0.9,0.90,0.5,True,88,74,0.8409090909090909,75,74,0.8369509420321251,0.7472320605795186,0.4034034955422739,0.8317220194466675,0.9237714705486645,0.8823821100469913
AUTHORIZED_CONTEXT_EVIDENCE_RESPONSE,MEDIUM,0.9,0.90,0.6,False,88,81,0.9204545454545454,81,81,0.8833540496059455,0.8185387809157294,0.3411440571635319,0.8804221334945672,0.9261255251596109,0.886091408676332
AUTHORIZED_CONTEXT_EVIDENCE_RESPONSE,MEDIUM,0.9,0.90,0.7,True,88,79,0.8977272727272727,79,79,0.8735847955339591,0.8033784403103277,0.3473386457811736,0.8700476232216862,0.9297960242160744,0.8916151634509858
AUTHORIZED_CONTEXT_EVIDENCE_RESPONSE,MEDIUM,0.9,0.90,0.8,False,88,81,0.9204545454545454,81,81,0.8885430472036973,0.8256180333193263,0.3253938664886245,0.8863254749246956,0.9317705553864151,0.8945585255746737
AUTHORIZED_CONTEXT_EVIDENCE_RESPONSE,MEDIUM,0.9,0.90,0.9,True,88,85,0.9659090909090909,85,85,0.9146440410718768,0.8667650538171575,0.2880027405161068,0.9140649999777324,0.933333629587231,0.896757283760296
AUTHORIZED_CONTEXT_EVIDENCE_RESPONSE,MEDIUM,0.9,0.90,1.0,False,88,86,0.9772727272727273,86,86,0.9223414599392261,0.8799357885454208,0.27385130535846886,0.9221024184536258,0.9355038081343707,0.9001548109449327
AUTHORIZED_CONTEXT_EVIDENCE_RESPONSE,MEDIUM,0.9,0.90,1.1,True,88,87,0.9886363636363636,87,87,0.9304293267142025,0.8927706699024793,0.2610675792610042,0.9299580736694657,0.9369477656100599,0.9025557319940384
AUTHORIZED_CONTEXT_EVIDENCE_RESPONSE,MEDIUM,0.9,0.90,1.2,False,88,87,0.9886363636363636,87,87,0.931472824522918,0.8944320914361892,0.25807786210424477,0.9309641330723267,0.9379256949259295,0.904198381594628
AUTHORIZED_CONTEXT_EVIDENCE_RESPONSE,MEDIUM,0.9,0.90,1.3,True,88,87,0.9886363636363636,87,87,0.932949738618698,0.8966197879417631,0.2531098909424413,0.9326173555371359,0.9395145409264191,0.9065895589390541
AUTHORIZED_CONTEXT_EVIDENCE_RESPONSE,MEDIUM,0.9,0.90,1.4,False,88,87,0.9886363636363636,87,87,0.9343956008832947,0.8985370772471852,0.24859395601108988,0.9342271509026054,0.9409595308465313,0.9086947034419729
AUTHORIZED_CONTEXT_EVIDENCE_RESPONSE,MEDIUM,0.9,0.90,1.5,True,88,86,0.9772727272727273,86,86,0.9293166767661646,0.8900234502596345,0.2534212957584525,0.9290578379850131,0.9421098375890349,0.9104568117454246
AUTHORIZED_CONTEXT_EVIDENCE_RESPONSE,MEDIUM,0.9,0.90,1.6,False,88,86,0.9772727272727273,86,86,0.9309530970379651,0.8925324982410924,0.24806174285927537,0.9307720146310122,0.9438677201194845,0.9131037743419098
AUTHORIZED_CONTEXT_EVIDENCE_RESPONSE,MEDIUM,0.9,0.90,1.7,False,88,87,0.9886363636363636,87,87,0.9388661877508011,0.904891082948519,0.235044637474957,0.9387332372668894,0.9452238998808061,0.9151576512285685
AUTHORIZED_CONTEXT_EVIDENCE_RESPONSE,MEDIUM,0.9,0.90,1.8,False,88,88,1.0,88,88,0.9451963341504895,0.9149719680385925,0.22653523715103835,0.9451963341504895,0.9451963341504895,0.9149719680385925
AUTHORIZED_CONTEXT_EVIDENCE_RESPONSE,MEDIUM,0.9,0.90,1.9,False,88,88,1.0,88,88,0.9463137602940948,0.9166412392723757,0.22302618821601003,0.9463137602940948,0.9463137602940948,0.9166412392723757
AUTHORIZED_CONTEXT_EVIDENCE_RESPONSE,MEDIUM,0.95,0.95,0.5,True,88,74,0.8409090909090909,75,74,0.8694012524522492,0.7973039375155114,0.2998122480542675,0.8641723298667913,0.9623610288861094,0.9419270447816857
AUTHORIZED_CONTEXT_EVIDENCE_RESPONSE,MEDIUM,0.95,0.95,0.6,False,88,81,0.9204545454545454,81,81,0.9178123178225067,0.8716732383399752,0.2301822180087691,0.9148804017111285,0.9635616684072332,0.9438177327915622
AUTHORIZED_CONTEXT_EVIDENCE_RESPONSE,MEDIUM,0.95,0.95,0.7,True,88,79,0.8977272727272727,79,79,0.905586263211524,0.85278592763974,0.2427096250293326,0.902049090899251,0.9654432287176659,0.946651351868559
AUTHORIZED_CONTEXT_EVIDENCE_RESPONSE,MEDIUM,0.95,0.95,0.8,False,88,81,0.9204545454545454,81,81,0.9204642590540818,0.8749500993882943,0.22015025989648473,0.9182466867750801,0.9664503904831291,0.9481538566125648
AUTHORIZED_CONTEXT_EVIDENCE_RESPONSE,MEDIUM,0.95,0.95,0.9,True,88,85,0.9659090909090909,85,85,0.9473935486933462,0.9174837976753785,0.1794448796632439,0.9468145075992019,0.967239002183576,0.9492661009311599
AUTHORIZED_CONTEXT_EVIDENCE_RESPONSE,MEDIUM,0.95,0.95,1.0,False,88,86,0.9772727272727273,86,86,0.9544339029998049,0.9296181679840924,0.16645865151723735,0.9541948615142046,0.968342587080079,0.9509925945565965
AUTHORIZED_CONTEXT_EVIDENCE_RESPONSE,MEDIUM,0.95,0.95,1.1,True,88,87,0.9886363636363636,87,87,0.9621902671968757,0.9418564060645015,0.1541004419437307,0.9617190141521387,0.9690737743741429,0.9522056720199916
AUTHORIZED_CONTEXT_EVIDENCE_RESPONSE,MEDIUM,0.95,0.95,1.2,False,88,87,0.9886363636363636,87,87,0.9627566798432233,0.9427145400280089,0.15224689466030164,0.9622479883926318,0.9695691347901461,0.9530358008599166
AUTHORIZED_CONTEXT_EVIDENCE_RESPONSE,MEDIUM,0.95,0.95,1.3,True,88,87,0.9886363636363636,87,87,0.9634548239641088,0.9437310006988565,0.1492098949470752,0.9631224408825466,0.9703702594367194,0.9542422798887573
AUTHORIZED_CONTEXT_EVIDENCE_RESPONSE,MEDIUM,0.95,0.95,1.4,False,88,87,0.9886363636363636,87,87,0.9641947331116705,0.9446213467944017,0.1464230641500761,0.9640262831309812,0.971101181836153,0.9553086772368587
AUTHORIZED_CONTEXT_EVIDENCE_RESPONSE,MEDIUM,0.95,0.95,1.5,True,88,86,0.9772727272727273,86,86,0.9582167695744175,0.9347261670194267,0.1537897378943676,0.9579579307932659,0.9716820255788753,0.9561991265693978
AUTHORIZED_CONTEXT_EVIDENCE_RESPONSE,MEDIUM,0.95,0.95,1.6,False,88,86,0.9772727272727273,86,86,0.9590044236697534,0.9359581924753939,0.15050277520830943,0.9588233412628007,0.9725714031845704,0.9575393684421255
AUTHORIZED_CONTEXT_EVIDENCE_RESPONSE,MEDIUM,0.95,0.95,1.7,False,88,87,0.9886363636363636,87,87,0.9665758116708396,0.9478103958396659,0.13806616225336524,0.966442861186928,0.9732520252252128,0.9585702895552458
AUTHORIZED_CONTEXT_EVIDENCE_RESPONSE,MEDIUM,0.95,0.95,1.8,False,88,88,1.0,88,88,0.9732390226558064,0.9584799517730651,0.12841596172487998,0.9732390226558064,0.9732390226558064,0.9584799517730651
AUTHORIZED_CONTEXT_EVIDENCE_RESPONSE,MEDIUM,0.95,0.95,1.9,False,88,88,1.0,88,88,0.9738038214528134,0.9593247928618073,0.12625964097158812,0.9738038214528134,0.9738038214528134,0.9593247928618073
AUTHORIZED_CONTEXT_EVIDENCE_RESPONSE,MEDIUM,0.98,0.98,0.5,True,88,74,0.8409090909090909,75,74,0.8884855884530588,0.8267495663624019,0.2246907120889633,0.8832566658676012,0.9850559149411263,0.9769434682752852
AUTHORIZED_CONTEXT_EVIDENCE_RESPONSE,MEDIUM,0.98,0.98,0.6,False,88,81,0.9204545454545454,81,81,0.9380436881103574,0.9028674675949996,0.1499878791606587,0.935111771998979,0.9855414287199596,0.9777077596365269
AUTHORIZED_CONTEXT_EVIDENCE_RESPONSE,MEDIUM,0.98,0.98,0.7,True,88,79,0.8977272727272727,79,79,0.9243140731512264,0.8816982898954577,0.16754872846161648,0.9207769008389536,0.9863045866251827,0.9788575275458143
AUTHORIZED_CONTEXT_EVIDENCE_RESPONSE,MEDIUM,0.98,0.98,0.8,False,88,81,0.9204545454545454,81,81,0.9391140374503615,0.9037709467235459,0.14479107310330114,0.9368964651713597,0.9867118781235316,0.9794653944582703
AUTHORIZED_CONTEXT_EVIDENCE_RESPONSE,MEDIUM,0.98,0.98,0.9,True,88,85,0.9659090909090909,85,85,0.9665086637464284,0.9470858929610171,0.10187071062503694,0.9659296226522843,0.987028768356179,0.9799129760504095
AUTHORIZED_CONTEXT_EVIDENCE_RESPONSE,MEDIUM,0.98,0.98,1.0,False,88,86,0.9772727272727273,86,86,0.973130794351917,0.9585621513077011,0.08999146016108034,0.9728917528663167,0.9874742898589844,0.9806096937714519
AUTHORIZED_CONTEXT_EVIDENCE_RESPONSE,MEDIUM,0.98,0.98,1.1,True,88,87,0.9886363636363636,87,87,0.9806727779852835,0.9704200013898784,0.07811397279928954,0.9802015249405467,0.9877687278152916,0.9810975845330169
AUTHORIZED_CONTEXT_EVIDENCE_RESPONSE,MEDIUM,0.98,0.98,1.2,False,88,87,0.9886363636363636,87,87,0.9809467151438871,0.9707875740666161,0.07718944847968078,0.9804380236932958,0.987968250956335,0.9814315134506915
AUTHORIZED_CONTEXT_EVIDENCE_RESPONSE,MEDIUM,0.98,0.98,1.3,True,88,87,0.9886363636363636,87,87,0.9811710075110603,0.9710905987041383,0.0757013782641127,0.9808386244294982,0.9882900772773143,0.9819163560320312
AUTHORIZED_CONTEXT_EVIDENCE_RESPONSE,MEDIUM,0.98,0.98,1.4,False,88,87,0.9886363636363636,87,87,0.981479121090731,0.9713513063988796,0.07431400361603718,0.9813106711100418,0.9885842409414095,0.9823458777563304
AUTHORIZED_CONTEXT_EVIDENCE_RESPONSE,MEDIUM,0.98,0.98,1.5,True,88,86,0.9772727272727273,86,86,0.9749630537355966,0.9606286754319956,0.08361085488571346,0.9747042149544449,0.9888177582089188,0.9827040188985382
AUTHORIZED_CONTEXT_EVIDENCE_RESPONSE,MEDIUM,0.98,0.98,1.6,False,88,86,0.9772727272727273,86,86,0.9752314083122452,0.9610783736344591,0.08200233516672974,0.9750503259052924,0.989175759562934,0.9832437398607038
AUTHORIZED_CONTEXT_EVIDENCE_RESPONSE,MEDIUM,0.98,0.98,1.7,False,88,87,0.9886363636363636,87,87,0.9825881541264743,0.9726117906544942,0.07012244637231624,0.9824552036425626,0.9894484175941306,0.9836567578736929
AUTHORIZED_CONTEXT_EVIDENCE_RESPONSE,MEDIUM,0.98,0.98,1.8,False,88,88,1.0,88,88,0.9894434054625162,0.9836212148060497,0.05967093777051416,0.9894434054625162,0.9894434054625162,0.9836212148060497
AUTHORIZED_CONTEXT_EVIDENCE_RESPONSE,MEDIUM,0.98,0.98,1.9,False,88,88,1.0,88,88,0.9896706175199527,0.9839613329482056,0.058607878705459665,0.9896706175199527,0.9896706175199527,0.9839613329482056
AUTHORIZED_CONTEXT_EVIDENCE_RESPONSE,MEDIUM,0.99,0.99,0.5,True,88,74,0.8409090909090909,75,74,0.8947843494130432,0.8364677155054452,0.19499505257165534,0.8895554268275856,0.9925463333800268,0.9885001861751203
AUTHORIZED_CONTEXT_EVIDENCE_RESPONSE,MEDIUM,0.99,0.99,0.6,False,88,81,0.9204545454545454,81,81,0.9447156079587803,0.9131543370362949,0.11834970409853542,0.941783691847402,0.9927899342342956,0.9888836177949711
AUTHORIZED_CONTEXT_EVIDENCE_RESPONSE,MEDIUM,0.99,0.99,0.7,True,88,79,0.8977272727272727,79,79,0.9304802349696235,0.8912174512549698,0.13800276554806992,0.9269430626573503,0.9931732225747891,0.9894611503260303
AUTHORIZED_CONTEXT_EVIDENCE_RESPONSE,MEDIUM,0.99,0.99,0.8,False,88,81,0.9204545454545454,81,81,0.9452495117054466,0.913252356910758,0.11522374628338622,0.943031939426445,0.9933775785488093,0.9897661857727725
AUTHORIZED_CONTEXT_EVIDENCE_RESPONSE,MEDIUM,0.99,0.99,0.9,True,88,85,0.9659090909090909,85,85,0.9727942945574959,0.9568197610592072,0.07147048111727186,0.9722152534633515,0.9935362449605778,0.9899903924344182
AUTHORIZED_CONTEXT_EVIDENCE_RESPONSE,MEDIUM,0.99,0.99,1.0,False,88,86,0.9772727272727273,86,86,0.9792733145472028,0.9680710496876604,0.06008907314046683,0.9790342730616023,0.9937596593611374,0.9903397293230384
AUTHORIZED_CONTEXT_EVIDENCE_RESPONSE,MEDIUM,0.99,0.99,1.1,True,88,87,0.9886363636363636,87,87,0.9867414811671842,0.9797987049052449,0.04844099422025263,0.9862702281224472,0.9939071862061792,0.9905840892382155
AUTHORIZED_CONTEXT_EVIDENCE_RESPONSE,MEDIUM,0.99,0.99,1.2,False,88,87,0.9886363636363636,87,87,0.9869170056017335,0.9800015016514055,0.04790780636695873,0.9864083141511422,0.9940071654424327,0.9907513482490995
AUTHORIZED_CONTEXT_EVIDENCE_RESPONSE,MEDIUM,0.99,0.99,1.3,True,88,87,0.9886363636363636,87,87,0.9869824224147908,0.9800652029084631,0.04706582390296339,0.9866500393332287,0.9941682900535012,0.9909941166065207
AUTHORIZED_CONTEXT_EVIDENCE_RESPONSE,MEDIUM,0.99,0.99,1.4,False,88,87,0.9886363636363636,87,87,0.9871454037339653,0.9801140510403683,0.04626474202998851,0.9869769537532761,0.9943156532701986,0.9912093436005948
AUTHORIZED_CONTEXT_EVIDENCE_RESPONSE,MEDIUM,0.99,0.99,1.5,True,88,86,0.9772727272727273,86,86,0.9804502797146917,0.9691159952723574,0.0563446727289318,0.98019144093354,0.9944325940945048,0.991388718270071
AUTHORIZED_CONTEXT_EVIDENCE_RESPONSE,MEDIUM,0.99,0.99,1.6,False,88,86,0.9772727272727273,86,86,0.9805440490020871,0.96930252620405,0.05543975835273533,0.9803629665951342,0.9946119500362608,0.9916591517923784
AUTHORIZED_CONTEXT_EVIDENCE_RESPONSE,MEDIUM,0.99,0.99,1.7,False,88,87,0.9886363636363636,87,87,0.9878278422969573,0.9807274944570998,0.043810457059814165,0.9876948918130456,0.9947483320654239,0.9918657456280525
AUTHORIZED_CONTEXT_EVIDENCE_RESPONSE,MEDIUM,0.99,0.99,1.8,False,88,88,1.0,88,88,0.9947458575589249,0.9918480719826881,0.03304806976028403,0.9947458575589249,0.9947458575589249,0.9918480719826881
AUTHORIZED_CONTEXT_EVIDENCE_RESPONSE,MEDIUM,0.99,0.99,1.9,False,88,88,1.0,88,88,0.9948596659433959,0.9920184738505706,0.032442792169725315,0.9948596659433959,0.9948596659433959,0.9920184738505706
AUTHORIZED_CONTEXT_EVIDENCE_RESPONSE,MEDIUM,1.0,1.00,0.5,True,88,74,0.8409090909090909,75,74,0.9010522054343842,0.8461380134945485,0.15748495129663212,0.8958232828489266,1.0,1.0
AUTHORIZED_CONTEXT_EVIDENCE_RESPONSE,MEDIUM,1.0,1.00,0.6,False,88,81,0.9204545454545454,81,81,0.951352145765849,0.9233864615659239,0.07845194989734548,0.9484202296544705,1.0,1.0
AUTHORIZED_CONTEXT_EVIDENCE_RESPONSE,MEDIUM,1.0,1.00,0.7,True,88,79,0.8977272727272727,79,79,0.9366088192490739,0.9006784640304653,0.10085523985992607,0.9330716469368009,1.0,1.0
AUTHORIZED_CONTEXT_EVIDENCE_RESPONSE,MEDIUM,1.0,1.00,0.8,False,88,81,0.9204545454545454,81,81,0.9513451496321107,0.9226721177335471,0.07810915700683906,0.949127577353109,1.0,1.0
AUTHORIZED_CONTEXT_EVIDENCE_RESPONSE,MEDIUM,1.0,1.00,0.9,True,88,85,0.9659090909090909,85,85,0.9790376943114829,0.9664881320032351,0.0333483946455346,0.9784586532173388,1.0,1.0
AUTHORIZED_CONTEXT_EVIDENCE_RESPONSE,MEDIUM,1.0,1.00,1.0,False,88,86,0.9772727272727273,86,86,0.9853718292624548,0.9775117687583276,0.022659242966516408,0.9851327877768544,1.0,1.0
AUTHORIZED_CONTEXT_EVIDENCE_RESPONSE,MEDIUM,1.0,1.00,1.1,True,88,87,0.9886363636363636,87,87,0.9927650584406206,0.9891076166811007,0.011342593571929842,0.9922938053958835,1.0,1.0
AUTHORIZED_CONTEXT_EVIDENCE_RESPONSE,MEDIUM,1.0,1.00,1.2,False,88,87,0.9886363636363636,87,87,0.9928417397666014,0.9891450550869549,0.01132923873298753,0.9923330483160101,1.0,1.0
AUTHORIZED_CONTEXT_EVIDENCE_RESPONSE,MEDIUM,1.0,1.00,1.3,True,88,87,0.9886363636363636,87,87,0.9927478629300794,0.9889687467179258,0.011339131661478574,0.9924154798485173,1.0,1.0
AUTHORIZED_CONTEXT_EVIDENCE_RESPONSE,MEDIUM,1.0,1.00,1.4,False,88,87,0.9886363636363636,87,87,0.9927651556145647,0.9888048136170529,0.011313349658809096,0.9925967056338755,1.0,1.0
AUTHORIZED_CONTEXT_EVIDENCE_RESPONSE,MEDIUM,1.0,1.00,1.5,True,88,86,0.9772727272727273,86,86,0.9858911536677893,0.9775315660538788,0.022403629070419404,0.9856323148866379,1.0,1.0
AUTHORIZED_CONTEXT_EVIDENCE_RESPONSE,MEDIUM,1.0,1.00,1.6,False,88,86,0.9772727272727273,86,86,0.9858096432848324,0.9774538096796803,0.022429761092863196,0.9856285608778795,1.0,1.0
AUTHORIZED_CONTEXT_EVIDENCE_RESPONSE,MEDIUM,1.0,1.00,1.7,False,88,87,0.9886363636363636,87,87,0.9930198321868224,0.9887693141202752,0.011149165575510527,0.9928868817029108,1.0,1.0
AUTHORIZED_CONTEXT_EVIDENCE_RESPONSE,MEDIUM,1.0,1.00,1.8,False,88,88,1.0,88,88,1.0,1.0,0.0,1.0,1.0,1.0
AUTHORIZED_CONTEXT_EVIDENCE_RESPONSE,MEDIUM,1.0,1.00,1.9,False,88,88,1.0,88,88,1.0,1.0,0.0,1.0,1.0,1.0
AUTHORIZED_CONTEXT_EVIDENCE_RESPONSE,CONSERVATIVE,0.3333333333333333,0.333333,0.5,True,88,0,0.0,5,0,0.40015467009211714,0.07278907346950515,0.9855882727285755,0.3949257475066595,,
AUTHORIZED_CONTEXT_EVIDENCE_RESPONSE,CONSERVATIVE,0.3333333333333333,0.333333,0.6,False,88,0,0.0,17,0,0.41142839483666244,0.09027689821034278,0.9817653105943169,0.40849647872528405,,
AUTHORIZED_CONTEXT_EVIDENCE_RESPONSE,CONSERVATIVE,0.3333333333333333,0.333333,0.7,True,88,0,0.0,18,0,0.42198418546636335,0.10571560378548707,0.9776398205942158,0.4184470131540904,,
AUTHORIZED_CONTEXT_EVIDENCE_RESPONSE,CONSERVATIVE,0.3333333333333333,0.333333,0.8,False,88,0,0.0,29,0,0.4306700213148565,0.1177366328101299,0.9745943543721829,0.42845244903585483,,
AUTHORIZED_CONTEXT_EVIDENCE_RESPONSE,CONSERVATIVE,0.3333333333333333,0.333333,0.9,True,88,0,0.0,35,0,0.4395401020149498,0.1306827536509592,0.9696385528751938,0.43896106092080556,,
AUTHORIZED_CONTEXT_EVIDENCE_RESPONSE,CONSERVATIVE,0.3333333333333333,0.333333,1.0,False,88,0,0.0,43,0,0.4481752239636129,0.14570398964454742,0.9662086040677511,0.4479361824780126,,
AUTHORIZED_CONTEXT_EVIDENCE_RESPONSE,CONSERVATIVE,0.3333333333333333,0.333333,1.1,True,88,0,0.0,48,0,0.4554317659576485,0.1585201670966449,0.9632342657753338,0.4549605129129116,,
AUTHORIZED_CONTEXT_EVIDENCE_RESPONSE,CONSERVATIVE,0.3333333333333333,0.333333,1.2,False,88,0,0.0,55,0,0.45967526701705136,0.16605153539424225,0.9613361326565252,0.45916657556646007,,
AUTHORIZED_CONTEXT_EVIDENCE_RESPONSE,CONSERVATIVE,0.3333333333333333,0.333333,1.3,True,88,0,0.0,55,0,0.4669236940003499,0.1766867693426532,0.9571541564788721,0.4665913109187878,,
AUTHORIZED_CONTEXT_EVIDENCE_RESPONSE,CONSERVATIVE,0.3333333333333333,0.333333,1.4,False,88,0,0.0,61,0,0.4732361385160894,0.18528370898734145,0.9536273487215716,0.4730676885354001,,
AUTHORIZED_CONTEXT_EVIDENCE_RESPONSE,CONSERVATIVE,0.3333333333333333,0.333333,1.5,True,88,0,0.0,64,0,0.4773804410993973,0.19081753413310268,0.9511680565817401,0.47712160231824574,,
AUTHORIZED_CONTEXT_EVIDENCE_RESPONSE,CONSERVATIVE,0.3333333333333333,0.333333,1.6,False,88,0,0.0,65,0,0.4849866656348547,0.20204200954246018,0.946916525593367,0.48480558322790174,,
AUTHORIZED_CONTEXT_EVIDENCE_RESPONSE,CONSERVATIVE,0.3333333333333333,0.333333,1.7,False,88,0,0.0,69,0,0.4929622843221848,0.21423702230574093,0.9421366078574671,0.49282933383827315,,
AUTHORIZED_CONTEXT_EVIDENCE_RESPONSE,CONSERVATIVE,0.3333333333333333,0.333333,1.8,False,88,0,0.0,73,0,0.4939553678405623,0.21496074948115212,0.9415195214441617,0.4939553678405623,,
AUTHORIZED_CONTEXT_EVIDENCE_RESPONSE,CONSERVATIVE,0.3333333333333333,0.333333,1.9,False,88,0,0.0,77,0,0.49899023492847955,0.2221738353668039,0.9387351242083742,0.49899023492847955,,
AUTHORIZED_CONTEXT_EVIDENCE_RESPONSE,CONSERVATIVE,0.5,0.50,0.5,True,88,0,0.0,5,0,0.40015467009211714,0.07278907346950515,0.9855882727285755,0.3949257475066595,,
AUTHORIZED_CONTEXT_EVIDENCE_RESPONSE,CONSERVATIVE,0.5,0.50,0.6,False,88,0,0.0,17,0,0.41142839483666244,0.09027689821034278,0.9817653105943169,0.40849647872528405,,
AUTHORIZED_CONTEXT_EVIDENCE_RESPONSE,CONSERVATIVE,0.5,0.50,0.7,True,88,0,0.0,18,0,0.42198418546636335,0.10571560378548707,0.9776398205942158,0.4184470131540904,,
AUTHORIZED_CONTEXT_EVIDENCE_RESPONSE,CONSERVATIVE,0.5,0.50,0.8,False,88,0,0.0,29,0,0.4306700213148565,0.1177366328101299,0.9745943543721829,0.42845244903585483,,
AUTHORIZED_CONTEXT_EVIDENCE_RESPONSE,CONSERVATIVE,0.5,0.50,0.9,True,88,0,0.0,35,0,0.4395401020149498,0.1306827536509592,0.9696385528751938,0.43896106092080556,,
AUTHORIZED_CONTEXT_EVIDENCE_RESPONSE,CONSERVATIVE,0.5,0.50,1.0,False,88,0,0.0,43,0,0.4481752239636129,0.14570398964454742,0.9662086040677511,0.4479361824780126,,
AUTHORIZED_CONTEXT_EVIDENCE_RESPONSE,CONSERVATIVE,0.5,0.50,1.1,True,88,0,0.0,48,0,0.4554317659576485,0.1585201670966449,0.9632342657753338,0.4549605129129116,,
AUTHORIZED_CONTEXT_EVIDENCE_RESPONSE,CONSERVATIVE,0.5,0.50,1.2,False,88,0,0.0,55,0,0.45967526701705136,0.16605153539424225,0.9613361326565252,0.45916657556646007,,
AUTHORIZED_CONTEXT_EVIDENCE_RESPONSE,CONSERVATIVE,0.5,0.50,1.3,True,88,0,0.0,55,0,0.4669236940003499,0.1766867693426532,0.9571541564788721,0.4665913109187878,,
AUTHORIZED_CONTEXT_EVIDENCE_RESPONSE,CONSERVATIVE,0.5,0.50,1.4,False,88,0,0.0,61,0,0.4732361385160894,0.18528370898734145,0.9536273487215716,0.4730676885354001,,
AUTHORIZED_CONTEXT_EVIDENCE_RESPONSE,CONSERVATIVE,0.5,0.50,1.5,True,88,0,0.0,64,0,0.4773804410993973,0.19081753413310268,0.9511680565817401,0.47712160231824574,,
AUTHORIZED_CONTEXT_EVIDENCE_RESPONSE,CONSERVATIVE,0.5,0.50,1.6,False,88,0,0.0,65,0,0.4849866656348547,0.20204200954246018,0.946916525593367,0.48480558322790174,,
AUTHORIZED_CONTEXT_EVIDENCE_RESPONSE,CONSERVATIVE,0.5,0.50,1.7,False,88,0,0.0,69,0,0.4929622843221848,0.21423702230574093,0.9421366078574671,0.49282933383827315,,
AUTHORIZED_CONTEXT_EVIDENCE_RESPONSE,CONSERVATIVE,0.5,0.50,1.8,False,88,0,0.0,73,0,0.4939553678405623,0.21496074948115212,0.9415195214441617,0.4939553678405623,,
AUTHORIZED_CONTEXT_EVIDENCE_RESPONSE,CONSERVATIVE,0.5,0.50,1.9,False,88,0,0.0,77,0,0.49899023492847955,0.2221738353668039,0.9387351242083742,0.49899023492847955,,
AUTHORIZED_CONTEXT_EVIDENCE_RESPONSE,CONSERVATIVE,0.6,0.60,0.5,True,88,0,0.0,5,0,0.40015467009211714,0.07278907346950515,0.9855882727285755,0.3949257475066595,,
AUTHORIZED_CONTEXT_EVIDENCE_RESPONSE,CONSERVATIVE,0.6,0.60,0.6,False,88,0,0.0,17,0,0.41142839483666244,0.09027689821034278,0.9817653105943169,0.40849647872528405,,
AUTHORIZED_CONTEXT_EVIDENCE_RESPONSE,CONSERVATIVE,0.6,0.60,0.7,True,88,0,0.0,18,0,0.42198418546636335,0.10571560378548707,0.9776398205942158,0.4184470131540904,,
AUTHORIZED_CONTEXT_EVIDENCE_RESPONSE,CONSERVATIVE,0.6,0.60,0.8,False,88,0,0.0,29,0,0.4306700213148565,0.1177366328101299,0.9745943543721829,0.42845244903585483,,
AUTHORIZED_CONTEXT_EVIDENCE_RESPONSE,CONSERVATIVE,0.6,0.60,0.9,True,88,0,0.0,35,0,0.4395401020149498,0.1306827536509592,0.9696385528751938,0.43896106092080556,,
AUTHORIZED_CONTEXT_EVIDENCE_RESPONSE,CONSERVATIVE,0.6,0.60,1.0,False,88,0,0.0,43,0,0.4481752239636129,0.14570398964454742,0.9662086040677511,0.4479361824780126,,
AUTHORIZED_CONTEXT_EVIDENCE_RESPONSE,CONSERVATIVE,0.6,0.60,1.1,True,88,0,0.0,48,0,0.4554317659576485,0.1585201670966449,0.9632342657753338,0.4549605129129116,,
AUTHORIZED_CONTEXT_EVIDENCE_RESPONSE,CONSERVATIVE,0.6,0.60,1.2,False,88,0,0.0,55,0,0.45967526701705136,0.16605153539424225,0.9613361326565252,0.45916657556646007,,
AUTHORIZED_CONTEXT_EVIDENCE_RESPONSE,CONSERVATIVE,0.6,0.60,1.3,True,88,0,0.0,55,0,0.4669236940003499,0.1766867693426532,0.9571541564788721,0.4665913109187878,,
AUTHORIZED_CONTEXT_EVIDENCE_RESPONSE,CONSERVATIVE,0.6,0.60,1.4,False,88,0,0.0,61,0,0.4732361385160894,0.18528370898734145,0.9536273487215716,0.4730676885354001,,
AUTHORIZED_CONTEXT_EVIDENCE_RESPONSE,CONSERVATIVE,0.6,0.60,1.5,True,88,0,0.0,64,0,0.4773804410993973,0.19081753413310268,0.9511680565817401,0.47712160231824574,,
AUTHORIZED_CONTEXT_EVIDENCE_RESPONSE,CONSERVATIVE,0.6,0.60,1.6,False,88,0,0.0,65,0,0.4849866656348547,0.20204200954246018,0.946916525593367,0.48480558322790174,,
AUTHORIZED_CONTEXT_EVIDENCE_RESPONSE,CONSERVATIVE,0.6,0.60,1.7,False,88,0,0.0,69,0,0.4929622843221848,0.21423702230574093,0.9421366078574671,0.49282933383827315,,
AUTHORIZED_CONTEXT_EVIDENCE_RESPONSE,CONSERVATIVE,0.6,0.60,1.8,False,88,0,0.0,73,0,0.4939553678405623,0.21496074948115212,0.9415195214441617,0.4939553678405623,,
AUTHORIZED_CONTEXT_EVIDENCE_RESPONSE,CONSERVATIVE,0.6,0.60,1.9,False,88,0,0.0,77,0,0.49899023492847955,0.2221738353668039,0.9387351242083742,0.49899023492847955,,
AUTHORIZED_CONTEXT_EVIDENCE_RESPONSE,CONSERVATIVE,0.7,0.70,0.5,True,88,74,0.8409090909090909,74,74,0.6984170701750203,0.5334183633369889,0.7057555727772911,0.6931881475895626,0.759028487799675,0.6281171727856045
AUTHORIZED_CONTEXT_EVIDENCE_RESPONSE,CONSERVATIVE,0.7,0.70,0.6,False,88,81,0.9204545454545454,81,81,0.7353884327745583,0.5903161266715583,0.668254544905859,0.73245651666318,0.7653727562563758,0.6381458090036524
AUTHORIZED_CONTEXT_EVIDENCE_RESPONSE,CONSERVATIVE,0.7,0.70,0.7,True,88,79,0.8977272727272727,79,79,0.7346758767031377,0.5888703438179598,0.661040698670455,0.7311387043908646,0.7750620386830077,0.6526694357126521
AUTHORIZED_CONTEXT_EVIDENCE_RESPONSE,CONSERVATIVE,0.7,0.70,0.8,False,88,81,0.9204545454545454,81,81,0.7491945547783103,0.610236069868407,0.6438412594457336,0.7469769824993087,0.7803796006526611,0.6605633060230576
AUTHORIZED_CONTEXT_EVIDENCE_RESPONSE,CONSERVATIVE,0.7,0.70,0.9,True,88,85,0.9659090909090909,85,85,0.7711742553203979,0.6445440777068075,0.6185116807727424,0.7705952142262535,0.7848002043386413,0.666693214375463
AUTHORIZED_CONTEXT_EVIDENCE_RESPONSE,CONSERVATIVE,0.7,0.70,1.0,False,88,86,0.9772727272727273,86,86,0.7808614702247524,0.6608922692431857,0.6041333054224407,0.780622428739152,0.7907335861009557,0.6760172563100874
AUTHORIZED_CONTEXT_EVIDENCE_RESPONSE,CONSERVATIVE,0.7,0.70,1.1,True,88,87,0.9886363636363636,87,87,0.7898467845201966,0.6754874899264359,0.5922566695438811,0.7893755314754597,0.7947493321264677,0.682775044202178
AUTHORIZED_CONTEXT_EVIDENCE_RESPONSE,CONSERVATIVE,0.7,0.70,1.2,False,88,87,0.9886363636363636,87,87,0.7926122064685495,0.6800970914266874,0.5872587863101123,0.792103515017958,0.7974689778134646,0.6873997608953616
AUTHORIZED_CONTEXT_EVIDENCE_RESPONSE,CONSERVATIVE,0.7,0.70,1.3,True,88,87,0.9886363636363636,87,87,0.7969803637932938,0.6866116959848132,0.5785673698694649,0.7966479807117317,0.8019822997237112,0.6941675808676564
AUTHORIZED_CONTEXT_EVIDENCE_RESPONSE,CONSERVATIVE,0.7,0.70,1.4,False,88,87,0.9886363636363636,87,87,0.8009952671604945,0.6922263619956855,0.5708452948742001,0.8008268171798053,0.8060258599545037,0.7000126006588467
AUTHORIZED_CONTEXT_EVIDENCE_RESPONSE,CONSERVATIVE,0.7,0.70,1.5,True,88,86,0.9772727272727273,86,86,0.7994930443520154,0.6891952919996746,0.5694149446265864,0.7992342055708638,0.8092670509326965,0.7049582312003491
AUTHORIZED_CONTEXT_EVIDENCE_RESPONSE,CONSERVATIVE,0.7,0.70,1.6,False,88,86,0.9772727272727273,86,86,0.8042228930217497,0.6963321661775352,0.5601982165254138,0.8040418106147965,0.8141903020563802,0.7123406438582701
AUTHORIZED_CONTEXT_EVIDENCE_RESPONSE,CONSERVATIVE,0.7,0.70,1.7,False,88,87,0.9886363636363636,87,87,0.813202870169441,0.7102509525769892,0.5472994458143752,0.8130699196855296,0.8181161763502351,0.7182802779792049
AUTHORIZED_CONTEXT_EVIDENCE_RESPONSE,CONSERVATIVE,0.7,0.70,1.8,False,88,88,1.0,88,88,0.818016198663658,0.7176612004862675,0.5424250992877067,0.818016198663658,0.818016198663658,0.7176612004862675
AUTHORIZED_CONTEXT_EVIDENCE_RESPONSE,CONSERVATIVE,0.7,0.70,1.9,False,88,88,1.0,88,88,0.8211564525085197,0.7223191793637107,0.5363853283155884,0.8211564525085197,0.8211564525085197,0.7223191793637107
AUTHORIZED_CONTEXT_EVIDENCE_RESPONSE,CONSERVATIVE,0.8,0.80,0.5,True,88,74,0.8409090909090909,74,74,0.7695093393371985,0.643152903480297,0.5709180750197657,0.7642804167517409,0.8435706457222654,0.7586123016046737
AUTHORIZED_CONTEXT_EVIDENCE_RESPONSE,CONSERVATIVE,0.8,0.80,0.6,False,88,81,0.9204545454545454,81,81,0.8114996195403201,0.7077226605225697,0.521659336827779,0.8085677034289418,0.8480614529895487,0.7656985865208006
AUTHORIZED_CONTEXT_EVIDENCE_RESPONSE,CONSERVATIVE,0.8,0.80,0.7,True,88,79,0.8977272727272727,79,79,0.8064312746915641,0.6996867894652884,0.5193276776114334,0.802894102379291,0.8549921022650522,0.7761105397248661
AUTHORIZED_CONTEXT_EVIDENCE_RESPONSE,CONSERVATIVE,0.8,0.80,0.8,False,88,81,0.9204545454545454,81,81,0.8213381527758521,0.7217495293643856,0.49936064325218443,0.8191205804968504,0.8587578305759164,0.7817137311544913
AUTHORIZED_CONTEXT_EVIDENCE_RESPONSE,CONSERVATIVE,0.8,0.80,0.9,True,88,85,0.9659090909090909,85,85,0.8455579690104138,0.759763626735424,0.46810757296055827,0.8449789279162694,0.8618092255706578,0.7859793357227366
AUTHORIZED_CONTEXT_EVIDENCE_RESPONSE,CONSERVATIVE,0.8,0.80,1.0,False,88,86,0.9772727272727273,86,86,0.8543946439659813,0.7747421443241694,0.4531229906458451,0.8541556024803811,0.8659768336501202,0.7925148029045825
AUTHORIZED_CONTEXT_EVIDENCE_RESPONSE,CONSERVATIVE,0.8,0.80,1.1,True,88,87,0.9886363636363636,87,87,0.8630297546020103,0.7886017183909483,0.4403548723321935,0.8625585015572732,0.86877348577244,0.7971894362122595
AUTHORIZED_CONTEXT_EVIDENCE_RESPONSE,CONSERVATIVE,0.8,0.80,1.2,False,88,87,0.9886363636363636,87,87,0.8649784376869802,0.7918007686593747,0.4359563248335229,0.864469746236389,0.8706670047930269,0.8003873884410684
AUTHORIZED_CONTEXT_EVIDENCE_RESPONSE,CONSERVATIVE,0.8,0.80,1.3,True,88,87,0.9886363636363636,87,87,0.8679564758337356,0.7962402922963256,0.42848440979580177,0.8676240927521733,0.8737742291439283,0.8050562759873471
AUTHORIZED_CONTEXT_EVIDENCE_RESPONSE,CONSERVATIVE,0.8,0.80,1.4,False,88,87,0.9886363636363636,87,87,0.8707480550729675,0.8001042485233018,0.4217723977703837,0.8705796050922783,0.8765804040498788,0.809130462893677
AUTHORIZED_CONTEXT_EVIDENCE_RESPONSE,CONSERVATIVE,0.8,0.80,1.5,True,88,86,0.9772727272727273,86,86,0.8674672728606706,0.794349971417949,0.4228656120578147,0.8672084340795191,0.8788220754531807,0.8125583682795134
AUTHORIZED_CONTEXT_EVIDENCE_RESPONSE,CONSERVATIVE,0.8,0.80,1.6,False,88,86,0.9772727272727273,86,86,0.8707221194063192,0.799286768615724,0.4148714373166822,0.8705410369993665,0.8822360220778004,0.8176895393764169
AUTHORIZED_CONTEXT_EVIDENCE_RESPONSE,CONSERVATIVE,0.8,0.80,1.7,False,88,87,0.9886363636363636,87,87,0.8792410052264156,0.8125376272733388,0.40149447764394514,0.879108054742504,0.884913370430853,0.8217426615801101
AUTHORIZED_CONTEXT_EVIDENCE_RESPONSE,CONSERVATIVE,0.8,0.80,1.8,False,88,88,1.0,88,88,0.884852205899546,0.8213508025896044,0.3949327698159589,0.884852205899546,0.884852205899546,0.8213508025896044
AUTHORIZED_CONTEXT_EVIDENCE_RESPONSE,CONSERVATIVE,0.8,0.80,1.9,False,88,88,1.0,88,88,0.8870262680920274,0.824588442597728,0.38969820933284766,0.8870262680920274,0.8870262680920274,0.824588442597728
AUTHORIZED_CONTEXT_EVIDENCE_RESPONSE,CONSERVATIVE,0.9,0.90,0.5,True,88,74,0.8409090909090909,74,74,0.8369509420321251,0.7472320605795186,0.4034034955422739,0.8317220194466675,0.9237714705486645,0.8823821100469913
AUTHORIZED_CONTEXT_EVIDENCE_RESPONSE,CONSERVATIVE,0.9,0.90,0.6,False,88,81,0.9204545454545454,81,81,0.8833540496059455,0.8185387809157294,0.3411440571635319,0.8804221334945672,0.9261255251596109,0.886091408676332
AUTHORIZED_CONTEXT_EVIDENCE_RESPONSE,CONSERVATIVE,0.9,0.90,0.7,True,88,79,0.8977272727272727,79,79,0.8735847955339591,0.8033784403103277,0.3473386457811736,0.8700476232216862,0.9297960242160744,0.8916151634509858
AUTHORIZED_CONTEXT_EVIDENCE_RESPONSE,CONSERVATIVE,0.9,0.90,0.8,False,88,81,0.9204545454545454,81,81,0.8885430472036973,0.8256180333193263,0.3253938664886245,0.8863254749246956,0.9317705553864151,0.8945585255746737
AUTHORIZED_CONTEXT_EVIDENCE_RESPONSE,CONSERVATIVE,0.9,0.90,0.9,True,88,85,0.9659090909090909,85,85,0.9146440410718768,0.8667650538171575,0.2880027405161068,0.9140649999777324,0.933333629587231,0.896757283760296
AUTHORIZED_CONTEXT_EVIDENCE_RESPONSE,CONSERVATIVE,0.9,0.90,1.0,False,88,86,0.9772727272727273,86,86,0.9223414599392261,0.8799357885454208,0.27385130535846886,0.9221024184536258,0.9355038081343707,0.9001548109449327
AUTHORIZED_CONTEXT_EVIDENCE_RESPONSE,CONSERVATIVE,0.9,0.90,1.1,True,88,87,0.9886363636363636,87,87,0.9304293267142025,0.8927706699024793,0.2610675792610042,0.9299580736694657,0.9369477656100599,0.9025557319940384
AUTHORIZED_CONTEXT_EVIDENCE_RESPONSE,CONSERVATIVE,0.9,0.90,1.2,False,88,87,0.9886363636363636,87,87,0.931472824522918,0.8944320914361892,0.25807786210424477,0.9309641330723267,0.9379256949259295,0.904198381594628
AUTHORIZED_CONTEXT_EVIDENCE_RESPONSE,CONSERVATIVE,0.9,0.90,1.3,True,88,87,0.9886363636363636,87,87,0.932949738618698,0.8966197879417631,0.2531098909424413,0.9326173555371359,0.9395145409264191,0.9065895589390541
AUTHORIZED_CONTEXT_EVIDENCE_RESPONSE,CONSERVATIVE,0.9,0.90,1.4,False,88,87,0.9886363636363636,87,87,0.9343956008832947,0.8985370772471852,0.24859395601108988,0.9342271509026054,0.9409595308465313,0.9086947034419729
AUTHORIZED_CONTEXT_EVIDENCE_RESPONSE,CONSERVATIVE,0.9,0.90,1.5,True,88,86,0.9772727272727273,86,86,0.9293166767661646,0.8900234502596345,0.2534212957584525,0.9290578379850131,0.9421098375890349,0.9104568117454246
AUTHORIZED_CONTEXT_EVIDENCE_RESPONSE,CONSERVATIVE,0.9,0.90,1.6,False,88,86,0.9772727272727273,86,86,0.9309530970379651,0.8925324982410924,0.24806174285927537,0.9307720146310122,0.9438677201194845,0.9131037743419098
AUTHORIZED_CONTEXT_EVIDENCE_RESPONSE,CONSERVATIVE,0.9,0.90,1.7,False,88,87,0.9886363636363636,87,87,0.9388661877508011,0.904891082948519,0.235044637474957,0.9387332372668894,0.9452238998808061,0.9151576512285685
AUTHORIZED_CONTEXT_EVIDENCE_RESPONSE,CONSERVATIVE,0.9,0.90,1.8,False,88,88,1.0,88,88,0.9451963341504895,0.9149719680385925,0.22653523715103835,0.9451963341504895,0.9451963341504895,0.9149719680385925
AUTHORIZED_CONTEXT_EVIDENCE_RESPONSE,CONSERVATIVE,0.9,0.90,1.9,False,88,88,1.0,88,88,0.9463137602940948,0.9166412392723757,0.22302618821601003,0.9463137602940948,0.9463137602940948,0.9166412392723757
AUTHORIZED_CONTEXT_EVIDENCE_RESPONSE,CONSERVATIVE,0.95,0.95,0.5,True,88,74,0.8409090909090909,74,74,0.8694012524522492,0.7973039375155114,0.2998122480542675,0.8641723298667913,0.9623610288861094,0.9419270447816857
AUTHORIZED_CONTEXT_EVIDENCE_RESPONSE,CONSERVATIVE,0.95,0.95,0.6,False,88,81,0.9204545454545454,81,81,0.9178123178225067,0.8716732383399752,0.2301822180087691,0.9148804017111285,0.9635616684072332,0.9438177327915622
AUTHORIZED_CONTEXT_EVIDENCE_RESPONSE,CONSERVATIVE,0.95,0.95,0.7,True,88,79,0.8977272727272727,79,79,0.905586263211524,0.85278592763974,0.2427096250293326,0.902049090899251,0.9654432287176659,0.946651351868559
AUTHORIZED_CONTEXT_EVIDENCE_RESPONSE,CONSERVATIVE,0.95,0.95,0.8,False,88,81,0.9204545454545454,81,81,0.9204642590540818,0.8749500993882943,0.22015025989648473,0.9182466867750801,0.9664503904831291,0.9481538566125648
AUTHORIZED_CONTEXT_EVIDENCE_RESPONSE,CONSERVATIVE,0.95,0.95,0.9,True,88,85,0.9659090909090909,85,85,0.9473935486933462,0.9174837976753785,0.1794448796632439,0.9468145075992019,0.967239002183576,0.9492661009311599
AUTHORIZED_CONTEXT_EVIDENCE_RESPONSE,CONSERVATIVE,0.95,0.95,1.0,False,88,86,0.9772727272727273,86,86,0.9544339029998049,0.9296181679840924,0.16645865151723735,0.9541948615142046,0.968342587080079,0.9509925945565965
AUTHORIZED_CONTEXT_EVIDENCE_RESPONSE,CONSERVATIVE,0.95,0.95,1.1,True,88,87,0.9886363636363636,87,87,0.9621902671968757,0.9418564060645015,0.1541004419437307,0.9617190141521387,0.9690737743741429,0.9522056720199916
AUTHORIZED_CONTEXT_EVIDENCE_RESPONSE,CONSERVATIVE,0.95,0.95,1.2,False,88,87,0.9886363636363636,87,87,0.9627566798432233,0.9427145400280089,0.15224689466030164,0.9622479883926318,0.9695691347901461,0.9530358008599166
AUTHORIZED_CONTEXT_EVIDENCE_RESPONSE,CONSERVATIVE,0.95,0.95,1.3,True,88,87,0.9886363636363636,87,87,0.9634548239641088,0.9437310006988565,0.1492098949470752,0.9631224408825466,0.9703702594367194,0.9542422798887573
AUTHORIZED_CONTEXT_EVIDENCE_RESPONSE,CONSERVATIVE,0.95,0.95,1.4,False,88,87,0.9886363636363636,87,87,0.9641947331116705,0.9446213467944017,0.1464230641500761,0.9640262831309812,0.971101181836153,0.9553086772368587
AUTHORIZED_CONTEXT_EVIDENCE_RESPONSE,CONSERVATIVE,0.95,0.95,1.5,True,88,86,0.9772727272727273,86,86,0.9582167695744175,0.9347261670194267,0.1537897378943676,0.9579579307932659,0.9716820255788753,0.9561991265693978
AUTHORIZED_CONTEXT_EVIDENCE_RESPONSE,CONSERVATIVE,0.95,0.95,1.6,False,88,86,0.9772727272727273,86,86,0.9590044236697534,0.9359581924753939,0.15050277520830943,0.9588233412628007,0.9725714031845704,0.9575393684421255
AUTHORIZED_CONTEXT_EVIDENCE_RESPONSE,CONSERVATIVE,0.95,0.95,1.7,False,88,87,0.9886363636363636,87,87,0.9665758116708396,0.9478103958396659,0.13806616225336524,0.966442861186928,0.9732520252252128,0.9585702895552458
AUTHORIZED_CONTEXT_EVIDENCE_RESPONSE,CONSERVATIVE,0.95,0.95,1.8,False,88,88,1.0,88,88,0.9732390226558064,0.9584799517730651,0.12841596172487998,0.9732390226558064,0.9732390226558064,0.9584799517730651
AUTHORIZED_CONTEXT_EVIDENCE_RESPONSE,CONSERVATIVE,0.95,0.95,1.9,False,88,88,1.0,88,88,0.9738038214528134,0.9593247928618073,0.12625964097158812,0.9738038214528134,0.9738038214528134,0.9593247928618073
AUTHORIZED_CONTEXT_EVIDENCE_RESPONSE,CONSERVATIVE,0.98,0.98,0.5,True,88,74,0.8409090909090909,74,74,0.8884855884530588,0.8267495663624019,0.2246907120889633,0.8832566658676012,0.9850559149411263,0.9769434682752852
AUTHORIZED_CONTEXT_EVIDENCE_RESPONSE,CONSERVATIVE,0.98,0.98,0.6,False,88,81,0.9204545454545454,81,81,0.9380436881103574,0.9028674675949996,0.1499878791606587,0.935111771998979,0.9855414287199596,0.9777077596365269
AUTHORIZED_CONTEXT_EVIDENCE_RESPONSE,CONSERVATIVE,0.98,0.98,0.7,True,88,79,0.8977272727272727,79,79,0.9243140731512264,0.8816982898954577,0.16754872846161648,0.9207769008389536,0.9863045866251827,0.9788575275458143
AUTHORIZED_CONTEXT_EVIDENCE_RESPONSE,CONSERVATIVE,0.98,0.98,0.8,False,88,81,0.9204545454545454,81,81,0.9391140374503615,0.9037709467235459,0.14479107310330114,0.9368964651713597,0.9867118781235316,0.9794653944582703
AUTHORIZED_CONTEXT_EVIDENCE_RESPONSE,CONSERVATIVE,0.98,0.98,0.9,True,88,85,0.9659090909090909,85,85,0.9665086637464284,0.9470858929610171,0.10187071062503694,0.9659296226522843,0.987028768356179,0.9799129760504095
AUTHORIZED_CONTEXT_EVIDENCE_RESPONSE,CONSERVATIVE,0.98,0.98,1.0,False,88,86,0.9772727272727273,86,86,0.973130794351917,0.9585621513077011,0.08999146016108034,0.9728917528663167,0.9874742898589844,0.9806096937714519
AUTHORIZED_CONTEXT_EVIDENCE_RESPONSE,CONSERVATIVE,0.98,0.98,1.1,True,88,87,0.9886363636363636,87,87,0.9806727779852835,0.9704200013898784,0.07811397279928954,0.9802015249405467,0.9877687278152916,0.9810975845330169
AUTHORIZED_CONTEXT_EVIDENCE_RESPONSE,CONSERVATIVE,0.98,0.98,1.2,False,88,87,0.9886363636363636,87,87,0.9809467151438871,0.9707875740666161,0.07718944847968078,0.9804380236932958,0.987968250956335,0.9814315134506915
AUTHORIZED_CONTEXT_EVIDENCE_RESPONSE,CONSERVATIVE,0.98,0.98,1.3,True,88,87,0.9886363636363636,87,87,0.9811710075110603,0.9710905987041383,0.0757013782641127,0.9808386244294982,0.9882900772773143,0.9819163560320312
AUTHORIZED_CONTEXT_EVIDENCE_RESPONSE,CONSERVATIVE,0.98,0.98,1.4,False,88,87,0.9886363636363636,87,87,0.981479121090731,0.9713513063988796,0.07431400361603718,0.9813106711100418,0.9885842409414095,0.9823458777563304
AUTHORIZED_CONTEXT_EVIDENCE_RESPONSE,CONSERVATIVE,0.98,0.98,1.5,True,88,86,0.9772727272727273,86,86,0.9749630537355966,0.9606286754319956,0.08361085488571346,0.9747042149544449,0.9888177582089188,0.9827040188985382
AUTHORIZED_CONTEXT_EVIDENCE_RESPONSE,CONSERVATIVE,0.98,0.98,1.6,False,88,86,0.9772727272727273,86,86,0.9752314083122452,0.9610783736344591,0.08200233516672974,0.9750503259052924,0.989175759562934,0.9832437398607038
AUTHORIZED_CONTEXT_EVIDENCE_RESPONSE,CONSERVATIVE,0.98,0.98,1.7,False,88,87,0.9886363636363636,87,87,0.9825881541264743,0.9726117906544942,0.07012244637231624,0.9824552036425626,0.9894484175941306,0.9836567578736929
AUTHORIZED_CONTEXT_EVIDENCE_RESPONSE,CONSERVATIVE,0.98,0.98,1.8,False,88,88,1.0,88,88,0.9894434054625162,0.9836212148060497,0.05967093777051416,0.9894434054625162,0.9894434054625162,0.9836212148060497
AUTHORIZED_CONTEXT_EVIDENCE_RESPONSE,CONSERVATIVE,0.98,0.98,1.9,False,88,88,1.0,88,88,0.9896706175199527,0.9839613329482056,0.058607878705459665,0.9896706175199527,0.9896706175199527,0.9839613329482056
AUTHORIZED_CONTEXT_EVIDENCE_RESPONSE,CONSERVATIVE,0.99,0.99,0.5,True,88,74,0.8409090909090909,74,74,0.8947843494130432,0.8364677155054452,0.19499505257165534,0.8895554268275856,0.9925463333800268,0.9885001861751203
AUTHORIZED_CONTEXT_EVIDENCE_RESPONSE,CONSERVATIVE,0.99,0.99,0.6,False,88,81,0.9204545454545454,81,81,0.9447156079587803,0.9131543370362949,0.11834970409853542,0.941783691847402,0.9927899342342956,0.9888836177949711
AUTHORIZED_CONTEXT_EVIDENCE_RESPONSE,CONSERVATIVE,0.99,0.99,0.7,True,88,79,0.8977272727272727,79,79,0.9304802349696235,0.8912174512549698,0.13800276554806992,0.9269430626573503,0.9931732225747891,0.9894611503260303
AUTHORIZED_CONTEXT_EVIDENCE_RESPONSE,CONSERVATIVE,0.99,0.99,0.8,False,88,81,0.9204545454545454,81,81,0.9452495117054466,0.913252356910758,0.11522374628338622,0.943031939426445,0.9933775785488093,0.9897661857727725
AUTHORIZED_CONTEXT_EVIDENCE_RESPONSE,CONSERVATIVE,0.99,0.99,0.9,True,88,85,0.9659090909090909,85,85,0.9727942945574959,0.9568197610592072,0.07147048111727186,0.9722152534633515,0.9935362449605778,0.9899903924344182
AUTHORIZED_CONTEXT_EVIDENCE_RESPONSE,CONSERVATIVE,0.99,0.99,1.0,False,88,86,0.9772727272727273,86,86,0.9792733145472028,0.9680710496876604,0.06008907314046683,0.9790342730616023,0.9937596593611374,0.9903397293230384
AUTHORIZED_CONTEXT_EVIDENCE_RESPONSE,CONSERVATIVE,0.99,0.99,1.1,True,88,87,0.9886363636363636,87,87,0.9867414811671842,0.9797987049052449,0.04844099422025263,0.9862702281224472,0.9939071862061792,0.9905840892382155
AUTHORIZED_CONTEXT_EVIDENCE_RESPONSE,CONSERVATIVE,0.99,0.99,1.2,False,88,87,0.9886363636363636,87,87,0.9869170056017335,0.9800015016514055,0.04790780636695873,0.9864083141511422,0.9940071654424327,0.9907513482490995
AUTHORIZED_CONTEXT_EVIDENCE_RESPONSE,CONSERVATIVE,0.99,0.99,1.3,True,88,87,0.9886363636363636,87,87,0.9869824224147908,0.9800652029084631,0.04706582390296339,0.9866500393332287,0.9941682900535012,0.9909941166065207
AUTHORIZED_CONTEXT_EVIDENCE_RESPONSE,CONSERVATIVE,0.99,0.99,1.4,False,88,87,0.9886363636363636,87,87,0.9871454037339653,0.9801140510403683,0.04626474202998851,0.9869769537532761,0.9943156532701986,0.9912093436005948
AUTHORIZED_CONTEXT_EVIDENCE_RESPONSE,CONSERVATIVE,0.99,0.99,1.5,True,88,86,0.9772727272727273,86,86,0.9804502797146917,0.9691159952723574,0.0563446727289318,0.98019144093354,0.9944325940945048,0.991388718270071
AUTHORIZED_CONTEXT_EVIDENCE_RESPONSE,CONSERVATIVE,0.99,0.99,1.6,False,88,86,0.9772727272727273,86,86,0.9805440490020871,0.96930252620405,0.05543975835273533,0.9803629665951342,0.9946119500362608,0.9916591517923784
AUTHORIZED_CONTEXT_EVIDENCE_RESPONSE,CONSERVATIVE,0.99,0.99,1.7,False,88,87,0.9886363636363636,87,87,0.9878278422969573,0.9807274944570998,0.043810457059814165,0.9876948918130456,0.9947483320654239,0.9918657456280525
AUTHORIZED_CONTEXT_EVIDENCE_RESPONSE,CONSERVATIVE,0.99,0.99,1.8,False,88,88,1.0,88,88,0.9947458575589249,0.9918480719826881,0.03304806976028403,0.9947458575589249,0.9947458575589249,0.9918480719826881
AUTHORIZED_CONTEXT_EVIDENCE_RESPONSE,CONSERVATIVE,0.99,0.99,1.9,False,88,88,1.0,88,88,0.9948596659433959,0.9920184738505706,0.032442792169725315,0.9948596659433959,0.9948596659433959,0.9920184738505706
AUTHORIZED_CONTEXT_EVIDENCE_RESPONSE,CONSERVATIVE,1.0,1.00,0.5,True,88,74,0.8409090909090909,74,74,0.9010522054343842,0.8461380134945485,0.15748495129663212,0.8958232828489266,1.0,1.0
AUTHORIZED_CONTEXT_EVIDENCE_RESPONSE,CONSERVATIVE,1.0,1.00,0.6,False,88,81,0.9204545454545454,81,81,0.951352145765849,0.9233864615659239,0.07845194989734548,0.9484202296544705,1.0,1.0
AUTHORIZED_CONTEXT_EVIDENCE_RESPONSE,CONSERVATIVE,1.0,1.00,0.7,True,88,79,0.8977272727272727,79,79,0.9366088192490739,0.9006784640304653,0.10085523985992607,0.9330716469368009,1.0,1.0
AUTHORIZED_CONTEXT_EVIDENCE_RESPONSE,CONSERVATIVE,1.0,1.00,0.8,False,88,81,0.9204545454545454,81,81,0.9513451496321107,0.9226721177335471,0.07810915700683906,0.949127577353109,1.0,1.0
AUTHORIZED_CONTEXT_EVIDENCE_RESPONSE,CONSERVATIVE,1.0,1.00,0.9,True,88,85,0.9659090909090909,85,85,0.9790376943114829,0.9664881320032351,0.0333483946455346,0.9784586532173388,1.0,1.0
AUTHORIZED_CONTEXT_EVIDENCE_RESPONSE,CONSERVATIVE,1.0,1.00,1.0,False,88,86,0.9772727272727273,86,86,0.9853718292624548,0.9775117687583276,0.022659242966516408,0.9851327877768544,1.0,1.0
AUTHORIZED_CONTEXT_EVIDENCE_RESPONSE,CONSERVATIVE,1.0,1.00,1.1,True,88,87,0.9886363636363636,87,87,0.9927650584406206,0.9891076166811007,0.011342593571929842,0.9922938053958835,1.0,1.0
AUTHORIZED_CONTEXT_EVIDENCE_RESPONSE,CONSERVATIVE,1.0,1.00,1.2,False,88,87,0.9886363636363636,87,87,0.9928417397666014,0.9891450550869549,0.01132923873298753,0.9923330483160101,1.0,1.0
AUTHORIZED_CONTEXT_EVIDENCE_RESPONSE,CONSERVATIVE,1.0,1.00,1.3,True,88,87,0.9886363636363636,87,87,0.9927478629300794,0.9889687467179258,0.011339131661478574,0.9924154798485173,1.0,1.0
AUTHORIZED_CONTEXT_EVIDENCE_RESPONSE,CONSERVATIVE,1.0,1.00,1.4,False,88,87,0.9886363636363636,87,87,0.9927651556145647,0.9888048136170529,0.011313349658809096,0.9925967056338755,1.0,1.0
AUTHORIZED_CONTEXT_EVIDENCE_RESPONSE,CONSERVATIVE,1.0,1.00,1.5,True,88,86,0.9772727272727273,86,86,0.9858911536677893,0.9775315660538788,0.022403629070419404,0.9856323148866379,1.0,1.0
AUTHORIZED_CONTEXT_EVIDENCE_RESPONSE,CONSERVATIVE,1.0,1.00,1.6,False,88,86,0.9772727272727273,86,86,0.9858096432848324,0.9774538096796803,0.022429761092863196,0.9856285608778795,1.0,1.0
AUTHORIZED_CONTEXT_EVIDENCE_RESPONSE,CONSERVATIVE,1.0,1.00,1.7,False,88,87,0.9886363636363636,87,87,0.9930198321868224,0.9887693141202752,0.011149165575510527,0.9928868817029108,1.0,1.0
AUTHORIZED_CONTEXT_EVIDENCE_RESPONSE,CONSERVATIVE,1.0,1.00,1.8,False,88,88,1.0,88,88,1.0,1.0,0.0,1.0,1.0,1.0
AUTHORIZED_CONTEXT_EVIDENCE_RESPONSE,CONSERVATIVE,1.0,1.00,1.9,False,88,88,1.0,88,88,1.0,1.0,0.0,1.0,1.0,1.0
