scope,session,operatingPoint,strength,strengthLabel,contextAvailableAtSeconds,N,meanGainSeconds,medianGainSeconds,gainBootstrap95Lower,gainBootstrap95Upper,acceleratedFraction,meanBaselineStopSeconds,meanContextStopSeconds,authorizedTrialRate
ALL_HELD_OUT,,FAST,0.3333333333333333,0.333333,0.0,88,0.0,0.0,0.0,0.0,0.0,1.1818181818181819,1.1818181818181819,0.0
ALL_HELD_OUT,,FAST,0.3333333333333333,0.333333,0.2,88,0.0,0.0,0.0,0.0,0.0,1.1818181818181819,1.1818181818181819,0.0
ALL_HELD_OUT,,FAST,0.3333333333333333,0.333333,0.4,88,0.0,0.0,0.0,0.0,0.0,1.1818181818181819,1.1818181818181819,0.0
ALL_HELD_OUT,,FAST,0.3333333333333333,0.333333,0.6,88,0.0,0.0,0.0,0.0,0.0,1.1818181818181819,1.1818181818181819,0.0
ALL_HELD_OUT,,FAST,0.3333333333333333,0.333333,0.8,88,0.0,0.0,0.0,0.0,0.0,1.1818181818181819,1.1818181818181819,0.0
ALL_HELD_OUT,,FAST,0.5,0.50,0.0,88,0.0,0.0,0.0,0.0,0.0,1.1818181818181819,1.1818181818181819,0.0
ALL_HELD_OUT,,FAST,0.5,0.50,0.2,88,0.0,0.0,0.0,0.0,0.0,1.1818181818181819,1.1818181818181819,0.0
ALL_HELD_OUT,,FAST,0.5,0.50,0.4,88,0.0,0.0,0.0,0.0,0.0,1.1818181818181819,1.1818181818181819,0.0
ALL_HELD_OUT,,FAST,0.5,0.50,0.6,88,0.0,0.0,0.0,0.0,0.0,1.1818181818181819,1.1818181818181819,0.0
ALL_HELD_OUT,,FAST,0.5,0.50,0.8,88,0.0,0.0,0.0,0.0,0.0,1.1818181818181819,1.1818181818181819,0.0
ALL_HELD_OUT,,FAST,0.6,0.60,0.0,88,0.0,0.0,0.0,0.0,0.0,1.1818181818181819,1.1818181818181819,0.0
ALL_HELD_OUT,,FAST,0.6,0.60,0.2,88,0.0,0.0,0.0,0.0,0.0,1.1818181818181819,1.1818181818181819,0.0
ALL_HELD_OUT,,FAST,0.6,0.60,0.4,88,0.0,0.0,0.0,0.0,0.0,1.1818181818181819,1.1818181818181819,0.0
ALL_HELD_OUT,,FAST,0.6,0.60,0.6,88,0.0,0.0,0.0,0.0,0.0,1.1818181818181819,1.1818181818181819,0.0
ALL_HELD_OUT,,FAST,0.6,0.60,0.8,88,0.0,0.0,0.0,0.0,0.0,1.1818181818181819,1.1818181818181819,0.0
ALL_HELD_OUT,,FAST,0.7,0.70,0.0,88,0.2159090909090909,0.09999999999999998,0.1590909090909091,0.2772727272727273,0.5681818181818182,1.1818181818181819,0.965909090909091,1.0
ALL_HELD_OUT,,FAST,0.7,0.70,0.2,88,0.2159090909090909,0.09999999999999998,0.1601988636363636,0.27843749999999984,0.5681818181818182,1.1818181818181819,0.965909090909091,1.0
ALL_HELD_OUT,,FAST,0.7,0.70,0.4,88,0.2159090909090909,0.09999999999999998,0.1590909090909091,0.27386363636363636,0.5681818181818182,1.1818181818181819,0.965909090909091,1.0
ALL_HELD_OUT,,FAST,0.7,0.70,0.6,88,0.17386363636363636,0.0,0.12272727272727271,0.22954545454545452,0.4772727272727273,1.1818181818181819,1.0079545454545455,1.0
ALL_HELD_OUT,,FAST,0.7,0.70,0.8,88,0.10454545454545454,0.0,0.06360795454545454,0.14775568181818166,0.2727272727272727,1.1818181818181819,1.0772727272727274,1.0
ALL_HELD_OUT,,FAST,0.8,0.80,0.0,88,0.2159090909090909,0.09999999999999998,0.16133522727272726,0.2772727272727273,0.5681818181818182,1.1818181818181819,0.965909090909091,1.0
ALL_HELD_OUT,,FAST,0.8,0.80,0.2,88,0.2159090909090909,0.09999999999999998,0.15795454545454546,0.2772727272727273,0.5681818181818182,1.1818181818181819,0.965909090909091,1.0
ALL_HELD_OUT,,FAST,0.8,0.80,0.4,88,0.2159090909090909,0.09999999999999998,0.1579545454545455,0.2761647727272726,0.5681818181818182,1.1818181818181819,0.965909090909091,1.0
ALL_HELD_OUT,,FAST,0.8,0.80,0.6,88,0.17386363636363636,0.0,0.12272727272727271,0.23409090909090902,0.4772727272727273,1.1818181818181819,1.0079545454545455,1.0
ALL_HELD_OUT,,FAST,0.8,0.80,0.8,88,0.10454545454545454,0.0,0.06477272727272727,0.1488636363636364,0.2727272727272727,1.1818181818181819,1.0772727272727274,1.0
ALL_HELD_OUT,,FAST,0.9,0.90,0.0,88,0.2159090909090909,0.09999999999999998,0.1625,0.2772727272727273,0.5681818181818182,1.1818181818181819,0.965909090909091,1.0
ALL_HELD_OUT,,FAST,0.9,0.90,0.2,88,0.2159090909090909,0.09999999999999998,0.15795454545454543,0.2761647727272726,0.5681818181818182,1.1818181818181819,0.965909090909091,1.0
ALL_HELD_OUT,,FAST,0.9,0.90,0.4,88,0.2159090909090909,0.09999999999999998,0.15795454545454546,0.2761647727272726,0.5681818181818182,1.1818181818181819,0.965909090909091,1.0
ALL_HELD_OUT,,FAST,0.9,0.90,0.6,88,0.17386363636363636,0.0,0.12269886363636365,0.2318181818181818,0.4772727272727273,1.1818181818181819,1.0079545454545455,1.0
ALL_HELD_OUT,,FAST,0.9,0.90,0.8,88,0.10454545454545454,0.0,0.06250000000000001,0.1534090909090909,0.2727272727272727,1.1818181818181819,1.0772727272727274,1.0
ALL_HELD_OUT,,FAST,0.95,0.95,0.0,88,0.2159090909090909,0.09999999999999998,0.16249999999999998,0.271619318181818,0.5681818181818182,1.1818181818181819,0.965909090909091,1.0
ALL_HELD_OUT,,FAST,0.95,0.95,0.2,88,0.2159090909090909,0.09999999999999998,0.1590909090909091,0.27386363636363636,0.5681818181818182,1.1818181818181819,0.965909090909091,1.0
ALL_HELD_OUT,,FAST,0.95,0.95,0.4,88,0.2159090909090909,0.09999999999999998,0.16022727272727272,0.2784090909090909,0.5681818181818182,1.1818181818181819,0.965909090909091,1.0
ALL_HELD_OUT,,FAST,0.95,0.95,0.6,88,0.17386363636363636,0.0,0.11931818181818182,0.23068181818181815,0.4772727272727273,1.1818181818181819,1.0079545454545455,1.0
ALL_HELD_OUT,,FAST,0.95,0.95,0.8,88,0.10454545454545454,0.0,0.06363636363636363,0.15113636363636362,0.2727272727272727,1.1818181818181819,1.0772727272727274,1.0
ALL_HELD_OUT,,FAST,0.98,0.98,0.0,88,0.2159090909090909,0.09999999999999998,0.1636363636363636,0.2784090909090909,0.5681818181818182,1.1818181818181819,0.965909090909091,1.0
ALL_HELD_OUT,,FAST,0.98,0.98,0.2,88,0.2159090909090909,0.09999999999999998,0.1590909090909091,0.2772727272727273,0.5681818181818182,1.1818181818181819,0.965909090909091,1.0
ALL_HELD_OUT,,FAST,0.98,0.98,0.4,88,0.2159090909090909,0.09999999999999998,0.15568181818181817,0.2772727272727273,0.5681818181818182,1.1818181818181819,0.965909090909091,1.0
ALL_HELD_OUT,,FAST,0.98,0.98,0.6,88,0.17386363636363636,0.0,0.12159090909090908,0.2318181818181818,0.4772727272727273,1.1818181818181819,1.0079545454545455,1.0
ALL_HELD_OUT,,FAST,0.98,0.98,0.8,88,0.10454545454545454,0.0,0.0625,0.15227272727272728,0.2727272727272727,1.1818181818181819,1.0772727272727274,1.0
ALL_HELD_OUT,,FAST,0.99,0.99,0.0,88,0.2159090909090909,0.09999999999999998,0.15906249999999997,0.27499999999999997,0.5681818181818182,1.1818181818181819,0.965909090909091,1.0
ALL_HELD_OUT,,FAST,0.99,0.99,0.2,88,0.2159090909090909,0.09999999999999998,0.15795454545454546,0.27843749999999984,0.5681818181818182,1.1818181818181819,0.965909090909091,1.0
ALL_HELD_OUT,,FAST,0.99,0.99,0.4,88,0.2159090909090909,0.09999999999999998,0.1601988636363636,0.2761363636363636,0.5681818181818182,1.1818181818181819,0.965909090909091,1.0
ALL_HELD_OUT,,FAST,0.99,0.99,0.6,88,0.17386363636363636,0.0,0.12159090909090908,0.23181818181818184,0.4772727272727273,1.1818181818181819,1.0079545454545455,1.0
ALL_HELD_OUT,,FAST,0.99,0.99,0.8,88,0.10454545454545454,0.0,0.06247159090909091,0.14886363636363634,0.2727272727272727,1.1818181818181819,1.0772727272727274,1.0
ALL_HELD_OUT,,FAST,1.0,1.00,0.0,88,0.2159090909090909,0.09999999999999998,0.1602272727272727,0.27499999999999997,0.5681818181818182,1.1818181818181819,0.965909090909091,1.0
ALL_HELD_OUT,,FAST,1.0,1.00,0.2,88,0.2159090909090909,0.09999999999999998,0.15795454545454546,0.2784090909090909,0.5681818181818182,1.1818181818181819,0.965909090909091,1.0
ALL_HELD_OUT,,FAST,1.0,1.00,0.4,88,0.2159090909090909,0.09999999999999998,0.1602272727272727,0.2772727272727273,0.5681818181818182,1.1818181818181819,0.965909090909091,1.0
ALL_HELD_OUT,,FAST,1.0,1.00,0.6,88,0.17386363636363636,0.0,0.1226988636363636,0.22843749999999985,0.4772727272727273,1.1818181818181819,1.0079545454545455,1.0
ALL_HELD_OUT,,FAST,1.0,1.00,0.8,88,0.10454545454545454,0.0,0.06363636363636364,0.14772727272727273,0.2727272727272727,1.1818181818181819,1.0772727272727274,1.0
ALL_HELD_OUT,,MEDIUM,0.3333333333333333,0.333333,0.0,88,0.0,0.0,0.0,0.0,0.0,1.294318181818182,1.294318181818182,0.0
ALL_HELD_OUT,,MEDIUM,0.3333333333333333,0.333333,0.2,88,0.0,0.0,0.0,0.0,0.0,1.294318181818182,1.294318181818182,0.0
ALL_HELD_OUT,,MEDIUM,0.3333333333333333,0.333333,0.4,88,0.0,0.0,0.0,0.0,0.0,1.294318181818182,1.294318181818182,0.0
ALL_HELD_OUT,,MEDIUM,0.3333333333333333,0.333333,0.6,88,0.0,0.0,0.0,0.0,0.0,1.294318181818182,1.294318181818182,0.0
ALL_HELD_OUT,,MEDIUM,0.3333333333333333,0.333333,0.8,88,0.0,0.0,0.0,0.0,0.0,1.294318181818182,1.294318181818182,0.0
ALL_HELD_OUT,,MEDIUM,0.5,0.50,0.0,88,0.0,0.0,0.0,0.0,0.0,1.294318181818182,1.294318181818182,0.0
ALL_HELD_OUT,,MEDIUM,0.5,0.50,0.2,88,0.0,0.0,0.0,0.0,0.0,1.294318181818182,1.294318181818182,0.0
ALL_HELD_OUT,,MEDIUM,0.5,0.50,0.4,88,0.0,0.0,0.0,0.0,0.0,1.294318181818182,1.294318181818182,0.0
ALL_HELD_OUT,,MEDIUM,0.5,0.50,0.6,88,0.0,0.0,0.0,0.0,0.0,1.294318181818182,1.294318181818182,0.0
ALL_HELD_OUT,,MEDIUM,0.5,0.50,0.8,88,0.0,0.0,0.0,0.0,0.0,1.294318181818182,1.294318181818182,0.0
ALL_HELD_OUT,,MEDIUM,0.6,0.60,0.0,88,0.0,0.0,0.0,0.0,0.0,1.294318181818182,1.294318181818182,0.0
ALL_HELD_OUT,,MEDIUM,0.6,0.60,0.2,88,0.0,0.0,0.0,0.0,0.0,1.294318181818182,1.294318181818182,0.0
ALL_HELD_OUT,,MEDIUM,0.6,0.60,0.4,88,0.0,0.0,0.0,0.0,0.0,1.294318181818182,1.294318181818182,0.0
ALL_HELD_OUT,,MEDIUM,0.6,0.60,0.6,88,0.0,0.0,0.0,0.0,0.0,1.294318181818182,1.294318181818182,0.0
ALL_HELD_OUT,,MEDIUM,0.6,0.60,0.8,88,0.0,0.0,0.0,0.0,0.0,1.294318181818182,1.294318181818182,0.0
ALL_HELD_OUT,,MEDIUM,0.7,0.70,0.0,88,0.32840909090909093,0.20000000000000007,0.2590909090909091,0.4,0.7386363636363636,1.294318181818182,0.965909090909091,1.0
ALL_HELD_OUT,,MEDIUM,0.7,0.70,0.2,88,0.32840909090909093,0.20000000000000007,0.2590909090909091,0.39545454545454545,0.7386363636363636,1.294318181818182,0.965909090909091,1.0
ALL_HELD_OUT,,MEDIUM,0.7,0.70,0.4,88,0.32840909090909093,0.20000000000000007,0.26247159090909095,0.3977272727272727,0.7386363636363636,1.294318181818182,0.965909090909091,1.0
ALL_HELD_OUT,,MEDIUM,0.7,0.70,0.6,88,0.27386363636363636,0.15000000000000002,0.20906249999999998,0.33982954545454513,0.6590909090909091,1.294318181818182,1.0204545454545455,1.0
ALL_HELD_OUT,,MEDIUM,0.7,0.70,0.8,88,0.17840909090909093,0.0,0.12727272727272726,0.2295738636363635,0.42045454545454547,1.294318181818182,1.115909090909091,1.0
ALL_HELD_OUT,,MEDIUM,0.8,0.80,0.0,88,0.32840909090909093,0.20000000000000007,0.2590909090909091,0.3943465909090908,0.7386363636363636,1.294318181818182,0.965909090909091,1.0
ALL_HELD_OUT,,MEDIUM,0.8,0.80,0.2,88,0.32840909090909093,0.20000000000000007,0.26136363636363635,0.39886363636363636,0.7386363636363636,1.294318181818182,0.965909090909091,1.0
ALL_HELD_OUT,,MEDIUM,0.8,0.80,0.4,88,0.32840909090909093,0.20000000000000007,0.26136363636363635,0.39659090909090905,0.7386363636363636,1.294318181818182,0.965909090909091,1.0
ALL_HELD_OUT,,MEDIUM,0.8,0.80,0.6,88,0.27386363636363636,0.15000000000000002,0.2125,0.34204545454545454,0.6590909090909091,1.294318181818182,1.0204545454545455,1.0
ALL_HELD_OUT,,MEDIUM,0.8,0.80,0.8,88,0.17840909090909093,0.0,0.12838068181818182,0.23522727272727276,0.42045454545454547,1.294318181818182,1.115909090909091,1.0
ALL_HELD_OUT,,MEDIUM,0.9,0.90,0.0,88,0.32840909090909093,0.20000000000000007,0.26019886363636363,0.3988636363636363,0.7386363636363636,1.294318181818182,0.965909090909091,1.0
ALL_HELD_OUT,,MEDIUM,0.9,0.90,0.2,88,0.32840909090909093,0.20000000000000007,0.26477272727272727,0.39775568181818166,0.7386363636363636,1.294318181818182,0.965909090909091,1.0
ALL_HELD_OUT,,MEDIUM,0.9,0.90,0.4,88,0.32840909090909093,0.20000000000000007,0.26477272727272727,0.39999999999999997,0.7386363636363636,1.294318181818182,0.965909090909091,1.0
ALL_HELD_OUT,,MEDIUM,0.9,0.90,0.6,88,0.27386363636363636,0.15000000000000002,0.21250000000000002,0.3386363636363636,0.6590909090909091,1.294318181818182,1.0204545454545455,1.0
ALL_HELD_OUT,,MEDIUM,0.9,0.90,0.8,88,0.17840909090909093,0.0,0.12613636363636366,0.23863636363636365,0.42045454545454547,1.294318181818182,1.115909090909091,1.0
ALL_HELD_OUT,,MEDIUM,0.95,0.95,0.0,88,0.32840909090909093,0.20000000000000007,0.2647727272727272,0.4034090909090909,0.7386363636363636,1.294318181818182,0.965909090909091,1.0
ALL_HELD_OUT,,MEDIUM,0.95,0.95,0.2,88,0.32840909090909093,0.20000000000000007,0.2613636363636364,0.39886363636363636,0.7386363636363636,1.294318181818182,0.965909090909091,1.0
ALL_HELD_OUT,,MEDIUM,0.95,0.95,0.4,88,0.32840909090909093,0.20000000000000007,0.2625,0.3977272727272727,0.7386363636363636,1.294318181818182,0.965909090909091,1.0
ALL_HELD_OUT,,MEDIUM,0.95,0.95,0.6,88,0.27386363636363636,0.15000000000000002,0.21477272727272725,0.3386363636363636,0.6590909090909091,1.294318181818182,1.0204545454545455,1.0
ALL_HELD_OUT,,MEDIUM,0.95,0.95,0.8,88,0.17840909090909093,0.0,0.12954545454545457,0.23181818181818184,0.42045454545454547,1.294318181818182,1.115909090909091,1.0
ALL_HELD_OUT,,MEDIUM,0.98,0.98,0.0,88,0.32840909090909093,0.20000000000000007,0.2613352272727273,0.400028409090909,0.7386363636363636,1.294318181818182,0.965909090909091,1.0
ALL_HELD_OUT,,MEDIUM,0.98,0.98,0.2,88,0.32840909090909093,0.20000000000000007,0.26247159090909095,0.3977272727272727,0.7386363636363636,1.294318181818182,0.965909090909091,1.0
ALL_HELD_OUT,,MEDIUM,0.98,0.98,0.4,88,0.32840909090909093,0.20000000000000007,0.2625,0.39775568181818166,0.7386363636363636,1.294318181818182,0.965909090909091,1.0
ALL_HELD_OUT,,MEDIUM,0.98,0.98,0.6,88,0.27386363636363636,0.15000000000000002,0.21022727272727273,0.3386363636363636,0.6590909090909091,1.294318181818182,1.0204545454545455,1.0
ALL_HELD_OUT,,MEDIUM,0.98,0.98,0.8,88,0.17840909090909093,0.0,0.12613636363636366,0.23295454545454544,0.42045454545454547,1.294318181818182,1.115909090909091,1.0
ALL_HELD_OUT,,MEDIUM,0.99,0.99,0.0,88,0.32840909090909093,0.20000000000000007,0.26474431818181815,0.39431818181818185,0.7386363636363636,1.294318181818182,0.965909090909091,1.0
ALL_HELD_OUT,,MEDIUM,0.99,0.99,0.2,88,0.32840909090909093,0.20000000000000007,0.2625,0.3977272727272727,0.7386363636363636,1.294318181818182,0.965909090909091,1.0
ALL_HELD_OUT,,MEDIUM,0.99,0.99,0.4,88,0.32840909090909093,0.20000000000000007,0.26136363636363635,0.39545454545454545,0.7386363636363636,1.294318181818182,0.965909090909091,1.0
ALL_HELD_OUT,,MEDIUM,0.99,0.99,0.6,88,0.27386363636363636,0.15000000000000002,0.2113636363636364,0.33636363636363636,0.6590909090909091,1.294318181818182,1.0204545454545455,1.0
ALL_HELD_OUT,,MEDIUM,0.99,0.99,0.8,88,0.17840909090909093,0.0,0.12613636363636366,0.2318181818181818,0.42045454545454547,1.294318181818182,1.115909090909091,1.0
ALL_HELD_OUT,,MEDIUM,1.0,1.00,0.0,88,0.32840909090909093,0.20000000000000007,0.2579545454545455,0.3988636363636363,0.7386363636363636,1.294318181818182,0.965909090909091,1.0
ALL_HELD_OUT,,MEDIUM,1.0,1.00,0.2,88,0.32840909090909093,0.20000000000000007,0.26136363636363635,0.4011363636363636,0.7386363636363636,1.294318181818182,0.965909090909091,1.0
ALL_HELD_OUT,,MEDIUM,1.0,1.00,0.4,88,0.32840909090909093,0.20000000000000007,0.26247159090909095,0.396590909090909,0.7386363636363636,1.294318181818182,0.965909090909091,1.0
ALL_HELD_OUT,,MEDIUM,1.0,1.00,0.6,88,0.27386363636363636,0.15000000000000002,0.2136079545454545,0.3397727272727273,0.6590909090909091,1.294318181818182,1.0204545454545455,1.0
ALL_HELD_OUT,,MEDIUM,1.0,1.00,0.8,88,0.17840909090909093,0.0,0.1283806818181818,0.23295454545454544,0.42045454545454547,1.294318181818182,1.115909090909091,1.0
ALL_HELD_OUT,,CONSERVATIVE,0.3333333333333333,0.333333,0.0,88,0.0,0.0,0.0,0.0,0.0,1.5102272727272725,1.5102272727272725,0.0
ALL_HELD_OUT,,CONSERVATIVE,0.3333333333333333,0.333333,0.2,88,0.0,0.0,0.0,0.0,0.0,1.5102272727272725,1.5102272727272725,0.0
ALL_HELD_OUT,,CONSERVATIVE,0.3333333333333333,0.333333,0.4,88,0.0,0.0,0.0,0.0,0.0,1.5102272727272725,1.5102272727272725,0.0
ALL_HELD_OUT,,CONSERVATIVE,0.3333333333333333,0.333333,0.6,88,0.0,0.0,0.0,0.0,0.0,1.5102272727272725,1.5102272727272725,0.0
ALL_HELD_OUT,,CONSERVATIVE,0.3333333333333333,0.333333,0.8,88,0.0,0.0,0.0,0.0,0.0,1.5102272727272725,1.5102272727272725,0.0
ALL_HELD_OUT,,CONSERVATIVE,0.5,0.50,0.0,88,0.0,0.0,0.0,0.0,0.0,1.5102272727272725,1.5102272727272725,0.0
ALL_HELD_OUT,,CONSERVATIVE,0.5,0.50,0.2,88,0.0,0.0,0.0,0.0,0.0,1.5102272727272725,1.5102272727272725,0.0
ALL_HELD_OUT,,CONSERVATIVE,0.5,0.50,0.4,88,0.0,0.0,0.0,0.0,0.0,1.5102272727272725,1.5102272727272725,0.0
ALL_HELD_OUT,,CONSERVATIVE,0.5,0.50,0.6,88,0.0,0.0,0.0,0.0,0.0,1.5102272727272725,1.5102272727272725,0.0
ALL_HELD_OUT,,CONSERVATIVE,0.5,0.50,0.8,88,0.0,0.0,0.0,0.0,0.0,1.5102272727272725,1.5102272727272725,0.0
ALL_HELD_OUT,,CONSERVATIVE,0.6,0.60,0.0,88,0.0,0.0,0.0,0.0,0.0,1.5102272727272725,1.5102272727272725,0.0
ALL_HELD_OUT,,CONSERVATIVE,0.6,0.60,0.2,88,0.0,0.0,0.0,0.0,0.0,1.5102272727272725,1.5102272727272725,0.0
ALL_HELD_OUT,,CONSERVATIVE,0.6,0.60,0.4,88,0.0,0.0,0.0,0.0,0.0,1.5102272727272725,1.5102272727272725,0.0
ALL_HELD_OUT,,CONSERVATIVE,0.6,0.60,0.6,88,0.0,0.0,0.0,0.0,0.0,1.5102272727272725,1.5102272727272725,0.0
ALL_HELD_OUT,,CONSERVATIVE,0.6,0.60,0.8,88,0.0,0.0,0.0,0.0,0.0,1.5102272727272725,1.5102272727272725,0.0
ALL_HELD_OUT,,CONSERVATIVE,0.7,0.70,0.0,88,0.5443181818181818,0.5,0.4772727272727273,0.6148011363636362,0.9431818181818182,1.5102272727272725,0.965909090909091,1.0
ALL_HELD_OUT,,CONSERVATIVE,0.7,0.70,0.2,88,0.5443181818181818,0.5,0.4783806818181818,0.6147727272727272,0.9431818181818182,1.5102272727272725,0.965909090909091,1.0
ALL_HELD_OUT,,CONSERVATIVE,0.7,0.70,0.4,88,0.5443181818181818,0.5,0.4749715909090909,0.6147727272727272,0.9431818181818182,1.5102272727272725,0.965909090909091,1.0
ALL_HELD_OUT,,CONSERVATIVE,0.7,0.70,0.6,88,0.46931818181818186,0.5,0.4022443181818182,0.5397727272727273,0.8522727272727273,1.5102272727272725,1.0409090909090908,1.0
ALL_HELD_OUT,,CONSERVATIVE,0.7,0.70,0.8,88,0.3261363636363636,0.30000000000000004,0.2681818181818182,0.38298295454545445,0.6931818181818182,1.5102272727272725,1.1840909090909089,1.0
ALL_HELD_OUT,,CONSERVATIVE,0.8,0.80,0.0,88,0.5443181818181818,0.5,0.475,0.6147727272727272,0.9431818181818182,1.5102272727272725,0.965909090909091,1.0
ALL_HELD_OUT,,CONSERVATIVE,0.8,0.80,0.2,88,0.5443181818181818,0.5,0.47610795454545446,0.6124999999999999,0.9431818181818182,1.5102272727272725,0.965909090909091,1.0
ALL_HELD_OUT,,CONSERVATIVE,0.8,0.80,0.4,88,0.5443181818181818,0.5,0.47610795454545457,0.6124999999999999,0.9431818181818182,1.5102272727272725,0.965909090909091,1.0
ALL_HELD_OUT,,CONSERVATIVE,0.8,0.80,0.6,88,0.46931818181818186,0.5,0.40110795454545456,0.5352556818181817,0.8522727272727273,1.5102272727272725,1.0409090909090908,1.0
ALL_HELD_OUT,,CONSERVATIVE,0.8,0.80,0.8,88,0.3261363636363636,0.30000000000000004,0.26704545454545453,0.38636363636363635,0.6931818181818182,1.5102272727272725,1.1840909090909089,1.0
ALL_HELD_OUT,,CONSERVATIVE,0.9,0.90,0.0,88,0.5443181818181818,0.5,0.4772727272727273,0.6102272727272727,0.9431818181818182,1.5102272727272725,0.965909090909091,1.0
ALL_HELD_OUT,,CONSERVATIVE,0.9,0.90,0.2,88,0.5443181818181818,0.5,0.4749715909090909,0.6091193181818181,0.9431818181818182,1.5102272727272725,0.965909090909091,1.0
ALL_HELD_OUT,,CONSERVATIVE,0.9,0.90,0.4,88,0.5443181818181818,0.5,0.4818181818181818,0.6102272727272727,0.9431818181818182,1.5102272727272725,0.965909090909091,1.0
ALL_HELD_OUT,,CONSERVATIVE,0.9,0.90,0.6,88,0.46931818181818186,0.5,0.4034090909090909,0.5363636363636364,0.8522727272727273,1.5102272727272725,1.0409090909090908,1.0
ALL_HELD_OUT,,CONSERVATIVE,0.9,0.90,0.8,88,0.3261363636363636,0.30000000000000004,0.26704545454545453,0.38298295454545445,0.6931818181818182,1.5102272727272725,1.1840909090909089,1.0
ALL_HELD_OUT,,CONSERVATIVE,0.95,0.95,0.0,88,0.5443181818181818,0.5,0.475,0.6113920454545453,0.9431818181818182,1.5102272727272725,0.965909090909091,1.0
ALL_HELD_OUT,,CONSERVATIVE,0.95,0.95,0.2,88,0.5443181818181818,0.5,0.47610795454545446,0.6102272727272727,0.9431818181818182,1.5102272727272725,0.965909090909091,1.0
ALL_HELD_OUT,,CONSERVATIVE,0.95,0.95,0.4,88,0.5443181818181818,0.5,0.47724431818181823,0.6113636363636363,0.9431818181818182,1.5102272727272725,0.965909090909091,1.0
ALL_HELD_OUT,,CONSERVATIVE,0.95,0.95,0.6,88,0.46931818181818186,0.5,0.40110795454545456,0.5340909090909091,0.8522727272727273,1.5102272727272725,1.0409090909090908,1.0
ALL_HELD_OUT,,CONSERVATIVE,0.95,0.95,0.8,88,0.3261363636363636,0.30000000000000004,0.26704545454545453,0.3875,0.6931818181818182,1.5102272727272725,1.1840909090909089,1.0
ALL_HELD_OUT,,CONSERVATIVE,0.98,0.98,0.0,88,0.5443181818181818,0.5,0.47613636363636364,0.6114204545454542,0.9431818181818182,1.5102272727272725,0.965909090909091,1.0
ALL_HELD_OUT,,CONSERVATIVE,0.98,0.98,0.2,88,0.5443181818181818,0.5,0.47613636363636364,0.6113636363636363,0.9431818181818182,1.5102272727272725,0.965909090909091,1.0
ALL_HELD_OUT,,CONSERVATIVE,0.98,0.98,0.4,88,0.5443181818181818,0.5,0.47613636363636364,0.6102556818181817,0.9431818181818182,1.5102272727272725,0.965909090909091,1.0
ALL_HELD_OUT,,CONSERVATIVE,0.98,0.98,0.6,88,0.46931818181818186,0.5,0.40678977272727274,0.534119318181818,0.8522727272727273,1.5102272727272725,1.0409090909090908,1.0
ALL_HELD_OUT,,CONSERVATIVE,0.98,0.98,0.8,88,0.3261363636363636,0.30000000000000004,0.2647443181818182,0.3897727272727272,0.6931818181818182,1.5102272727272725,1.1840909090909089,1.0
ALL_HELD_OUT,,CONSERVATIVE,0.99,0.99,0.0,88,0.5443181818181818,0.5,0.4772727272727273,0.6102556818181817,0.9431818181818182,1.5102272727272725,0.965909090909091,1.0
ALL_HELD_OUT,,CONSERVATIVE,0.99,0.99,0.2,88,0.5443181818181818,0.5,0.4772727272727273,0.6147727272727272,0.9431818181818182,1.5102272727272725,0.965909090909091,1.0
ALL_HELD_OUT,,CONSERVATIVE,0.99,0.99,0.4,88,0.5443181818181818,0.5,0.47840909090909084,0.6102272727272727,0.9431818181818182,1.5102272727272725,0.965909090909091,1.0
ALL_HELD_OUT,,CONSERVATIVE,0.99,0.99,0.6,88,0.46931818181818186,0.5,0.4034090909090909,0.5363636363636363,0.8522727272727273,1.5102272727272725,1.0409090909090908,1.0
ALL_HELD_OUT,,CONSERVATIVE,0.99,0.99,0.8,88,0.3261363636363636,0.30000000000000004,0.26590909090909093,0.38863636363636367,0.6931818181818182,1.5102272727272725,1.1840909090909089,1.0
ALL_HELD_OUT,,CONSERVATIVE,1.0,1.00,0.0,88,0.5443181818181818,0.5,0.47613636363636364,0.6102272727272727,0.9431818181818182,1.5102272727272725,0.965909090909091,1.0
ALL_HELD_OUT,,CONSERVATIVE,1.0,1.00,0.2,88,0.5443181818181818,0.5,0.4783806818181818,0.6113636363636363,0.9431818181818182,1.5102272727272725,0.965909090909091,1.0
ALL_HELD_OUT,,CONSERVATIVE,1.0,1.00,0.4,88,0.5443181818181818,0.5,0.4783806818181818,0.6113920454545453,0.9431818181818182,1.5102272727272725,0.965909090909091,1.0
ALL_HELD_OUT,,CONSERVATIVE,1.0,1.00,0.6,88,0.46931818181818186,0.5,0.4034090909090909,0.534119318181818,0.8522727272727273,1.5102272727272725,1.0409090909090908,1.0
ALL_HELD_OUT,,CONSERVATIVE,1.0,1.00,0.8,88,0.3261363636363636,0.30000000000000004,0.2681818181818182,0.3863920454545454,0.6931818181818182,1.5102272727272725,1.1840909090909089,1.0
SESSION,A,FAST,0.3333333333333333,0.333333,0.0,30,0.0,0.0,0.0,0.0,0.0,1.2433333333333334,1.2433333333333334,0.0
SESSION,B1,FAST,0.3333333333333333,0.333333,0.0,29,0.0,0.0,0.0,0.0,0.0,1.182758620689655,1.182758620689655,0.0
SESSION,B2,FAST,0.3333333333333333,0.333333,0.0,29,0.0,0.0,0.0,0.0,0.0,1.1172413793103448,1.1172413793103448,0.0
SESSION,A,FAST,0.3333333333333333,0.333333,0.2,30,0.0,0.0,0.0,0.0,0.0,1.2433333333333334,1.2433333333333334,0.0
SESSION,B1,FAST,0.3333333333333333,0.333333,0.2,29,0.0,0.0,0.0,0.0,0.0,1.182758620689655,1.182758620689655,0.0
SESSION,B2,FAST,0.3333333333333333,0.333333,0.2,29,0.0,0.0,0.0,0.0,0.0,1.1172413793103448,1.1172413793103448,0.0
SESSION,A,FAST,0.3333333333333333,0.333333,0.4,30,0.0,0.0,0.0,0.0,0.0,1.2433333333333334,1.2433333333333334,0.0
SESSION,B1,FAST,0.3333333333333333,0.333333,0.4,29,0.0,0.0,0.0,0.0,0.0,1.182758620689655,1.182758620689655,0.0
SESSION,B2,FAST,0.3333333333333333,0.333333,0.4,29,0.0,0.0,0.0,0.0,0.0,1.1172413793103448,1.1172413793103448,0.0
SESSION,A,FAST,0.3333333333333333,0.333333,0.6,30,0.0,0.0,0.0,0.0,0.0,1.2433333333333334,1.2433333333333334,0.0
SESSION,B1,FAST,0.3333333333333333,0.333333,0.6,29,0.0,0.0,0.0,0.0,0.0,1.182758620689655,1.182758620689655,0.0
SESSION,B2,FAST,0.3333333333333333,0.333333,0.6,29,0.0,0.0,0.0,0.0,0.0,1.1172413793103448,1.1172413793103448,0.0
SESSION,A,FAST,0.3333333333333333,0.333333,0.8,30,0.0,0.0,0.0,0.0,0.0,1.2433333333333334,1.2433333333333334,0.0
SESSION,B1,FAST,0.3333333333333333,0.333333,0.8,29,0.0,0.0,0.0,0.0,0.0,1.182758620689655,1.182758620689655,0.0
SESSION,B2,FAST,0.3333333333333333,0.333333,0.8,29,0.0,0.0,0.0,0.0,0.0,1.1172413793103448,1.1172413793103448,0.0
SESSION,A,FAST,0.5,0.50,0.0,30,0.0,0.0,0.0,0.0,0.0,1.2433333333333334,1.2433333333333334,0.0
SESSION,B1,FAST,0.5,0.50,0.0,29,0.0,0.0,0.0,0.0,0.0,1.182758620689655,1.182758620689655,0.0
SESSION,B2,FAST,0.5,0.50,0.0,29,0.0,0.0,0.0,0.0,0.0,1.1172413793103448,1.1172413793103448,0.0
SESSION,A,FAST,0.5,0.50,0.2,30,0.0,0.0,0.0,0.0,0.0,1.2433333333333334,1.2433333333333334,0.0
SESSION,B1,FAST,0.5,0.50,0.2,29,0.0,0.0,0.0,0.0,0.0,1.182758620689655,1.182758620689655,0.0
SESSION,B2,FAST,0.5,0.50,0.2,29,0.0,0.0,0.0,0.0,0.0,1.1172413793103448,1.1172413793103448,0.0
SESSION,A,FAST,0.5,0.50,0.4,30,0.0,0.0,0.0,0.0,0.0,1.2433333333333334,1.2433333333333334,0.0
SESSION,B1,FAST,0.5,0.50,0.4,29,0.0,0.0,0.0,0.0,0.0,1.182758620689655,1.182758620689655,0.0
SESSION,B2,FAST,0.5,0.50,0.4,29,0.0,0.0,0.0,0.0,0.0,1.1172413793103448,1.1172413793103448,0.0
SESSION,A,FAST,0.5,0.50,0.6,30,0.0,0.0,0.0,0.0,0.0,1.2433333333333334,1.2433333333333334,0.0
SESSION,B1,FAST,0.5,0.50,0.6,29,0.0,0.0,0.0,0.0,0.0,1.182758620689655,1.182758620689655,0.0
SESSION,B2,FAST,0.5,0.50,0.6,29,0.0,0.0,0.0,0.0,0.0,1.1172413793103448,1.1172413793103448,0.0
SESSION,A,FAST,0.5,0.50,0.8,30,0.0,0.0,0.0,0.0,0.0,1.2433333333333334,1.2433333333333334,0.0
SESSION,B1,FAST,0.5,0.50,0.8,29,0.0,0.0,0.0,0.0,0.0,1.182758620689655,1.182758620689655,0.0
SESSION,B2,FAST,0.5,0.50,0.8,29,0.0,0.0,0.0,0.0,0.0,1.1172413793103448,1.1172413793103448,0.0
SESSION,A,FAST,0.6,0.60,0.0,30,0.0,0.0,0.0,0.0,0.0,1.2433333333333334,1.2433333333333334,0.0
SESSION,B1,FAST,0.6,0.60,0.0,29,0.0,0.0,0.0,0.0,0.0,1.182758620689655,1.182758620689655,0.0
SESSION,B2,FAST,0.6,0.60,0.0,29,0.0,0.0,0.0,0.0,0.0,1.1172413793103448,1.1172413793103448,0.0
SESSION,A,FAST,0.6,0.60,0.2,30,0.0,0.0,0.0,0.0,0.0,1.2433333333333334,1.2433333333333334,0.0
SESSION,B1,FAST,0.6,0.60,0.2,29,0.0,0.0,0.0,0.0,0.0,1.182758620689655,1.182758620689655,0.0
SESSION,B2,FAST,0.6,0.60,0.2,29,0.0,0.0,0.0,0.0,0.0,1.1172413793103448,1.1172413793103448,0.0
SESSION,A,FAST,0.6,0.60,0.4,30,0.0,0.0,0.0,0.0,0.0,1.2433333333333334,1.2433333333333334,0.0
SESSION,B1,FAST,0.6,0.60,0.4,29,0.0,0.0,0.0,0.0,0.0,1.182758620689655,1.182758620689655,0.0
SESSION,B2,FAST,0.6,0.60,0.4,29,0.0,0.0,0.0,0.0,0.0,1.1172413793103448,1.1172413793103448,0.0
SESSION,A,FAST,0.6,0.60,0.6,30,0.0,0.0,0.0,0.0,0.0,1.2433333333333334,1.2433333333333334,0.0
SESSION,B1,FAST,0.6,0.60,0.6,29,0.0,0.0,0.0,0.0,0.0,1.182758620689655,1.182758620689655,0.0
SESSION,B2,FAST,0.6,0.60,0.6,29,0.0,0.0,0.0,0.0,0.0,1.1172413793103448,1.1172413793103448,0.0
SESSION,A,FAST,0.6,0.60,0.8,30,0.0,0.0,0.0,0.0,0.0,1.2433333333333334,1.2433333333333334,0.0
SESSION,B1,FAST,0.6,0.60,0.8,29,0.0,0.0,0.0,0.0,0.0,1.182758620689655,1.182758620689655,0.0
SESSION,B2,FAST,0.6,0.60,0.8,29,0.0,0.0,0.0,0.0,0.0,1.1172413793103448,1.1172413793103448,0.0
SESSION,A,FAST,0.7,0.70,0.0,30,0.26666666666666666,0.20000000000000007,0.18666666666666668,0.35666666666666663,0.8,1.2433333333333334,0.9766666666666665,1.0
SESSION,B1,FAST,0.7,0.70,0.0,29,0.23448275862068968,0.09999999999999998,0.1206896551724138,0.36215517241379264,0.5172413793103449,1.182758620689655,0.9482758620689653,1.0
SESSION,B2,FAST,0.7,0.70,0.0,29,0.14482758620689654,0.0,0.06551724137931032,0.2448275862068965,0.3793103448275862,1.1172413793103448,0.9724137931034481,1.0
SESSION,A,FAST,0.7,0.70,0.2,30,0.26666666666666666,0.20000000000000007,0.18666666666666668,0.35666666666666663,0.8,1.2433333333333334,0.9766666666666665,1.0
SESSION,B1,FAST,0.7,0.70,0.2,29,0.23448275862068968,0.09999999999999998,0.1206896551724138,0.35862068965517235,0.5172413793103449,1.182758620689655,0.9482758620689653,1.0
SESSION,B2,FAST,0.7,0.70,0.2,29,0.14482758620689654,0.0,0.0689655172413793,0.2413793103448275,0.3793103448275862,1.1172413793103448,0.9724137931034481,1.0
SESSION,A,FAST,0.7,0.70,0.4,30,0.26666666666666666,0.20000000000000007,0.1866666666666667,0.35666666666666663,0.8,1.2433333333333334,0.9766666666666665,1.0
SESSION,B1,FAST,0.7,0.70,0.4,29,0.23448275862068968,0.09999999999999998,0.12413793103448274,0.3655172413793103,0.5172413793103449,1.182758620689655,0.9482758620689653,1.0
SESSION,B2,FAST,0.7,0.70,0.4,29,0.14482758620689654,0.0,0.06206896551724136,0.23793103448275857,0.3793103448275862,1.1172413793103448,0.9724137931034481,1.0
SESSION,A,FAST,0.7,0.70,0.6,30,0.21000000000000002,0.10000000000000009,0.13,0.3000833333333329,0.7333333333333333,1.2433333333333334,1.0333333333333334,1.0
SESSION,B1,FAST,0.7,0.70,0.6,29,0.19310344827586207,0.0,0.08965517241379309,0.3173275862068961,0.3793103448275862,1.182758620689655,0.989655172413793,1.0
SESSION,B2,FAST,0.7,0.70,0.6,29,0.11724137931034481,0.0,0.04482758620689654,0.20689655172413793,0.3103448275862069,1.1172413793103448,0.9999999999999999,1.0
SESSION,A,FAST,0.7,0.70,0.8,30,0.11666666666666667,0.0,0.05000000000000001,0.19666666666666668,0.3333333333333333,1.2433333333333334,1.1266666666666667,1.0
SESSION,B1,FAST,0.7,0.70,0.8,29,0.13448275862068965,0.0,0.05172413793103448,0.23103448275862065,0.27586206896551724,1.182758620689655,1.0482758620689654,1.0
SESSION,B2,FAST,0.7,0.70,0.8,29,0.06206896551724137,0.0,0.013793103448275858,0.12422413793103403,0.20689655172413793,1.1172413793103448,1.0551724137931033,1.0
SESSION,A,FAST,0.8,0.80,0.0,30,0.26666666666666666,0.20000000000000007,0.18991666666666665,0.36,0.8,1.2433333333333334,0.9766666666666665,1.0
SESSION,B1,FAST,0.8,0.80,0.0,29,0.23448275862068968,0.09999999999999998,0.12413793103448274,0.3655172413793103,0.5172413793103449,1.182758620689655,0.9482758620689653,1.0
SESSION,B2,FAST,0.8,0.80,0.0,29,0.14482758620689654,0.0,0.06551724137931034,0.2448275862068965,0.3793103448275862,1.1172413793103448,0.9724137931034481,1.0
SESSION,A,FAST,0.8,0.80,0.2,30,0.26666666666666666,0.20000000000000007,0.18666666666666668,0.3533333333333333,0.8,1.2433333333333334,0.9766666666666665,1.0
SESSION,B1,FAST,0.8,0.80,0.2,29,0.23448275862068968,0.09999999999999998,0.1206896551724138,0.3655172413793103,0.5172413793103449,1.182758620689655,0.9482758620689653,1.0
SESSION,B2,FAST,0.8,0.80,0.2,29,0.14482758620689654,0.0,0.058620689655172406,0.24137931034482757,0.3793103448275862,1.1172413793103448,0.9724137931034481,1.0
SESSION,A,FAST,0.8,0.80,0.4,30,0.26666666666666666,0.20000000000000007,0.18666666666666665,0.3566666666666667,0.8,1.2433333333333334,0.9766666666666665,1.0
SESSION,B1,FAST,0.8,0.80,0.4,29,0.23448275862068968,0.09999999999999998,0.12068965517241378,0.3656034482758616,0.5172413793103449,1.182758620689655,0.9482758620689653,1.0
SESSION,B2,FAST,0.8,0.80,0.4,29,0.14482758620689654,0.0,0.058620689655172406,0.23801724137930985,0.3793103448275862,1.1172413793103448,0.9724137931034481,1.0
SESSION,A,FAST,0.8,0.80,0.6,30,0.21000000000000002,0.10000000000000009,0.13000000000000003,0.2966666666666667,0.7333333333333333,1.2433333333333334,1.0333333333333334,1.0
SESSION,B1,FAST,0.8,0.80,0.6,29,0.19310344827586207,0.0,0.08620689655172414,0.31724137931034485,0.3793103448275862,1.182758620689655,0.989655172413793,1.0
SESSION,B2,FAST,0.8,0.80,0.6,29,0.11724137931034481,0.0,0.04482758620689654,0.20689655172413793,0.3103448275862069,1.1172413793103448,0.9999999999999999,1.0
SESSION,A,FAST,0.8,0.80,0.8,30,0.11666666666666667,0.0,0.04666666666666668,0.19666666666666668,0.3333333333333333,1.2433333333333334,1.1266666666666667,1.0
SESSION,B1,FAST,0.8,0.80,0.8,29,0.13448275862068965,0.0,0.05517241379310344,0.23103448275862065,0.27586206896551724,1.182758620689655,1.0482758620689654,1.0
SESSION,B2,FAST,0.8,0.80,0.8,29,0.06206896551724137,0.0,0.013793103448275858,0.12758620689655173,0.20689655172413793,1.1172413793103448,1.0551724137931033,1.0
SESSION,A,FAST,0.9,0.90,0.0,30,0.26666666666666666,0.20000000000000007,0.18666666666666668,0.35999999999999993,0.8,1.2433333333333334,0.9766666666666665,1.0
SESSION,B1,FAST,0.9,0.90,0.0,29,0.23448275862068968,0.09999999999999998,0.11724137931034484,0.36551724137931035,0.5172413793103449,1.182758620689655,0.9482758620689653,1.0
SESSION,B2,FAST,0.9,0.90,0.0,29,0.14482758620689654,0.0,0.06551724137931032,0.25172413793103443,0.3793103448275862,1.1172413793103448,0.9724137931034481,1.0
SESSION,A,FAST,0.9,0.90,0.2,30,0.26666666666666666,0.20000000000000007,0.1865833333333333,0.3566666666666666,0.8,1.2433333333333334,0.9766666666666665,1.0
SESSION,B1,FAST,0.9,0.90,0.2,29,0.23448275862068968,0.09999999999999998,0.1206896551724138,0.3655172413793103,0.5172413793103449,1.182758620689655,0.9482758620689653,1.0
SESSION,B2,FAST,0.9,0.90,0.2,29,0.14482758620689654,0.0,0.06206896551724137,0.24827586206896549,0.3793103448275862,1.1172413793103448,0.9724137931034481,1.0
SESSION,A,FAST,0.9,0.90,0.4,30,0.26666666666666666,0.20000000000000007,0.18666666666666665,0.3633333333333333,0.8,1.2433333333333334,0.9766666666666665,1.0
SESSION,B1,FAST,0.9,0.90,0.4,29,0.23448275862068968,0.09999999999999998,0.12413793103448274,0.3655172413793103,0.5172413793103449,1.182758620689655,0.9482758620689653,1.0
SESSION,B2,FAST,0.9,0.90,0.4,29,0.14482758620689654,0.0,0.06206896551724136,0.2448275862068965,0.3793103448275862,1.1172413793103448,0.9724137931034481,1.0
SESSION,A,FAST,0.9,0.90,0.6,30,0.21000000000000002,0.10000000000000009,0.13333333333333333,0.29666666666666663,0.7333333333333333,1.2433333333333334,1.0333333333333334,1.0
SESSION,B1,FAST,0.9,0.90,0.6,29,0.19310344827586207,0.0,0.08275862068965519,0.3103448275862069,0.3793103448275862,1.182758620689655,0.989655172413793,1.0
SESSION,B2,FAST,0.9,0.90,0.6,29,0.11724137931034481,0.0,0.044827586206896544,0.2068965517241379,0.3103448275862069,1.1172413793103448,0.9999999999999999,1.0
SESSION,A,FAST,0.9,0.90,0.8,30,0.11666666666666667,0.0,0.05000000000000001,0.19666666666666668,0.3333333333333333,1.2433333333333334,1.1266666666666667,1.0
SESSION,B1,FAST,0.9,0.90,0.8,29,0.13448275862068965,0.0,0.04827586206896553,0.2275862068965517,0.27586206896551724,1.182758620689655,1.0482758620689654,1.0
SESSION,B2,FAST,0.9,0.90,0.8,29,0.06206896551724137,0.0,0.013793103448275858,0.13103448275862067,0.20689655172413793,1.1172413793103448,1.0551724137931033,1.0
SESSION,A,FAST,0.95,0.95,0.0,30,0.26666666666666666,0.20000000000000007,0.19,0.3500833333333329,0.8,1.2433333333333334,0.9766666666666665,1.0
SESSION,B1,FAST,0.95,0.95,0.0,29,0.23448275862068968,0.09999999999999998,0.12060344827586209,0.3656034482758616,0.5172413793103449,1.182758620689655,0.9482758620689653,1.0
SESSION,B2,FAST,0.95,0.95,0.0,29,0.14482758620689654,0.0,0.06551724137931034,0.24137931034482757,0.3793103448275862,1.1172413793103448,0.9724137931034481,1.0
SESSION,A,FAST,0.95,0.95,0.2,30,0.26666666666666666,0.20000000000000007,0.18666666666666665,0.35666666666666663,0.8,1.2433333333333334,0.9766666666666665,1.0
SESSION,B1,FAST,0.95,0.95,0.2,29,0.23448275862068968,0.09999999999999998,0.11724137931034481,0.36896551724137927,0.5172413793103449,1.182758620689655,0.9482758620689653,1.0
SESSION,B2,FAST,0.95,0.95,0.2,29,0.14482758620689654,0.0,0.06551724137931032,0.2448275862068965,0.3793103448275862,1.1172413793103448,0.9724137931034481,1.0
SESSION,A,FAST,0.95,0.95,0.4,30,0.26666666666666666,0.20000000000000007,0.18333333333333338,0.35333333333333333,0.8,1.2433333333333334,0.9766666666666665,1.0
SESSION,B1,FAST,0.95,0.95,0.4,29,0.23448275862068968,0.09999999999999998,0.11724137931034481,0.3620689655172413,0.5172413793103449,1.182758620689655,0.9482758620689653,1.0
SESSION,B2,FAST,0.95,0.95,0.4,29,0.14482758620689654,0.0,0.06206896551724137,0.24146551724137885,0.3793103448275862,1.1172413793103448,0.9724137931034481,1.0
SESSION,A,FAST,0.95,0.95,0.6,30,0.21000000000000002,0.10000000000000009,0.13666666666666666,0.2966666666666667,0.7333333333333333,1.2433333333333334,1.0333333333333334,1.0
SESSION,B1,FAST,0.95,0.95,0.6,29,0.19310344827586207,0.0,0.08275862068965519,0.31379310344827593,0.3793103448275862,1.182758620689655,0.989655172413793,1.0
SESSION,B2,FAST,0.95,0.95,0.6,29,0.11724137931034481,0.0,0.04827586206896551,0.21034482758620687,0.3103448275862069,1.1172413793103448,0.9999999999999999,1.0
SESSION,A,FAST,0.95,0.95,0.8,30,0.11666666666666667,0.0,0.04658333333333333,0.19,0.3333333333333333,1.2433333333333334,1.1266666666666667,1.0
SESSION,B1,FAST,0.95,0.95,0.8,29,0.13448275862068965,0.0,0.05172413793103448,0.23448275862068965,0.27586206896551724,1.182758620689655,1.0482758620689654,1.0
SESSION,B2,FAST,0.95,0.95,0.8,29,0.06206896551724137,0.0,0.010344827586206898,0.12413793103448274,0.20689655172413793,1.1172413793103448,1.0551724137931033,1.0
SESSION,A,FAST,0.98,0.98,0.0,30,0.26666666666666666,0.20000000000000007,0.18666666666666665,0.35666666666666663,0.8,1.2433333333333334,0.9766666666666665,1.0
SESSION,B1,FAST,0.98,0.98,0.0,29,0.23448275862068968,0.09999999999999998,0.11724137931034483,0.3655172413793103,0.5172413793103449,1.182758620689655,0.9482758620689653,1.0
SESSION,B2,FAST,0.98,0.98,0.0,29,0.14482758620689654,0.0,0.06551724137931032,0.2448275862068965,0.3793103448275862,1.1172413793103448,0.9724137931034481,1.0
SESSION,A,FAST,0.98,0.98,0.2,30,0.26666666666666666,0.20000000000000007,0.18666666666666665,0.3466666666666667,0.8,1.2433333333333334,0.9766666666666665,1.0
SESSION,B1,FAST,0.98,0.98,0.2,29,0.23448275862068968,0.09999999999999998,0.11724137931034483,0.35862068965517235,0.5172413793103449,1.182758620689655,0.9482758620689653,1.0
SESSION,B2,FAST,0.98,0.98,0.2,29,0.14482758620689654,0.0,0.06206896551724136,0.24137931034482757,0.3793103448275862,1.1172413793103448,0.9724137931034481,1.0
SESSION,A,FAST,0.98,0.98,0.4,30,0.26666666666666666,0.20000000000000007,0.19333333333333333,0.3633333333333333,0.8,1.2433333333333334,0.9766666666666665,1.0
SESSION,B1,FAST,0.98,0.98,0.4,29,0.23448275862068968,0.09999999999999998,0.11379310344827585,0.3620689655172414,0.5172413793103449,1.182758620689655,0.9482758620689653,1.0
SESSION,B2,FAST,0.98,0.98,0.4,29,0.14482758620689654,0.0,0.06551724137931032,0.23793103448275857,0.3793103448275862,1.1172413793103448,0.9724137931034481,1.0
SESSION,A,FAST,0.98,0.98,0.6,30,0.21000000000000002,0.10000000000000009,0.1333333333333334,0.29999999999999993,0.7333333333333333,1.2433333333333334,1.0333333333333334,1.0
SESSION,B1,FAST,0.98,0.98,0.6,29,0.19310344827586207,0.0,0.08620689655172414,0.3137931034482758,0.3793103448275862,1.182758620689655,0.989655172413793,1.0
SESSION,B2,FAST,0.98,0.98,0.6,29,0.11724137931034481,0.0,0.04482758620689654,0.20344827586206896,0.3103448275862069,1.1172413793103448,0.9999999999999999,1.0
SESSION,A,FAST,0.98,0.98,0.8,30,0.11666666666666667,0.0,0.05000000000000001,0.19666666666666668,0.3333333333333333,1.2433333333333334,1.1266666666666667,1.0
SESSION,B1,FAST,0.98,0.98,0.8,29,0.13448275862068965,0.0,0.051724137931034496,0.2275862068965517,0.27586206896551724,1.182758620689655,1.0482758620689654,1.0
SESSION,B2,FAST,0.98,0.98,0.8,29,0.06206896551724137,0.0,0.010344827586206898,0.12758620689655173,0.20689655172413793,1.1172413793103448,1.0551724137931033,1.0
SESSION,A,FAST,0.99,0.99,0.0,30,0.26666666666666666,0.20000000000000007,0.19,0.35333333333333333,0.8,1.2433333333333334,0.9766666666666665,1.0
SESSION,B1,FAST,0.99,0.99,0.0,29,0.23448275862068968,0.09999999999999998,0.11724137931034483,0.36551724137931035,0.5172413793103449,1.182758620689655,0.9482758620689653,1.0
SESSION,B2,FAST,0.99,0.99,0.0,29,0.14482758620689654,0.0,0.06551724137931032,0.24137931034482757,0.3793103448275862,1.1172413793103448,0.9724137931034481,1.0
SESSION,A,FAST,0.99,0.99,0.2,30,0.26666666666666666,0.20000000000000007,0.19,0.3566666666666666,0.8,1.2433333333333334,0.9766666666666665,1.0
SESSION,B1,FAST,0.99,0.99,0.2,29,0.23448275862068968,0.09999999999999998,0.12068965517241378,0.35862068965517235,0.5172413793103449,1.182758620689655,0.9482758620689653,1.0
SESSION,B2,FAST,0.99,0.99,0.2,29,0.14482758620689654,0.0,0.06543103448275861,0.2448275862068965,0.3793103448275862,1.1172413793103448,0.9724137931034481,1.0
SESSION,A,FAST,0.99,0.99,0.4,30,0.26666666666666666,0.20000000000000007,0.19,0.3499999999999999,0.8,1.2433333333333334,0.9766666666666665,1.0
SESSION,B1,FAST,0.99,0.99,0.4,29,0.23448275862068968,0.09999999999999998,0.1206896551724138,0.3587068965517236,0.5172413793103449,1.182758620689655,0.9482758620689653,1.0
SESSION,B2,FAST,0.99,0.99,0.4,29,0.14482758620689654,0.0,0.06206896551724137,0.23793103448275857,0.3793103448275862,1.1172413793103448,0.9724137931034481,1.0
SESSION,A,FAST,0.99,0.99,0.6,30,0.21000000000000002,0.10000000000000009,0.13333333333333333,0.30008333333333287,0.7333333333333333,1.2433333333333334,1.0333333333333334,1.0
SESSION,B1,FAST,0.99,0.99,0.6,29,0.19310344827586207,0.0,0.08965517241379309,0.3138793103448271,0.3793103448275862,1.182758620689655,0.989655172413793,1.0
SESSION,B2,FAST,0.99,0.99,0.6,29,0.11724137931034481,0.0,0.04482758620689654,0.19999999999999998,0.3103448275862069,1.1172413793103448,0.9999999999999999,1.0
SESSION,A,FAST,0.99,0.99,0.8,30,0.11666666666666667,0.0,0.046666666666666676,0.19,0.3333333333333333,1.2433333333333334,1.1266666666666667,1.0
SESSION,B1,FAST,0.99,0.99,0.8,29,0.13448275862068965,0.0,0.05172413793103449,0.22422413793103405,0.27586206896551724,1.182758620689655,1.0482758620689654,1.0
SESSION,B2,FAST,0.99,0.99,0.8,29,0.06206896551724137,0.0,0.013793103448275858,0.12758620689655173,0.20689655172413793,1.1172413793103448,1.0551724137931033,1.0
SESSION,A,FAST,1.0,1.00,0.0,30,0.26666666666666666,0.20000000000000007,0.18333333333333332,0.35666666666666663,0.8,1.2433333333333334,0.9766666666666665,1.0
SESSION,B1,FAST,1.0,1.00,0.0,29,0.23448275862068968,0.09999999999999998,0.1206896551724138,0.3620689655172413,0.5172413793103449,1.182758620689655,0.9482758620689653,1.0
SESSION,B2,FAST,1.0,1.00,0.0,29,0.14482758620689654,0.0,0.06206896551724136,0.24482758620689654,0.3793103448275862,1.1172413793103448,0.9724137931034481,1.0
SESSION,A,FAST,1.0,1.00,0.2,30,0.26666666666666666,0.20000000000000007,0.18666666666666665,0.3566666666666666,0.8,1.2433333333333334,0.9766666666666665,1.0
SESSION,B1,FAST,1.0,1.00,0.2,29,0.23448275862068968,0.09999999999999998,0.1206896551724138,0.3689655172413792,0.5172413793103449,1.182758620689655,0.9482758620689653,1.0
SESSION,B2,FAST,1.0,1.00,0.2,29,0.14482758620689654,0.0,0.06543103448275861,0.23793103448275857,0.3793103448275862,1.1172413793103448,0.9724137931034481,1.0
SESSION,A,FAST,1.0,1.00,0.4,30,0.26666666666666666,0.20000000000000007,0.18666666666666668,0.35666666666666663,0.8,1.2433333333333334,0.9766666666666665,1.0
SESSION,B1,FAST,1.0,1.00,0.4,29,0.23448275862068968,0.09999999999999998,0.12413793103448274,0.3689655172413792,0.5172413793103449,1.182758620689655,0.9482758620689653,1.0
SESSION,B2,FAST,1.0,1.00,0.4,29,0.14482758620689654,0.0,0.06206896551724137,0.23448275862068965,0.3793103448275862,1.1172413793103448,0.9724137931034481,1.0
SESSION,A,FAST,1.0,1.00,0.6,30,0.21000000000000002,0.10000000000000009,0.1333333333333334,0.2966666666666667,0.7333333333333333,1.2433333333333334,1.0333333333333334,1.0
SESSION,B1,FAST,1.0,1.00,0.6,29,0.19310344827586207,0.0,0.08965517241379309,0.31724137931034485,0.3793103448275862,1.182758620689655,0.989655172413793,1.0
SESSION,B2,FAST,1.0,1.00,0.6,29,0.11724137931034481,0.0,0.04827586206896551,0.2068965517241379,0.3103448275862069,1.1172413793103448,0.9999999999999999,1.0
SESSION,A,FAST,1.0,1.00,0.8,30,0.11666666666666667,0.0,0.05000000000000001,0.19333333333333336,0.3333333333333333,1.2433333333333334,1.1266666666666667,1.0
SESSION,B1,FAST,1.0,1.00,0.8,29,0.13448275862068965,0.0,0.05172413793103448,0.22758620689655176,0.27586206896551724,1.182758620689655,1.0482758620689654,1.0
SESSION,B2,FAST,1.0,1.00,0.8,29,0.06206896551724137,0.0,0.013793103448275858,0.12413793103448274,0.20689655172413793,1.1172413793103448,1.0551724137931033,1.0
SESSION,A,MEDIUM,0.3333333333333333,0.333333,0.0,30,0.0,0.0,0.0,0.0,0.0,1.4200000000000002,1.4200000000000002,0.0
SESSION,B1,MEDIUM,0.3333333333333333,0.333333,0.0,29,0.0,0.0,0.0,0.0,0.0,1.2517241379310344,1.2517241379310344,0.0
SESSION,B2,MEDIUM,0.3333333333333333,0.333333,0.0,29,0.0,0.0,0.0,0.0,0.0,1.206896551724138,1.206896551724138,0.0
SESSION,A,MEDIUM,0.3333333333333333,0.333333,0.2,30,0.0,0.0,0.0,0.0,0.0,1.4200000000000002,1.4200000000000002,0.0
SESSION,B1,MEDIUM,0.3333333333333333,0.333333,0.2,29,0.0,0.0,0.0,0.0,0.0,1.2517241379310344,1.2517241379310344,0.0
SESSION,B2,MEDIUM,0.3333333333333333,0.333333,0.2,29,0.0,0.0,0.0,0.0,0.0,1.206896551724138,1.206896551724138,0.0
SESSION,A,MEDIUM,0.3333333333333333,0.333333,0.4,30,0.0,0.0,0.0,0.0,0.0,1.4200000000000002,1.4200000000000002,0.0
SESSION,B1,MEDIUM,0.3333333333333333,0.333333,0.4,29,0.0,0.0,0.0,0.0,0.0,1.2517241379310344,1.2517241379310344,0.0
SESSION,B2,MEDIUM,0.3333333333333333,0.333333,0.4,29,0.0,0.0,0.0,0.0,0.0,1.206896551724138,1.206896551724138,0.0
SESSION,A,MEDIUM,0.3333333333333333,0.333333,0.6,30,0.0,0.0,0.0,0.0,0.0,1.4200000000000002,1.4200000000000002,0.0
SESSION,B1,MEDIUM,0.3333333333333333,0.333333,0.6,29,0.0,0.0,0.0,0.0,0.0,1.2517241379310344,1.2517241379310344,0.0
SESSION,B2,MEDIUM,0.3333333333333333,0.333333,0.6,29,0.0,0.0,0.0,0.0,0.0,1.206896551724138,1.206896551724138,0.0
SESSION,A,MEDIUM,0.3333333333333333,0.333333,0.8,30,0.0,0.0,0.0,0.0,0.0,1.4200000000000002,1.4200000000000002,0.0
SESSION,B1,MEDIUM,0.3333333333333333,0.333333,0.8,29,0.0,0.0,0.0,0.0,0.0,1.2517241379310344,1.2517241379310344,0.0
SESSION,B2,MEDIUM,0.3333333333333333,0.333333,0.8,29,0.0,0.0,0.0,0.0,0.0,1.206896551724138,1.206896551724138,0.0
SESSION,A,MEDIUM,0.5,0.50,0.0,30,0.0,0.0,0.0,0.0,0.0,1.4200000000000002,1.4200000000000002,0.0
SESSION,B1,MEDIUM,0.5,0.50,0.0,29,0.0,0.0,0.0,0.0,0.0,1.2517241379310344,1.2517241379310344,0.0
SESSION,B2,MEDIUM,0.5,0.50,0.0,29,0.0,0.0,0.0,0.0,0.0,1.206896551724138,1.206896551724138,0.0
SESSION,A,MEDIUM,0.5,0.50,0.2,30,0.0,0.0,0.0,0.0,0.0,1.4200000000000002,1.4200000000000002,0.0
SESSION,B1,MEDIUM,0.5,0.50,0.2,29,0.0,0.0,0.0,0.0,0.0,1.2517241379310344,1.2517241379310344,0.0
SESSION,B2,MEDIUM,0.5,0.50,0.2,29,0.0,0.0,0.0,0.0,0.0,1.206896551724138,1.206896551724138,0.0
SESSION,A,MEDIUM,0.5,0.50,0.4,30,0.0,0.0,0.0,0.0,0.0,1.4200000000000002,1.4200000000000002,0.0
SESSION,B1,MEDIUM,0.5,0.50,0.4,29,0.0,0.0,0.0,0.0,0.0,1.2517241379310344,1.2517241379310344,0.0
SESSION,B2,MEDIUM,0.5,0.50,0.4,29,0.0,0.0,0.0,0.0,0.0,1.206896551724138,1.206896551724138,0.0
SESSION,A,MEDIUM,0.5,0.50,0.6,30,0.0,0.0,0.0,0.0,0.0,1.4200000000000002,1.4200000000000002,0.0
SESSION,B1,MEDIUM,0.5,0.50,0.6,29,0.0,0.0,0.0,0.0,0.0,1.2517241379310344,1.2517241379310344,0.0
SESSION,B2,MEDIUM,0.5,0.50,0.6,29,0.0,0.0,0.0,0.0,0.0,1.206896551724138,1.206896551724138,0.0
SESSION,A,MEDIUM,0.5,0.50,0.8,30,0.0,0.0,0.0,0.0,0.0,1.4200000000000002,1.4200000000000002,0.0
SESSION,B1,MEDIUM,0.5,0.50,0.8,29,0.0,0.0,0.0,0.0,0.0,1.2517241379310344,1.2517241379310344,0.0
SESSION,B2,MEDIUM,0.5,0.50,0.8,29,0.0,0.0,0.0,0.0,0.0,1.206896551724138,1.206896551724138,0.0
SESSION,A,MEDIUM,0.6,0.60,0.0,30,0.0,0.0,0.0,0.0,0.0,1.4200000000000002,1.4200000000000002,0.0
SESSION,B1,MEDIUM,0.6,0.60,0.0,29,0.0,0.0,0.0,0.0,0.0,1.2517241379310344,1.2517241379310344,0.0
SESSION,B2,MEDIUM,0.6,0.60,0.0,29,0.0,0.0,0.0,0.0,0.0,1.206896551724138,1.206896551724138,0.0
SESSION,A,MEDIUM,0.6,0.60,0.2,30,0.0,0.0,0.0,0.0,0.0,1.4200000000000002,1.4200000000000002,0.0
SESSION,B1,MEDIUM,0.6,0.60,0.2,29,0.0,0.0,0.0,0.0,0.0,1.2517241379310344,1.2517241379310344,0.0
SESSION,B2,MEDIUM,0.6,0.60,0.2,29,0.0,0.0,0.0,0.0,0.0,1.206896551724138,1.206896551724138,0.0
SESSION,A,MEDIUM,0.6,0.60,0.4,30,0.0,0.0,0.0,0.0,0.0,1.4200000000000002,1.4200000000000002,0.0
SESSION,B1,MEDIUM,0.6,0.60,0.4,29,0.0,0.0,0.0,0.0,0.0,1.2517241379310344,1.2517241379310344,0.0
SESSION,B2,MEDIUM,0.6,0.60,0.4,29,0.0,0.0,0.0,0.0,0.0,1.206896551724138,1.206896551724138,0.0
SESSION,A,MEDIUM,0.6,0.60,0.6,30,0.0,0.0,0.0,0.0,0.0,1.4200000000000002,1.4200000000000002,0.0
SESSION,B1,MEDIUM,0.6,0.60,0.6,29,0.0,0.0,0.0,0.0,0.0,1.2517241379310344,1.2517241379310344,0.0
SESSION,B2,MEDIUM,0.6,0.60,0.6,29,0.0,0.0,0.0,0.0,0.0,1.206896551724138,1.206896551724138,0.0
SESSION,A,MEDIUM,0.6,0.60,0.8,30,0.0,0.0,0.0,0.0,0.0,1.4200000000000002,1.4200000000000002,0.0
SESSION,B1,MEDIUM,0.6,0.60,0.8,29,0.0,0.0,0.0,0.0,0.0,1.2517241379310344,1.2517241379310344,0.0
SESSION,B2,MEDIUM,0.6,0.60,0.8,29,0.0,0.0,0.0,0.0,0.0,1.206896551724138,1.206896551724138,0.0
SESSION,A,MEDIUM,0.7,0.70,0.0,30,0.44333333333333336,0.4,0.33333333333333326,0.5599999999999999,0.9333333333333333,1.4200000000000002,0.9766666666666665,1.0
SESSION,B1,MEDIUM,0.7,0.70,0.0,29,0.3034482758620689,0.20000000000000007,0.1896551724137931,0.4241379310344827,0.7241379310344828,1.2517241379310344,0.9482758620689653,1.0
SESSION,B2,MEDIUM,0.7,0.70,0.0,29,0.23448275862068965,0.09999999999999998,0.13793103448275865,0.34482758620689646,0.5517241379310345,1.206896551724138,0.9724137931034481,1.0
SESSION,A,MEDIUM,0.7,0.70,0.2,30,0.44333333333333336,0.4,0.3333333333333333,0.5633333333333332,0.9333333333333333,1.4200000000000002,0.9766666666666665,1.0
SESSION,B1,MEDIUM,0.7,0.70,0.2,29,0.3034482758620689,0.20000000000000007,0.19310344827586207,0.42758620689655175,0.7241379310344828,1.2517241379310344,0.9482758620689653,1.0
SESSION,B2,MEDIUM,0.7,0.70,0.2,29,0.23448275862068965,0.09999999999999998,0.13448275862068967,0.34491379310344783,0.5517241379310345,1.206896551724138,0.9724137931034481,1.0
SESSION,A,MEDIUM,0.7,0.70,0.4,30,0.44333333333333336,0.4,0.3333333333333333,0.5634166666666661,0.9333333333333333,1.4200000000000002,0.9766666666666665,1.0
SESSION,B1,MEDIUM,0.7,0.70,0.4,29,0.3034482758620689,0.20000000000000007,0.19310344827586212,0.4275862068965517,0.7241379310344828,1.2517241379310344,0.9482758620689653,1.0
SESSION,B2,MEDIUM,0.7,0.70,0.4,29,0.23448275862068965,0.09999999999999998,0.13439655172413792,0.34146551724137886,0.5517241379310345,1.206896551724138,0.9724137931034481,1.0
SESSION,A,MEDIUM,0.7,0.70,0.6,30,0.37666666666666665,0.30000000000000004,0.2699166666666666,0.4933333333333333,0.8666666666666667,1.4200000000000002,1.0433333333333334,1.0
SESSION,B1,MEDIUM,0.7,0.70,0.6,29,0.24827586206896549,0.10000000000000009,0.14482758620689654,0.36551724137931035,0.6206896551724138,1.2517241379310344,1.0034482758620689,1.0
SESSION,B2,MEDIUM,0.7,0.70,0.6,29,0.1931034482758621,0.0,0.09999999999999999,0.3,0.4827586206896552,1.206896551724138,1.013793103448276,1.0
SESSION,A,MEDIUM,0.7,0.70,0.8,30,0.25666666666666665,0.10000000000000009,0.15666666666666668,0.36,0.5666666666666667,1.4200000000000002,1.1633333333333336,1.0
SESSION,B1,MEDIUM,0.7,0.70,0.8,29,0.15517241379310345,0.0,0.06551724137931035,0.25172413793103443,0.3448275862068966,1.2517241379310344,1.096551724137931,1.0
SESSION,B2,MEDIUM,0.7,0.70,0.8,29,0.1206896551724138,0.0,0.055172413793103454,0.2,0.3448275862068966,1.206896551724138,1.086206896551724,1.0
SESSION,A,MEDIUM,0.8,0.80,0.0,30,0.44333333333333336,0.4,0.32999999999999996,0.5633333333333332,0.9333333333333333,1.4200000000000002,0.9766666666666665,1.0
SESSION,B1,MEDIUM,0.8,0.80,0.0,29,0.3034482758620689,0.20000000000000007,0.18620689655172415,0.42758620689655163,0.7241379310344828,1.2517241379310344,0.9482758620689653,1.0
SESSION,B2,MEDIUM,0.8,0.80,0.0,29,0.23448275862068965,0.09999999999999998,0.13448275862068967,0.34827586206896544,0.5517241379310345,1.206896551724138,0.9724137931034481,1.0
SESSION,A,MEDIUM,0.8,0.80,0.2,30,0.44333333333333336,0.4,0.33666666666666667,0.5533333333333332,0.9333333333333333,1.4200000000000002,0.9766666666666665,1.0
SESSION,B1,MEDIUM,0.8,0.80,0.2,29,0.3034482758620689,0.20000000000000007,0.19310344827586207,0.42758620689655175,0.7241379310344828,1.2517241379310344,0.9482758620689653,1.0
SESSION,B2,MEDIUM,0.8,0.80,0.2,29,0.23448275862068965,0.09999999999999998,0.1310344827586207,0.3482758620689655,0.5517241379310345,1.206896551724138,0.9724137931034481,1.0
SESSION,A,MEDIUM,0.8,0.80,0.4,30,0.44333333333333336,0.4,0.33999999999999997,0.5633333333333331,0.9333333333333333,1.4200000000000002,0.9766666666666665,1.0
SESSION,B1,MEDIUM,0.8,0.80,0.4,29,0.3034482758620689,0.20000000000000007,0.1895689655172413,0.43103448275862055,0.7241379310344828,1.2517241379310344,0.9482758620689653,1.0
SESSION,B2,MEDIUM,0.8,0.80,0.4,29,0.23448275862068965,0.09999999999999998,0.13793103448275862,0.3448275862068966,0.5517241379310345,1.206896551724138,0.9724137931034481,1.0
SESSION,A,MEDIUM,0.8,0.80,0.6,30,0.37666666666666665,0.30000000000000004,0.26333333333333336,0.4933333333333333,0.8666666666666667,1.4200000000000002,1.0433333333333334,1.0
SESSION,B1,MEDIUM,0.8,0.80,0.6,29,0.24827586206896549,0.10000000000000009,0.1378448275862069,0.36896551724137927,0.6206896551724138,1.2517241379310344,1.0034482758620689,1.0
SESSION,B2,MEDIUM,0.8,0.80,0.6,29,0.1931034482758621,0.0,0.10344827586206896,0.296551724137931,0.4827586206896552,1.206896551724138,1.013793103448276,1.0
SESSION,A,MEDIUM,0.8,0.80,0.8,30,0.25666666666666665,0.10000000000000009,0.1566666666666667,0.3633333333333333,0.5666666666666667,1.4200000000000002,1.1633333333333336,1.0
SESSION,B1,MEDIUM,0.8,0.80,0.8,29,0.15517241379310345,0.0,0.06551724137931034,0.2517241379310345,0.3448275862068966,1.2517241379310344,1.096551724137931,1.0
SESSION,B2,MEDIUM,0.8,0.80,0.8,29,0.1206896551724138,0.0,0.05862068965517241,0.1931034482758621,0.3448275862068966,1.206896551724138,1.086206896551724,1.0
SESSION,A,MEDIUM,0.9,0.90,0.0,30,0.44333333333333336,0.4,0.3366666666666666,0.5567499999999995,0.9333333333333333,1.4200000000000002,0.9766666666666665,1.0
SESSION,B1,MEDIUM,0.9,0.90,0.0,29,0.3034482758620689,0.20000000000000007,0.1896551724137931,0.4344827586206896,0.7241379310344828,1.2517241379310344,0.9482758620689653,1.0
SESSION,B2,MEDIUM,0.9,0.90,0.0,29,0.23448275862068965,0.09999999999999998,0.13448275862068967,0.34137931034482755,0.5517241379310345,1.206896551724138,0.9724137931034481,1.0
SESSION,A,MEDIUM,0.9,0.90,0.2,30,0.44333333333333336,0.4,0.3366666666666666,0.5566666666666665,0.9333333333333333,1.4200000000000002,0.9766666666666665,1.0
SESSION,B1,MEDIUM,0.9,0.90,0.2,29,0.3034482758620689,0.20000000000000007,0.19310344827586207,0.43103448275862066,0.7241379310344828,1.2517241379310344,0.9482758620689653,1.0
SESSION,B2,MEDIUM,0.9,0.90,0.2,29,0.23448275862068965,0.09999999999999998,0.13448275862068965,0.34137931034482755,0.5517241379310345,1.206896551724138,0.9724137931034481,1.0
SESSION,A,MEDIUM,0.9,0.90,0.4,30,0.44333333333333336,0.4,0.3366666666666666,0.5633333333333331,0.9333333333333333,1.4200000000000002,0.9766666666666665,1.0
SESSION,B1,MEDIUM,0.9,0.90,0.4,29,0.3034482758620689,0.20000000000000007,0.1896551724137931,0.4241379310344827,0.7241379310344828,1.2517241379310344,0.9482758620689653,1.0
SESSION,B2,MEDIUM,0.9,0.90,0.4,29,0.23448275862068965,0.09999999999999998,0.1310344827586207,0.3379310344827586,0.5517241379310345,1.206896551724138,0.9724137931034481,1.0
SESSION,A,MEDIUM,0.9,0.90,0.6,30,0.37666666666666665,0.30000000000000004,0.26666666666666666,0.49666666666666653,0.8666666666666667,1.4200000000000002,1.0433333333333334,1.0
SESSION,B1,MEDIUM,0.9,0.90,0.6,29,0.24827586206896549,0.10000000000000009,0.13793103448275865,0.3655172413793104,0.6206896551724138,1.2517241379310344,1.0034482758620689,1.0
SESSION,B2,MEDIUM,0.9,0.90,0.6,29,0.1931034482758621,0.0,0.10344827586206898,0.3,0.4827586206896552,1.206896551724138,1.013793103448276,1.0
SESSION,A,MEDIUM,0.9,0.90,0.8,30,0.25666666666666665,0.10000000000000009,0.15333333333333332,0.36,0.5666666666666667,1.4200000000000002,1.1633333333333336,1.0
SESSION,B1,MEDIUM,0.9,0.90,0.8,29,0.15517241379310345,0.0,0.07241379310344828,0.25181034482758574,0.3448275862068966,1.2517241379310344,1.096551724137931,1.0
SESSION,B2,MEDIUM,0.9,0.90,0.8,29,0.1206896551724138,0.0,0.05172413793103449,0.19655172413793104,0.3448275862068966,1.206896551724138,1.086206896551724,1.0
SESSION,A,MEDIUM,0.95,0.95,0.0,30,0.44333333333333336,0.4,0.3399999999999999,0.5566666666666665,0.9333333333333333,1.4200000000000002,0.9766666666666665,1.0
SESSION,B1,MEDIUM,0.95,0.95,0.0,29,0.3034482758620689,0.20000000000000007,0.18620689655172415,0.4310344827586206,0.7241379310344828,1.2517241379310344,0.9482758620689653,1.0
SESSION,B2,MEDIUM,0.95,0.95,0.0,29,0.23448275862068965,0.09999999999999998,0.14129310344827584,0.3482758620689655,0.5517241379310345,1.206896551724138,0.9724137931034481,1.0
SESSION,A,MEDIUM,0.95,0.95,0.2,30,0.44333333333333336,0.4,0.33333333333333326,0.56,0.9333333333333333,1.4200000000000002,0.9766666666666665,1.0
SESSION,B1,MEDIUM,0.95,0.95,0.2,29,0.3034482758620689,0.20000000000000007,0.1896551724137931,0.420775862068965,0.7241379310344828,1.2517241379310344,0.9482758620689653,1.0
SESSION,B2,MEDIUM,0.95,0.95,0.2,29,0.23448275862068965,0.09999999999999998,0.1310344827586207,0.3448275862068966,0.5517241379310345,1.206896551724138,0.9724137931034481,1.0
SESSION,A,MEDIUM,0.95,0.95,0.4,30,0.44333333333333336,0.4,0.3333333333333333,0.5633333333333331,0.9333333333333333,1.4200000000000002,0.9766666666666665,1.0
SESSION,B1,MEDIUM,0.95,0.95,0.4,29,0.3034482758620689,0.20000000000000007,0.1827586206896552,0.4275862068965517,0.7241379310344828,1.2517241379310344,0.9482758620689653,1.0
SESSION,B2,MEDIUM,0.95,0.95,0.4,29,0.23448275862068965,0.09999999999999998,0.13094827586206895,0.3448275862068966,0.5517241379310345,1.206896551724138,0.9724137931034481,1.0
SESSION,A,MEDIUM,0.95,0.95,0.6,30,0.37666666666666665,0.30000000000000004,0.26999999999999996,0.4934166666666662,0.8666666666666667,1.4200000000000002,1.0433333333333334,1.0
SESSION,B1,MEDIUM,0.95,0.95,0.6,29,0.24827586206896549,0.10000000000000009,0.1413793103448276,0.36215517241379264,0.6206896551724138,1.2517241379310344,1.0034482758620689,1.0
SESSION,B2,MEDIUM,0.95,0.95,0.6,29,0.1931034482758621,0.0,0.10344827586206896,0.2896551724137931,0.4827586206896552,1.206896551724138,1.013793103448276,1.0
SESSION,A,MEDIUM,0.95,0.95,0.8,30,0.25666666666666665,0.10000000000000009,0.15333333333333335,0.36,0.5666666666666667,1.4200000000000002,1.1633333333333336,1.0
SESSION,B1,MEDIUM,0.95,0.95,0.8,29,0.15517241379310345,0.0,0.06551724137931035,0.25517241379310346,0.3448275862068966,1.2517241379310344,1.096551724137931,1.0
SESSION,B2,MEDIUM,0.95,0.95,0.8,29,0.1206896551724138,0.0,0.05172413793103449,0.19655172413793104,0.3448275862068966,1.206896551724138,1.086206896551724,1.0
SESSION,A,MEDIUM,0.98,0.98,0.0,30,0.44333333333333336,0.4,0.33658333333333323,0.5633333333333332,0.9333333333333333,1.4200000000000002,0.9766666666666665,1.0
SESSION,B1,MEDIUM,0.98,0.98,0.0,29,0.3034482758620689,0.20000000000000007,0.18965517241379307,0.4241379310344828,0.7241379310344828,1.2517241379310344,0.9482758620689653,1.0
SESSION,B2,MEDIUM,0.98,0.98,0.0,29,0.23448275862068965,0.09999999999999998,0.13448275862068967,0.3413793103448275,0.5517241379310345,1.206896551724138,0.9724137931034481,1.0
SESSION,A,MEDIUM,0.98,0.98,0.2,30,0.44333333333333336,0.4,0.33333333333333326,0.5566666666666666,0.9333333333333333,1.4200000000000002,0.9766666666666665,1.0
SESSION,B1,MEDIUM,0.98,0.98,0.2,29,0.3034482758620689,0.20000000000000007,0.1895689655172413,0.4206896551724137,0.7241379310344828,1.2517241379310344,0.9482758620689653,1.0
SESSION,B2,MEDIUM,0.98,0.98,0.2,29,0.23448275862068965,0.09999999999999998,0.1310344827586207,0.3380172413793099,0.5517241379310345,1.206896551724138,0.9724137931034481,1.0
SESSION,A,MEDIUM,0.98,0.98,0.4,30,0.44333333333333336,0.4,0.3333333333333333,0.5666666666666665,0.9333333333333333,1.4200000000000002,0.9766666666666665,1.0
SESSION,B1,MEDIUM,0.98,0.98,0.4,29,0.3034482758620689,0.20000000000000007,0.19310344827586207,0.4241379310344827,0.7241379310344828,1.2517241379310344,0.9482758620689653,1.0
SESSION,B2,MEDIUM,0.98,0.98,0.4,29,0.23448275862068965,0.09999999999999998,0.13793103448275862,0.3448275862068966,0.5517241379310345,1.206896551724138,0.9724137931034481,1.0
SESSION,A,MEDIUM,0.98,0.98,0.6,30,0.37666666666666665,0.30000000000000004,0.26666666666666666,0.49333333333333335,0.8666666666666667,1.4200000000000002,1.0433333333333334,1.0
SESSION,B1,MEDIUM,0.98,0.98,0.6,29,0.24827586206896549,0.10000000000000009,0.13793103448275862,0.3655172413793103,0.6206896551724138,1.2517241379310344,1.0034482758620689,1.0
SESSION,B2,MEDIUM,0.98,0.98,0.6,29,0.1931034482758621,0.0,0.09999999999999999,0.3,0.4827586206896552,1.206896551724138,1.013793103448276,1.0
SESSION,A,MEDIUM,0.98,0.98,0.8,30,0.25666666666666665,0.10000000000000009,0.15666666666666668,0.36666666666666653,0.5666666666666667,1.4200000000000002,1.1633333333333336,1.0
SESSION,B1,MEDIUM,0.98,0.98,0.8,29,0.15517241379310345,0.0,0.06551724137931035,0.2551724137931034,0.3448275862068966,1.2517241379310344,1.096551724137931,1.0
SESSION,B2,MEDIUM,0.98,0.98,0.8,29,0.1206896551724138,0.0,0.055172413793103454,0.2,0.3448275862068966,1.206896551724138,1.086206896551724,1.0
SESSION,A,MEDIUM,0.99,0.99,0.0,30,0.44333333333333336,0.4,0.32999999999999996,0.5533333333333331,0.9333333333333333,1.4200000000000002,0.9766666666666665,1.0
SESSION,B1,MEDIUM,0.99,0.99,0.0,29,0.3034482758620689,0.20000000000000007,0.19310344827586207,0.42422413793103403,0.7241379310344828,1.2517241379310344,0.9482758620689653,1.0
SESSION,B2,MEDIUM,0.99,0.99,0.0,29,0.23448275862068965,0.09999999999999998,0.1378448275862069,0.3413793103448276,0.5517241379310345,1.206896551724138,0.9724137931034481,1.0
SESSION,A,MEDIUM,0.99,0.99,0.2,30,0.44333333333333336,0.4,0.33666666666666667,0.5566666666666666,0.9333333333333333,1.4200000000000002,0.9766666666666665,1.0
SESSION,B1,MEDIUM,0.99,0.99,0.2,29,0.3034482758620689,0.20000000000000007,0.1896551724137931,0.4241379310344827,0.7241379310344828,1.2517241379310344,0.9482758620689653,1.0
SESSION,B2,MEDIUM,0.99,0.99,0.2,29,0.23448275862068965,0.09999999999999998,0.13103448275862067,0.3482758620689655,0.5517241379310345,1.206896551724138,0.9724137931034481,1.0
SESSION,A,MEDIUM,0.99,0.99,0.4,30,0.44333333333333336,0.4,0.3333333333333333,0.56,0.9333333333333333,1.4200000000000002,0.9766666666666665,1.0
SESSION,B1,MEDIUM,0.99,0.99,0.4,29,0.3034482758620689,0.20000000000000007,0.18620689655172412,0.42758620689655163,0.7241379310344828,1.2517241379310344,0.9482758620689653,1.0
SESSION,B2,MEDIUM,0.99,0.99,0.4,29,0.23448275862068965,0.09999999999999998,0.1378448275862069,0.3413793103448276,0.5517241379310345,1.206896551724138,0.9724137931034481,1.0
SESSION,A,MEDIUM,0.99,0.99,0.6,30,0.37666666666666665,0.30000000000000004,0.2665833333333333,0.49000000000000005,0.8666666666666667,1.4200000000000002,1.0433333333333334,1.0
SESSION,B1,MEDIUM,0.99,0.99,0.6,29,0.24827586206896549,0.10000000000000009,0.14482758620689654,0.36551724137931035,0.6206896551724138,1.2517241379310344,1.0034482758620689,1.0
SESSION,B2,MEDIUM,0.99,0.99,0.6,29,0.1931034482758621,0.0,0.10344827586206896,0.296551724137931,0.4827586206896552,1.206896551724138,1.013793103448276,1.0
SESSION,A,MEDIUM,0.99,0.99,0.8,30,0.25666666666666665,0.10000000000000009,0.15666666666666668,0.36008333333333287,0.5666666666666667,1.4200000000000002,1.1633333333333336,1.0
SESSION,B1,MEDIUM,0.99,0.99,0.8,29,0.15517241379310345,0.0,0.06551724137931035,0.2586206896551724,0.3448275862068966,1.2517241379310344,1.096551724137931,1.0
SESSION,B2,MEDIUM,0.99,0.99,0.8,29,0.1206896551724138,0.0,0.055172413793103454,0.19655172413793104,0.3448275862068966,1.206896551724138,1.086206896551724,1.0
SESSION,A,MEDIUM,1.0,1.00,0.0,30,0.44333333333333336,0.4,0.33333333333333326,0.56,0.9333333333333333,1.4200000000000002,0.9766666666666665,1.0
SESSION,B1,MEDIUM,1.0,1.00,0.0,29,0.3034482758620689,0.20000000000000007,0.19301724137931034,0.41724137931034483,0.7241379310344828,1.2517241379310344,0.9482758620689653,1.0
SESSION,B2,MEDIUM,1.0,1.00,0.0,29,0.23448275862068965,0.09999999999999998,0.13448275862068967,0.35517241379310344,0.5517241379310345,1.206896551724138,0.9724137931034481,1.0
SESSION,A,MEDIUM,1.0,1.00,0.2,30,0.44333333333333336,0.4,0.33999999999999997,0.5567499999999995,0.9333333333333333,1.4200000000000002,0.9766666666666665,1.0
SESSION,B1,MEDIUM,1.0,1.00,0.2,29,0.3034482758620689,0.20000000000000007,0.1896551724137931,0.43793103448275866,0.7241379310344828,1.2517241379310344,0.9482758620689653,1.0
SESSION,B2,MEDIUM,1.0,1.00,0.2,29,0.23448275862068965,0.09999999999999998,0.13448275862068967,0.3380172413793099,0.5517241379310345,1.206896551724138,0.9724137931034481,1.0
SESSION,A,MEDIUM,1.0,1.00,0.4,30,0.44333333333333336,0.4,0.33333333333333337,0.5633333333333331,0.9333333333333333,1.4200000000000002,0.9766666666666665,1.0
SESSION,B1,MEDIUM,1.0,1.00,0.4,29,0.3034482758620689,0.20000000000000007,0.18620689655172415,0.4310344827586206,0.7241379310344828,1.2517241379310344,0.9482758620689653,1.0
SESSION,B2,MEDIUM,1.0,1.00,0.4,29,0.23448275862068965,0.09999999999999998,0.13448275862068967,0.35172413793103446,0.5517241379310345,1.206896551724138,0.9724137931034481,1.0
SESSION,A,MEDIUM,1.0,1.00,0.6,30,0.37666666666666665,0.30000000000000004,0.26999999999999996,0.48666666666666664,0.8666666666666667,1.4200000000000002,1.0433333333333334,1.0
SESSION,B1,MEDIUM,1.0,1.00,0.6,29,0.24827586206896549,0.10000000000000009,0.14137931034482756,0.36551724137931035,0.6206896551724138,1.2517241379310344,1.0034482758620689,1.0
SESSION,B2,MEDIUM,1.0,1.00,0.6,29,0.1931034482758621,0.0,0.10344827586206898,0.30008620689655124,0.4827586206896552,1.206896551724138,1.013793103448276,1.0
SESSION,A,MEDIUM,1.0,1.00,0.8,30,0.25666666666666665,0.10000000000000009,0.15333333333333335,0.36999999999999994,0.5666666666666667,1.4200000000000002,1.1633333333333336,1.0
SESSION,B1,MEDIUM,1.0,1.00,0.8,29,0.15517241379310345,0.0,0.06896551724137931,0.24482758620689654,0.3448275862068966,1.2517241379310344,1.096551724137931,1.0
SESSION,B2,MEDIUM,1.0,1.00,0.8,29,0.1206896551724138,0.0,0.051724137931034496,0.19655172413793104,0.3448275862068966,1.206896551724138,1.086206896551724,1.0
SESSION,A,CONSERVATIVE,0.3333333333333333,0.333333,0.0,30,0.0,0.0,0.0,0.0,0.0,1.6533333333333333,1.6533333333333333,0.0
SESSION,B1,CONSERVATIVE,0.3333333333333333,0.333333,0.0,29,0.0,0.0,0.0,0.0,0.0,1.4551724137931035,1.4551724137931035,0.0
SESSION,B2,CONSERVATIVE,0.3333333333333333,0.333333,0.0,29,0.0,0.0,0.0,0.0,0.0,1.417241379310345,1.417241379310345,0.0
SESSION,A,CONSERVATIVE,0.3333333333333333,0.333333,0.2,30,0.0,0.0,0.0,0.0,0.0,1.6533333333333333,1.6533333333333333,0.0
SESSION,B1,CONSERVATIVE,0.3333333333333333,0.333333,0.2,29,0.0,0.0,0.0,0.0,0.0,1.4551724137931035,1.4551724137931035,0.0
SESSION,B2,CONSERVATIVE,0.3333333333333333,0.333333,0.2,29,0.0,0.0,0.0,0.0,0.0,1.417241379310345,1.417241379310345,0.0
SESSION,A,CONSERVATIVE,0.3333333333333333,0.333333,0.4,30,0.0,0.0,0.0,0.0,0.0,1.6533333333333333,1.6533333333333333,0.0
SESSION,B1,CONSERVATIVE,0.3333333333333333,0.333333,0.4,29,0.0,0.0,0.0,0.0,0.0,1.4551724137931035,1.4551724137931035,0.0
SESSION,B2,CONSERVATIVE,0.3333333333333333,0.333333,0.4,29,0.0,0.0,0.0,0.0,0.0,1.417241379310345,1.417241379310345,0.0
SESSION,A,CONSERVATIVE,0.3333333333333333,0.333333,0.6,30,0.0,0.0,0.0,0.0,0.0,1.6533333333333333,1.6533333333333333,0.0
SESSION,B1,CONSERVATIVE,0.3333333333333333,0.333333,0.6,29,0.0,0.0,0.0,0.0,0.0,1.4551724137931035,1.4551724137931035,0.0
SESSION,B2,CONSERVATIVE,0.3333333333333333,0.333333,0.6,29,0.0,0.0,0.0,0.0,0.0,1.417241379310345,1.417241379310345,0.0
SESSION,A,CONSERVATIVE,0.3333333333333333,0.333333,0.8,30,0.0,0.0,0.0,0.0,0.0,1.6533333333333333,1.6533333333333333,0.0
SESSION,B1,CONSERVATIVE,0.3333333333333333,0.333333,0.8,29,0.0,0.0,0.0,0.0,0.0,1.4551724137931035,1.4551724137931035,0.0
SESSION,B2,CONSERVATIVE,0.3333333333333333,0.333333,0.8,29,0.0,0.0,0.0,0.0,0.0,1.417241379310345,1.417241379310345,0.0
SESSION,A,CONSERVATIVE,0.5,0.50,0.0,30,0.0,0.0,0.0,0.0,0.0,1.6533333333333333,1.6533333333333333,0.0
SESSION,B1,CONSERVATIVE,0.5,0.50,0.0,29,0.0,0.0,0.0,0.0,0.0,1.4551724137931035,1.4551724137931035,0.0
SESSION,B2,CONSERVATIVE,0.5,0.50,0.0,29,0.0,0.0,0.0,0.0,0.0,1.417241379310345,1.417241379310345,0.0
SESSION,A,CONSERVATIVE,0.5,0.50,0.2,30,0.0,0.0,0.0,0.0,0.0,1.6533333333333333,1.6533333333333333,0.0
SESSION,B1,CONSERVATIVE,0.5,0.50,0.2,29,0.0,0.0,0.0,0.0,0.0,1.4551724137931035,1.4551724137931035,0.0
SESSION,B2,CONSERVATIVE,0.5,0.50,0.2,29,0.0,0.0,0.0,0.0,0.0,1.417241379310345,1.417241379310345,0.0
SESSION,A,CONSERVATIVE,0.5,0.50,0.4,30,0.0,0.0,0.0,0.0,0.0,1.6533333333333333,1.6533333333333333,0.0
SESSION,B1,CONSERVATIVE,0.5,0.50,0.4,29,0.0,0.0,0.0,0.0,0.0,1.4551724137931035,1.4551724137931035,0.0
SESSION,B2,CONSERVATIVE,0.5,0.50,0.4,29,0.0,0.0,0.0,0.0,0.0,1.417241379310345,1.417241379310345,0.0
SESSION,A,CONSERVATIVE,0.5,0.50,0.6,30,0.0,0.0,0.0,0.0,0.0,1.6533333333333333,1.6533333333333333,0.0
SESSION,B1,CONSERVATIVE,0.5,0.50,0.6,29,0.0,0.0,0.0,0.0,0.0,1.4551724137931035,1.4551724137931035,0.0
SESSION,B2,CONSERVATIVE,0.5,0.50,0.6,29,0.0,0.0,0.0,0.0,0.0,1.417241379310345,1.417241379310345,0.0
SESSION,A,CONSERVATIVE,0.5,0.50,0.8,30,0.0,0.0,0.0,0.0,0.0,1.6533333333333333,1.6533333333333333,0.0
SESSION,B1,CONSERVATIVE,0.5,0.50,0.8,29,0.0,0.0,0.0,0.0,0.0,1.4551724137931035,1.4551724137931035,0.0
SESSION,B2,CONSERVATIVE,0.5,0.50,0.8,29,0.0,0.0,0.0,0.0,0.0,1.417241379310345,1.417241379310345,0.0
SESSION,A,CONSERVATIVE,0.6,0.60,0.0,30,0.0,0.0,0.0,0.0,0.0,1.6533333333333333,1.6533333333333333,0.0
SESSION,B1,CONSERVATIVE,0.6,0.60,0.0,29,0.0,0.0,0.0,0.0,0.0,1.4551724137931035,1.4551724137931035,0.0
SESSION,B2,CONSERVATIVE,0.6,0.60,0.0,29,0.0,0.0,0.0,0.0,0.0,1.417241379310345,1.417241379310345,0.0
SESSION,A,CONSERVATIVE,0.6,0.60,0.2,30,0.0,0.0,0.0,0.0,0.0,1.6533333333333333,1.6533333333333333,0.0
SESSION,B1,CONSERVATIVE,0.6,0.60,0.2,29,0.0,0.0,0.0,0.0,0.0,1.4551724137931035,1.4551724137931035,0.0
SESSION,B2,CONSERVATIVE,0.6,0.60,0.2,29,0.0,0.0,0.0,0.0,0.0,1.417241379310345,1.417241379310345,0.0
SESSION,A,CONSERVATIVE,0.6,0.60,0.4,30,0.0,0.0,0.0,0.0,0.0,1.6533333333333333,1.6533333333333333,0.0
SESSION,B1,CONSERVATIVE,0.6,0.60,0.4,29,0.0,0.0,0.0,0.0,0.0,1.4551724137931035,1.4551724137931035,0.0
SESSION,B2,CONSERVATIVE,0.6,0.60,0.4,29,0.0,0.0,0.0,0.0,0.0,1.417241379310345,1.417241379310345,0.0
SESSION,A,CONSERVATIVE,0.6,0.60,0.6,30,0.0,0.0,0.0,0.0,0.0,1.6533333333333333,1.6533333333333333,0.0
SESSION,B1,CONSERVATIVE,0.6,0.60,0.6,29,0.0,0.0,0.0,0.0,0.0,1.4551724137931035,1.4551724137931035,0.0
SESSION,B2,CONSERVATIVE,0.6,0.60,0.6,29,0.0,0.0,0.0,0.0,0.0,1.417241379310345,1.417241379310345,0.0
SESSION,A,CONSERVATIVE,0.6,0.60,0.8,30,0.0,0.0,0.0,0.0,0.0,1.6533333333333333,1.6533333333333333,0.0
SESSION,B1,CONSERVATIVE,0.6,0.60,0.8,29,0.0,0.0,0.0,0.0,0.0,1.4551724137931035,1.4551724137931035,0.0
SESSION,B2,CONSERVATIVE,0.6,0.60,0.8,29,0.0,0.0,0.0,0.0,0.0,1.417241379310345,1.417241379310345,0.0
SESSION,A,CONSERVATIVE,0.7,0.70,0.0,30,0.6766666666666666,0.7,0.58,0.7733333333333332,1.0,1.6533333333333333,0.9766666666666665,1.0
SESSION,B1,CONSERVATIVE,0.7,0.70,0.0,29,0.506896551724138,0.4,0.3896551724137931,0.6310344827586206,1.0,1.4551724137931035,0.9482758620689653,1.0
SESSION,B2,CONSERVATIVE,0.7,0.70,0.0,29,0.44482758620689655,0.4,0.3172413793103449,0.5724137931034482,0.8275862068965517,1.417241379310345,0.9724137931034481,1.0
SESSION,A,CONSERVATIVE,0.7,0.70,0.2,30,0.6766666666666666,0.7,0.5765833333333331,0.7733333333333332,1.0,1.6533333333333333,0.9766666666666665,1.0
SESSION,B1,CONSERVATIVE,0.7,0.70,0.2,29,0.506896551724138,0.4,0.396551724137931,0.6275862068965515,1.0,1.4551724137931035,0.9482758620689653,1.0
SESSION,B2,CONSERVATIVE,0.7,0.70,0.2,29,0.44482758620689655,0.4,0.3172413793103448,0.5758620689655171,0.8275862068965517,1.417241379310345,0.9724137931034481,1.0
SESSION,A,CONSERVATIVE,0.7,0.70,0.4,30,0.6766666666666666,0.7,0.5766666666666667,0.7667499999999996,1.0,1.6533333333333333,0.9766666666666665,1.0
SESSION,B1,CONSERVATIVE,0.7,0.70,0.4,29,0.506896551724138,0.4,0.38965517241379305,0.6241379310344827,1.0,1.4551724137931035,0.9482758620689653,1.0
SESSION,B2,CONSERVATIVE,0.7,0.70,0.4,29,0.44482758620689655,0.4,0.3206896551724138,0.5690517241379306,0.8275862068965517,1.417241379310345,0.9724137931034481,1.0
SESSION,A,CONSERVATIVE,0.7,0.70,0.6,30,0.6033333333333332,0.6000000000000001,0.5099999999999999,0.6999999999999998,0.9666666666666667,1.6533333333333333,1.05,1.0
SESSION,B1,CONSERVATIVE,0.7,0.70,0.6,29,0.4241379310344828,0.3999999999999999,0.30689655172413793,0.5414655172413789,0.8275862068965517,1.4551724137931035,1.0310344827586206,1.0
SESSION,B2,CONSERVATIVE,0.7,0.70,0.6,29,0.3758620689655172,0.30000000000000004,0.26206896551724135,0.5035344827586202,0.7586206896551724,1.417241379310345,1.0413793103448277,1.0
SESSION,A,CONSERVATIVE,0.7,0.70,0.8,30,0.44666666666666666,0.5,0.3566666666666666,0.5334166666666662,0.9,1.6533333333333333,1.2066666666666668,1.0
SESSION,B1,CONSERVATIVE,0.7,0.70,0.8,29,0.2827586206896552,0.19999999999999996,0.17931034482758623,0.3862068965517241,0.6206896551724138,1.4551724137931035,1.1724137931034482,1.0
SESSION,B2,CONSERVATIVE,0.7,0.70,0.8,29,0.24482758620689654,0.10000000000000009,0.14482758620689656,0.34482758620689646,0.5517241379310345,1.417241379310345,1.1724137931034482,1.0
SESSION,A,CONSERVATIVE,0.8,0.80,0.0,30,0.6766666666666666,0.7,0.5833333333333333,0.7699999999999999,1.0,1.6533333333333333,0.9766666666666665,1.0
SESSION,B1,CONSERVATIVE,0.8,0.80,0.0,29,0.506896551724138,0.4,0.38965517241379305,0.6206896551724137,1.0,1.4551724137931035,0.9482758620689653,1.0
SESSION,B2,CONSERVATIVE,0.8,0.80,0.0,29,0.44482758620689655,0.4,0.3241379310344827,0.5758620689655172,0.8275862068965517,1.417241379310345,0.9724137931034481,1.0
SESSION,A,CONSERVATIVE,0.8,0.80,0.2,30,0.6766666666666666,0.7,0.5833333333333334,0.7699999999999999,1.0,1.6533333333333333,0.9766666666666665,1.0
SESSION,B1,CONSERVATIVE,0.8,0.80,0.2,29,0.506896551724138,0.4,0.396551724137931,0.624224137931034,1.0,1.4551724137931035,0.9482758620689653,1.0
SESSION,B2,CONSERVATIVE,0.8,0.80,0.2,29,0.44482758620689655,0.4,0.3206896551724138,0.5758620689655172,0.8275862068965517,1.417241379310345,0.9724137931034481,1.0
SESSION,A,CONSERVATIVE,0.8,0.80,0.4,30,0.6766666666666666,0.7,0.58,0.7699999999999998,1.0,1.6533333333333333,0.9766666666666665,1.0
SESSION,B1,CONSERVATIVE,0.8,0.80,0.4,29,0.506896551724138,0.4,0.38620689655172413,0.6275862068965515,1.0,1.4551724137931035,0.9482758620689653,1.0
SESSION,B2,CONSERVATIVE,0.8,0.80,0.4,29,0.44482758620689655,0.4,0.32413793103448285,0.5690517241379306,0.8275862068965517,1.417241379310345,0.9724137931034481,1.0
SESSION,A,CONSERVATIVE,0.8,0.80,0.6,30,0.6033333333333332,0.6000000000000001,0.5066666666666666,0.6966666666666665,0.9666666666666667,1.6533333333333333,1.05,1.0
SESSION,B1,CONSERVATIVE,0.8,0.80,0.6,29,0.4241379310344828,0.3999999999999999,0.30689655172413793,0.5448275862068965,0.8275862068965517,1.4551724137931035,1.0310344827586206,1.0
SESSION,B2,CONSERVATIVE,0.8,0.80,0.6,29,0.3758620689655172,0.30000000000000004,0.25517241379310346,0.49655172413793097,0.7586206896551724,1.417241379310345,1.0413793103448277,1.0
SESSION,A,CONSERVATIVE,0.8,0.80,0.8,30,0.44666666666666666,0.5,0.35,0.5333333333333332,0.9,1.6533333333333333,1.2066666666666668,1.0
SESSION,B1,CONSERVATIVE,0.8,0.80,0.8,29,0.2827586206896552,0.19999999999999996,0.1827586206896552,0.38620689655172413,0.6206896551724138,1.4551724137931035,1.1724137931034482,1.0
SESSION,B2,CONSERVATIVE,0.8,0.80,0.8,29,0.24482758620689654,0.10000000000000009,0.14482758620689656,0.3482758620689655,0.5517241379310345,1.417241379310345,1.1724137931034482,1.0
SESSION,A,CONSERVATIVE,0.9,0.90,0.0,30,0.6766666666666666,0.7,0.5833333333333333,0.7699999999999999,1.0,1.6533333333333333,0.9766666666666665,1.0
SESSION,B1,CONSERVATIVE,0.9,0.90,0.0,29,0.506896551724138,0.4,0.3862068965517242,0.6242241379310339,1.0,1.4551724137931035,0.9482758620689653,1.0
SESSION,B2,CONSERVATIVE,0.9,0.90,0.0,29,0.44482758620689655,0.4,0.3206896551724138,0.5690517241379306,0.8275862068965517,1.417241379310345,0.9724137931034481,1.0
SESSION,A,CONSERVATIVE,0.9,0.90,0.2,30,0.6766666666666666,0.7,0.5799999999999998,0.77,1.0,1.6533333333333333,0.9766666666666665,1.0
SESSION,B1,CONSERVATIVE,0.9,0.90,0.2,29,0.506896551724138,0.4,0.3931034482758621,0.6241379310344827,1.0,1.4551724137931035,0.9482758620689653,1.0
SESSION,B2,CONSERVATIVE,0.9,0.90,0.2,29,0.44482758620689655,0.4,0.3241379310344828,0.5724137931034482,0.8275862068965517,1.417241379310345,0.9724137931034481,1.0
SESSION,A,CONSERVATIVE,0.9,0.90,0.4,30,0.6766666666666666,0.7,0.5799999999999998,0.7666666666666667,1.0,1.6533333333333333,0.9766666666666665,1.0
SESSION,B1,CONSERVATIVE,0.9,0.90,0.4,29,0.506896551724138,0.4,0.39655172413793105,0.6275862068965516,1.0,1.4551724137931035,0.9482758620689653,1.0
SESSION,B2,CONSERVATIVE,0.9,0.90,0.4,29,0.44482758620689655,0.4,0.3241379310344827,0.5655172413793103,0.8275862068965517,1.417241379310345,0.9724137931034481,1.0
SESSION,A,CONSERVATIVE,0.9,0.90,0.6,30,0.6033333333333332,0.6000000000000001,0.5099999999999999,0.6934166666666661,0.9666666666666667,1.6533333333333333,1.05,1.0
SESSION,B1,CONSERVATIVE,0.9,0.90,0.6,29,0.4241379310344828,0.3999999999999999,0.30689655172413793,0.5448275862068965,0.8275862068965517,1.4551724137931035,1.0310344827586206,1.0
SESSION,B2,CONSERVATIVE,0.9,0.90,0.6,29,0.3758620689655172,0.30000000000000004,0.26206896551724135,0.49663793103448234,0.7586206896551724,1.417241379310345,1.0413793103448277,1.0
SESSION,A,CONSERVATIVE,0.9,0.90,0.8,30,0.44666666666666666,0.5,0.3466666666666667,0.5399999999999999,0.9,1.6533333333333333,1.2066666666666668,1.0
SESSION,B1,CONSERVATIVE,0.9,0.90,0.8,29,0.2827586206896552,0.19999999999999996,0.17931034482758623,0.38275862068965516,0.6206896551724138,1.4551724137931035,1.1724137931034482,1.0
SESSION,B2,CONSERVATIVE,0.9,0.90,0.8,29,0.24482758620689654,0.10000000000000009,0.14482758620689654,0.3551724137931033,0.5517241379310345,1.417241379310345,1.1724137931034482,1.0
SESSION,A,CONSERVATIVE,0.95,0.95,0.0,30,0.6766666666666666,0.7,0.58,0.77,1.0,1.6533333333333333,0.9766666666666665,1.0
SESSION,B1,CONSERVATIVE,0.95,0.95,0.0,29,0.506896551724138,0.4,0.3896551724137931,0.6206896551724137,1.0,1.4551724137931035,0.9482758620689653,1.0
SESSION,B2,CONSERVATIVE,0.95,0.95,0.0,29,0.44482758620689655,0.4,0.3206896551724138,0.5724137931034482,0.8275862068965517,1.417241379310345,0.9724137931034481,1.0
SESSION,A,CONSERVATIVE,0.95,0.95,0.2,30,0.6766666666666666,0.7,0.5733333333333334,0.7699999999999999,1.0,1.6533333333333333,0.9766666666666665,1.0
SESSION,B1,CONSERVATIVE,0.95,0.95,0.2,29,0.506896551724138,0.4,0.38965517241379305,0.624224137931034,1.0,1.4551724137931035,0.9482758620689653,1.0
SESSION,B2,CONSERVATIVE,0.95,0.95,0.2,29,0.44482758620689655,0.4,0.3206896551724139,0.5724137931034482,0.8275862068965517,1.417241379310345,0.9724137931034481,1.0
SESSION,A,CONSERVATIVE,0.95,0.95,0.4,30,0.6766666666666666,0.7,0.5833333333333333,0.7699999999999999,1.0,1.6533333333333333,0.9766666666666665,1.0
SESSION,B1,CONSERVATIVE,0.95,0.95,0.4,29,0.506896551724138,0.4,0.39655172413793105,0.6241379310344827,1.0,1.4551724137931035,0.9482758620689653,1.0
SESSION,B2,CONSERVATIVE,0.95,0.95,0.4,29,0.44482758620689655,0.4,0.3275862068965517,0.5793103448275861,0.8275862068965517,1.417241379310345,0.9724137931034481,1.0
SESSION,A,CONSERVATIVE,0.95,0.95,0.6,30,0.6033333333333332,0.6000000000000001,0.5099166666666666,0.6933333333333332,0.9666666666666667,1.6533333333333333,1.05,1.0
SESSION,B1,CONSERVATIVE,0.95,0.95,0.6,29,0.4241379310344828,0.3999999999999999,0.3103448275862069,0.5448275862068965,0.8275862068965517,1.4551724137931035,1.0310344827586206,1.0
SESSION,B2,CONSERVATIVE,0.95,0.95,0.6,29,0.3758620689655172,0.30000000000000004,0.25862068965517243,0.503448275862069,0.7586206896551724,1.417241379310345,1.0413793103448277,1.0
SESSION,A,CONSERVATIVE,0.95,0.95,0.8,30,0.44666666666666666,0.5,0.35666666666666663,0.5366666666666666,0.9,1.6533333333333333,1.2066666666666668,1.0
SESSION,B1,CONSERVATIVE,0.95,0.95,0.8,29,0.2827586206896552,0.19999999999999996,0.1793103448275862,0.38620689655172413,0.6206896551724138,1.4551724137931035,1.1724137931034482,1.0
SESSION,B2,CONSERVATIVE,0.95,0.95,0.8,29,0.24482758620689654,0.10000000000000009,0.14482758620689656,0.3483620689655167,0.5517241379310345,1.417241379310345,1.1724137931034482,1.0
SESSION,A,CONSERVATIVE,0.98,0.98,0.0,30,0.6766666666666666,0.7,0.58,0.7699999999999999,1.0,1.6533333333333333,0.9766666666666665,1.0
SESSION,B1,CONSERVATIVE,0.98,0.98,0.0,29,0.506896551724138,0.4,0.3999137931034482,0.6173275862068962,1.0,1.4551724137931035,0.9482758620689653,1.0
SESSION,B2,CONSERVATIVE,0.98,0.98,0.0,29,0.44482758620689655,0.4,0.3172413793103448,0.5724137931034482,0.8275862068965517,1.417241379310345,0.9724137931034481,1.0
SESSION,A,CONSERVATIVE,0.98,0.98,0.2,30,0.6766666666666666,0.7,0.5765833333333332,0.7733333333333332,1.0,1.6533333333333333,0.9766666666666665,1.0
SESSION,B1,CONSERVATIVE,0.98,0.98,0.2,29,0.506896551724138,0.4,0.38965517241379305,0.6241379310344827,1.0,1.4551724137931035,0.9482758620689653,1.0
SESSION,B2,CONSERVATIVE,0.98,0.98,0.2,29,0.44482758620689655,0.4,0.3241379310344827,0.5689655172413792,0.8275862068965517,1.417241379310345,0.9724137931034481,1.0
SESSION,A,CONSERVATIVE,0.98,0.98,0.4,30,0.6766666666666666,0.7,0.58,0.7699999999999999,1.0,1.6533333333333333,0.9766666666666665,1.0
SESSION,B1,CONSERVATIVE,0.98,0.98,0.4,29,0.506896551724138,0.4,0.396551724137931,0.6206896551724137,1.0,1.4551724137931035,0.9482758620689653,1.0
SESSION,B2,CONSERVATIVE,0.98,0.98,0.4,29,0.44482758620689655,0.4,0.32068965517241377,0.5724137931034482,0.8275862068965517,1.417241379310345,0.9724137931034481,1.0
SESSION,A,CONSERVATIVE,0.98,0.98,0.6,30,0.6033333333333332,0.6000000000000001,0.5099999999999999,0.6966666666666665,0.9666666666666667,1.6533333333333333,1.05,1.0
SESSION,B1,CONSERVATIVE,0.98,0.98,0.6,29,0.4241379310344828,0.3999999999999999,0.3068103448275862,0.5413793103448274,0.8275862068965517,1.4551724137931035,1.0310344827586206,1.0
SESSION,B2,CONSERVATIVE,0.98,0.98,0.6,29,0.3758620689655172,0.30000000000000004,0.2517241379310345,0.49663793103448234,0.7586206896551724,1.417241379310345,1.0413793103448277,1.0
SESSION,A,CONSERVATIVE,0.98,0.98,0.8,30,0.44666666666666666,0.5,0.3499999999999999,0.5333333333333332,0.9,1.6533333333333333,1.2066666666666668,1.0
SESSION,B1,CONSERVATIVE,0.98,0.98,0.8,29,0.2827586206896552,0.19999999999999996,0.17931034482758623,0.3793965517241375,0.6206896551724138,1.4551724137931035,1.1724137931034482,1.0
SESSION,B2,CONSERVATIVE,0.98,0.98,0.8,29,0.24482758620689654,0.10000000000000009,0.14474137931034484,0.3482758620689655,0.5517241379310345,1.417241379310345,1.1724137931034482,1.0
SESSION,A,CONSERVATIVE,0.99,0.99,0.0,30,0.6766666666666666,0.7,0.58,0.7733333333333333,1.0,1.6533333333333333,0.9766666666666665,1.0
SESSION,B1,CONSERVATIVE,0.99,0.99,0.0,29,0.506896551724138,0.4,0.39310344827586197,0.6241379310344827,1.0,1.4551724137931035,0.9482758620689653,1.0
SESSION,B2,CONSERVATIVE,0.99,0.99,0.0,29,0.44482758620689655,0.4,0.32068965517241377,0.5689655172413793,0.8275862068965517,1.417241379310345,0.9724137931034481,1.0
SESSION,A,CONSERVATIVE,0.99,0.99,0.2,30,0.6766666666666666,0.7,0.5833333333333333,0.7699999999999999,1.0,1.6533333333333333,0.9766666666666665,1.0
SESSION,B1,CONSERVATIVE,0.99,0.99,0.2,29,0.506896551724138,0.4,0.39301724137931027,0.6275862068965515,1.0,1.4551724137931035,0.9482758620689653,1.0
SESSION,B2,CONSERVATIVE,0.99,0.99,0.2,29,0.44482758620689655,0.4,0.3241379310344827,0.5689655172413793,0.8275862068965517,1.417241379310345,0.9724137931034481,1.0
SESSION,A,CONSERVATIVE,0.99,0.99,0.4,30,0.6766666666666666,0.7,0.5866666666666666,0.7700833333333329,1.0,1.6533333333333333,0.9766666666666665,1.0
SESSION,B1,CONSERVATIVE,0.99,0.99,0.4,29,0.506896551724138,0.4,0.38620689655172413,0.6241379310344827,1.0,1.4551724137931035,0.9482758620689653,1.0
SESSION,B2,CONSERVATIVE,0.99,0.99,0.4,29,0.44482758620689655,0.4,0.3241379310344828,0.5689655172413792,0.8275862068965517,1.417241379310345,0.9724137931034481,1.0
SESSION,A,CONSERVATIVE,0.99,0.99,0.6,30,0.6033333333333332,0.6000000000000001,0.51,0.6966666666666665,0.9666666666666667,1.6533333333333333,1.05,1.0
SESSION,B1,CONSERVATIVE,0.99,0.99,0.6,29,0.4241379310344828,0.3999999999999999,0.3137931034482758,0.5449137931034479,0.8275862068965517,1.4551724137931035,1.0310344827586206,1.0
SESSION,B2,CONSERVATIVE,0.99,0.99,0.6,29,0.3758620689655172,0.30000000000000004,0.25862068965517243,0.49310344827586194,0.7586206896551724,1.417241379310345,1.0413793103448277,1.0
SESSION,A,CONSERVATIVE,0.99,0.99,0.8,30,0.44666666666666666,0.5,0.3533333333333333,0.5366666666666666,0.9,1.6533333333333333,1.2066666666666668,1.0
SESSION,B1,CONSERVATIVE,0.99,0.99,0.8,29,0.2827586206896552,0.19999999999999996,0.18620689655172418,0.38275862068965516,0.6206896551724138,1.4551724137931035,1.1724137931034482,1.0
SESSION,B2,CONSERVATIVE,0.99,0.99,0.8,29,0.24482758620689654,0.10000000000000009,0.1482758620689655,0.3518103448275857,0.5517241379310345,1.417241379310345,1.1724137931034482,1.0
SESSION,A,CONSERVATIVE,1.0,1.00,0.0,30,0.6766666666666666,0.7,0.5833333333333334,0.7733333333333333,1.0,1.6533333333333333,0.9766666666666665,1.0
SESSION,B1,CONSERVATIVE,1.0,1.00,0.0,29,0.506896551724138,0.4,0.393103448275862,0.6241379310344826,1.0,1.4551724137931035,0.9482758620689653,1.0
SESSION,B2,CONSERVATIVE,1.0,1.00,0.0,29,0.44482758620689655,0.4,0.3172413793103448,0.5759482758620684,0.8275862068965517,1.417241379310345,0.9724137931034481,1.0
SESSION,A,CONSERVATIVE,1.0,1.00,0.2,30,0.6766666666666666,0.7,0.5799166666666665,0.7733333333333332,1.0,1.6533333333333333,0.9766666666666665,1.0
SESSION,B1,CONSERVATIVE,1.0,1.00,0.2,29,0.506896551724138,0.4,0.38965517241379305,0.6241379310344827,1.0,1.4551724137931035,0.9482758620689653,1.0
SESSION,B2,CONSERVATIVE,1.0,1.00,0.2,29,0.44482758620689655,0.4,0.3172413793103448,0.5724137931034482,0.8275862068965517,1.417241379310345,0.9724137931034481,1.0
SESSION,A,CONSERVATIVE,1.0,1.00,0.4,30,0.6766666666666666,0.7,0.58,0.7700833333333329,1.0,1.6533333333333333,0.9766666666666665,1.0
SESSION,B1,CONSERVATIVE,1.0,1.00,0.4,29,0.506896551724138,0.4,0.3931034482758621,0.6275862068965515,1.0,1.4551724137931035,0.9482758620689653,1.0
SESSION,B2,CONSERVATIVE,1.0,1.00,0.4,29,0.44482758620689655,0.4,0.32758620689655177,0.5793103448275861,0.8275862068965517,1.417241379310345,0.9724137931034481,1.0
SESSION,A,CONSERVATIVE,1.0,1.00,0.6,30,0.6033333333333332,0.6000000000000001,0.5066666666666666,0.6933333333333332,0.9666666666666667,1.6533333333333333,1.05,1.0
SESSION,B1,CONSERVATIVE,1.0,1.00,0.6,29,0.4241379310344828,0.3999999999999999,0.303448275862069,0.5414655172413789,0.8275862068965517,1.4551724137931035,1.0310344827586206,1.0
SESSION,B2,CONSERVATIVE,1.0,1.00,0.6,29,0.3758620689655172,0.30000000000000004,0.24827586206896554,0.4966379310344823,0.7586206896551724,1.417241379310345,1.0413793103448277,1.0
SESSION,A,CONSERVATIVE,1.0,1.00,0.8,30,0.44666666666666666,0.5,0.3566666666666666,0.5366666666666666,0.9,1.6533333333333333,1.2066666666666668,1.0
SESSION,B1,CONSERVATIVE,1.0,1.00,0.8,29,0.2827586206896552,0.19999999999999996,0.18620689655172415,0.3827586206896551,0.6206896551724138,1.4551724137931035,1.1724137931034482,1.0
SESSION,B2,CONSERVATIVE,1.0,1.00,0.8,29,0.24482758620689654,0.10000000000000009,0.1448275862068966,0.3482758620689655,0.5517241379310345,1.417241379310345,1.1724137931034482,1.0
