trialId,attemptId,targetSlot,targetFrequencyHz,sourceType,shape,sampleCountPerChannel,preOnsetSamples,postOnsetSamples,sampleAnchorSampleIndex,packetGapCountObserved,epochSha256
m37-dummy-001,m37-dummy-001-attempt-001,2,12.0,synthetic,8x4500,4500,500,4000,10100,0,13653aa6430953072587a28d855cf928f363c98637706cc67654e0ad59ee5061
m37-dummy-002,m37-dummy-002-attempt-001,2,12.0,synthetic,8x4500,4500,500,4000,30200,0,176d494a590959008d5ba2fe08cf90781c378baadb43247a2717e024934d2a11
m37-dummy-003,m37-dummy-003-attempt-001,2,12.0,synthetic,8x4500,4500,500,4000,50300,0,b3585c2a4d17be9ef576e5d4b00271d51586297f98ddeed38eba1b5b9c583311
m37-dummy-004,m37-dummy-004-attempt-001,0,7.2,synthetic,8x4500,4500,500,4000,69500,0,15b1d148016a9266769adae00eb68fdd813863c2d1273b02a47e91c53fcf1c27
m37-dummy-005,m37-dummy-005-attempt-001,0,7.2,synthetic,8x4500,4500,500,4000,88700,0,0d17070af84c80e9f3b9f5dc3be2ec1c62b586f619cf8f3eb8dfea902190e166
m37-dummy-006,m37-dummy-006-attempt-001,2,12.0,synthetic,8x4500,4500,500,4000,108800,0,fbc4331a9fa67f30818bc14582a5d5db06e8fff7d4920680ccb96a22a62b4c90
m37-dummy-007,m37-dummy-007-attempt-001,1,9.0,synthetic,8x4500,4500,500,4000,128450,0,4b07a3925695e9cb2ce5af0a3ab52a8aad3e9d93fd56a3bc085b952c4f0ab2d2
m37-dummy-008,m37-dummy-008-attempt-001,0,7.2,synthetic,8x4500,4500,500,4000,147650,0,42c4d82fa8a2ef3ffe3fdc3d4e223d7696f818b999f28de082725cf6a3895d2e
m37-dummy-009,m37-dummy-009-attempt-001,2,12.0,synthetic,8x4500,4500,500,4000,167750,0,51b01a37af6f9aa319f637df91223f95e94b75777019f7094a68e5644578ee1e
m37-dummy-010,m37-dummy-010-attempt-001,1,9.0,synthetic,8x4500,4500,500,4000,187400,0,1013b3c3b7bce0ec27bce524c323999eda97047a24f7975b314da9802518512f
m37-dummy-011,m37-dummy-011-attempt-001,0,7.2,synthetic,8x4500,4500,500,4000,206600,0,61ce598f748e760a867c2851bab70f6e56e8747095e9bbd0b5f299c0e5e7efcc
m37-dummy-012,m37-dummy-012-attempt-001,2,12.0,synthetic,8x4500,4500,500,4000,226700,0,b803159f1ef762c85b899dae35ecdb2166c1b91f3d859c23a4bcd9ea91b19caf
m37-dummy-013,m37-dummy-013-attempt-001,1,9.0,synthetic,8x4500,4500,500,4000,246350,0,347dc401b197f34fe681d3cf764f01fb01863293aeafc1250b8276395c514c87
m37-dummy-014,m37-dummy-014-attempt-001,1,9.0,synthetic,8x4500,4500,500,4000,266000,0,c40ed00809980284fb3bcf4282e269a1a4bcfb9f18897e2db2fdf9372d360fe9
m37-dummy-015,m37-dummy-015-attempt-001,0,7.2,synthetic,8x4500,4500,500,4000,285200,0,1feb860703b58ff5afaf8a9829e2db0b1f63a696ad19c7e7d7854dc88f2a769d
m37-dummy-016,m37-dummy-016-attempt-001,0,7.2,synthetic,8x4500,4500,500,4000,304400,0,90438980fd62aca601805f10283f0416c80313389208ab73485bf0589aeb9216
m37-dummy-017,m37-dummy-017-attempt-001,0,7.2,synthetic,8x4500,4500,500,4000,323600,0,c724e65fbc4aa0279603a4ecf5b3253410eae778e53617975cdc60277fa569fa
m37-dummy-018,m37-dummy-018-attempt-001,0,7.2,synthetic,8x4500,4500,500,4000,342800,0,49b10128b6f23c44ec7fd5c443d5e686c0bfd29b63e003fe3dbf3fcf52ac29cb
m37-dummy-019,m37-dummy-019-attempt-001,2,12.0,synthetic,8x4500,4500,500,4000,362900,0,f2f76819cc66732ea95e693c3ef63cb70ab5102e587adf7fc30291863e25765a
m37-dummy-020,m37-dummy-020-attempt-001,1,9.0,synthetic,8x4500,4500,500,4000,382550,0,9287c6642f8de7d4ccd005e22f4c4421d5a44baffbb06177f04ae25fd94034d8
m37-dummy-021,m37-dummy-021-attempt-001,1,9.0,synthetic,8x4500,4500,500,4000,402200,0,8611e4a40aaf8294708d3eec2e95d60a9b862eeff37adfa941f69fb42d2a63ce
m37-dummy-022,m37-dummy-022-attempt-001,2,12.0,synthetic,8x4500,4500,500,4000,422300,0,787a9f6444f99c464c17cfadb27cd4a404611de5839d3d2527fd2c3f79e24d65
m37-dummy-023,m37-dummy-023-attempt-001,1,9.0,synthetic,8x4500,4500,500,4000,441950,0,34e10a6e8824dacf0e1c352b94295a340450da33ab90a14813aa6d09e18f9307
m37-dummy-024,m37-dummy-024-attempt-001,1,9.0,synthetic,8x4500,4500,500,4000,461600,0,ede1630ae8e3ed396550779cf82e117f3848e95688f95c77cf5115d1286cbe40
m37-dummy-025,m37-dummy-025-attempt-001,2,12.0,synthetic,8x4500,4500,500,4000,481700,0,27bf6198762011834049d7dc90914ef8d309215e5003547a86eb4e1f7c2b3959
m37-dummy-026,m37-dummy-026-attempt-001,0,7.2,synthetic,8x4500,4500,500,4000,500900,0,723439f0e920d5910c0d77962918ca256ac421176fe4af0d1dd703b83bf2f47c
m37-dummy-027,m37-dummy-027-attempt-001,0,7.2,synthetic,8x4500,4500,500,4000,520100,0,d576e525ba89b11ce9377b9c41b6cffe940330c40e5d8c270ef3c244b601e168
m37-dummy-028,m37-dummy-028-attempt-001,1,9.0,synthetic,8x4500,4500,500,4000,539750,0,600216a7ba73db343158c98ec0c2744914429c8b44b0f7844288726001effe6c
m37-dummy-029,m37-dummy-029-attempt-001,1,9.0,synthetic,8x4500,4500,500,4000,559400,0,1edab6d5f9db9edca12a93d091f8b21240a7396b775359cb5b03014acdcf8331
m37-dummy-030,m37-dummy-030-attempt-001,2,12.0,synthetic,8x4500,4500,500,4000,579500,0,871ceeaebf28d0bc996ed5e2aa5f5aee7400f8289fcd7887a489fb11befa1761
