sessionId,trialIndex,trialId,targetSlot,targetFrequencyHz,formal
session_001,1,m37-s001-t001,2,12.0,True
session_001,2,m37-s001-t002,0,7.2,True
session_001,3,m37-s001-t003,2,12.0,True
session_001,4,m37-s001-t004,1,9.0,True
session_001,5,m37-s001-t005,0,7.2,True
session_001,6,m37-s001-t006,0,7.2,True
session_001,7,m37-s001-t007,2,12.0,True
session_001,8,m37-s001-t008,1,9.0,True
session_001,9,m37-s001-t009,2,12.0,True
session_001,10,m37-s001-t010,1,9.0,True
session_001,11,m37-s001-t011,2,12.0,True
session_001,12,m37-s001-t012,0,7.2,True
session_001,13,m37-s001-t013,1,9.0,True
session_001,14,m37-s001-t014,1,9.0,True
session_001,15,m37-s001-t015,1,9.0,True
session_001,16,m37-s001-t016,0,7.2,True
session_001,17,m37-s001-t017,0,7.2,True
session_001,18,m37-s001-t018,0,7.2,True
session_001,19,m37-s001-t019,1,9.0,True
session_001,20,m37-s001-t020,1,9.0,True
session_001,21,m37-s001-t021,2,12.0,True
session_001,22,m37-s001-t022,0,7.2,True
session_001,23,m37-s001-t023,0,7.2,True
session_001,24,m37-s001-t024,1,9.0,True
session_001,25,m37-s001-t025,2,12.0,True
session_001,26,m37-s001-t026,0,7.2,True
session_001,27,m37-s001-t027,2,12.0,True
session_001,28,m37-s001-t028,0,7.2,True
session_001,29,m37-s001-t029,2,12.0,True
session_001,30,m37-s001-t030,2,12.0,True
session_001,31,m37-s001-t031,2,12.0,True
session_001,32,m37-s001-t032,1,9.0,True
session_001,33,m37-s001-t033,1,9.0,True
session_001,34,m37-s001-t034,0,7.2,True
session_001,35,m37-s001-t035,2,12.0,True
session_001,36,m37-s001-t036,2,12.0,True
session_001,37,m37-s001-t037,0,7.2,True
session_001,38,m37-s001-t038,0,7.2,True
session_001,39,m37-s001-t039,1,9.0,True
session_001,40,m37-s001-t040,0,7.2,True
session_001,41,m37-s001-t041,1,9.0,True
session_001,42,m37-s001-t042,1,9.0,True
session_001,43,m37-s001-t043,0,7.2,True
session_001,44,m37-s001-t044,2,12.0,True
session_001,45,m37-s001-t045,1,9.0,True
session_001,46,m37-s001-t046,1,9.0,True
session_001,47,m37-s001-t047,0,7.2,True
session_001,48,m37-s001-t048,1,9.0,True
session_001,49,m37-s001-t049,1,9.0,True
session_001,50,m37-s001-t050,0,7.2,True
session_001,51,m37-s001-t051,2,12.0,True
session_001,52,m37-s001-t052,2,12.0,True
session_001,53,m37-s001-t053,0,7.2,True
session_001,54,m37-s001-t054,0,7.2,True
session_001,55,m37-s001-t055,2,12.0,True
session_001,56,m37-s001-t056,1,9.0,True
session_001,57,m37-s001-t057,2,12.0,True
session_001,58,m37-s001-t058,2,12.0,True
session_001,59,m37-s001-t059,0,7.2,True
session_001,60,m37-s001-t060,1,9.0,True
session_001,61,m37-s001-t061,2,12.0,True
session_001,62,m37-s001-t062,2,12.0,True
session_001,63,m37-s001-t063,1,9.0,True
session_002,1,m37-s002-t001,0,7.2,True
session_002,2,m37-s002-t002,0,7.2,True
session_002,3,m37-s002-t003,2,12.0,True
session_002,4,m37-s002-t004,1,9.0,True
session_002,5,m37-s002-t005,1,9.0,True
session_002,6,m37-s002-t006,1,9.0,True
session_002,7,m37-s002-t007,0,7.2,True
session_002,8,m37-s002-t008,2,12.0,True
session_002,9,m37-s002-t009,2,12.0,True
session_002,10,m37-s002-t010,1,9.0,True
session_002,11,m37-s002-t011,1,9.0,True
session_002,12,m37-s002-t012,1,9.0,True
session_002,13,m37-s002-t013,2,12.0,True
session_002,14,m37-s002-t014,1,9.0,True
session_002,15,m37-s002-t015,2,12.0,True
session_002,16,m37-s002-t016,2,12.0,True
session_002,17,m37-s002-t017,0,7.2,True
session_002,18,m37-s002-t018,1,9.0,True
session_002,19,m37-s002-t019,2,12.0,True
session_002,20,m37-s002-t020,1,9.0,True
session_002,21,m37-s002-t021,0,7.2,True
session_002,22,m37-s002-t022,2,12.0,True
session_002,23,m37-s002-t023,0,7.2,True
session_002,24,m37-s002-t024,2,12.0,True
session_002,25,m37-s002-t025,2,12.0,True
session_002,26,m37-s002-t026,2,12.0,True
session_002,27,m37-s002-t027,1,9.0,True
session_002,28,m37-s002-t028,0,7.2,True
session_002,29,m37-s002-t029,1,9.0,True
session_002,30,m37-s002-t030,1,9.0,True
session_002,31,m37-s002-t031,1,9.0,True
session_002,32,m37-s002-t032,0,7.2,True
session_002,33,m37-s002-t033,0,7.2,True
session_002,34,m37-s002-t034,0,7.2,True
session_002,35,m37-s002-t035,2,12.0,True
session_002,36,m37-s002-t036,1,9.0,True
session_002,37,m37-s002-t037,0,7.2,True
session_002,38,m37-s002-t038,1,9.0,True
session_002,39,m37-s002-t039,1,9.0,True
session_002,40,m37-s002-t040,2,12.0,True
session_002,41,m37-s002-t041,0,7.2,True
session_002,42,m37-s002-t042,1,9.0,True
session_002,43,m37-s002-t043,0,7.2,True
session_002,44,m37-s002-t044,2,12.0,True
session_002,45,m37-s002-t045,2,12.0,True
session_002,46,m37-s002-t046,2,12.0,True
session_002,47,m37-s002-t047,1,9.0,True
session_002,48,m37-s002-t048,1,9.0,True
session_002,49,m37-s002-t049,0,7.2,True
session_002,50,m37-s002-t050,2,12.0,True
session_002,51,m37-s002-t051,1,9.0,True
session_002,52,m37-s002-t052,2,12.0,True
session_002,53,m37-s002-t053,0,7.2,True
session_002,54,m37-s002-t054,0,7.2,True
session_002,55,m37-s002-t055,0,7.2,True
session_002,56,m37-s002-t056,2,12.0,True
session_002,57,m37-s002-t057,2,12.0,True
session_002,58,m37-s002-t058,1,9.0,True
session_002,59,m37-s002-t059,0,7.2,True
session_002,60,m37-s002-t060,2,12.0,True
session_002,61,m37-s002-t061,0,7.2,True
session_002,62,m37-s002-t062,0,7.2,True
session_002,63,m37-s002-t063,0,7.2,True
session_003,1,m37-s003-t001,2,12.0,True
session_003,2,m37-s003-t002,1,9.0,True
session_003,3,m37-s003-t003,2,12.0,True
session_003,4,m37-s003-t004,2,12.0,True
session_003,5,m37-s003-t005,0,7.2,True
session_003,6,m37-s003-t006,2,12.0,True
session_003,7,m37-s003-t007,2,12.0,True
session_003,8,m37-s003-t008,2,12.0,True
session_003,9,m37-s003-t009,1,9.0,True
session_003,10,m37-s003-t010,2,12.0,True
session_003,11,m37-s003-t011,1,9.0,True
session_003,12,m37-s003-t012,0,7.2,True
session_003,13,m37-s003-t013,1,9.0,True
session_003,14,m37-s003-t014,2,12.0,True
session_003,15,m37-s003-t015,2,12.0,True
session_003,16,m37-s003-t016,0,7.2,True
session_003,17,m37-s003-t017,1,9.0,True
session_003,18,m37-s003-t018,0,7.2,True
session_003,19,m37-s003-t019,0,7.2,True
session_003,20,m37-s003-t020,1,9.0,True
session_003,21,m37-s003-t021,1,9.0,True
session_003,22,m37-s003-t022,0,7.2,True
session_003,23,m37-s003-t023,1,9.0,True
session_003,24,m37-s003-t024,1,9.0,True
session_003,25,m37-s003-t025,2,12.0,True
session_003,26,m37-s003-t026,0,7.2,True
session_003,27,m37-s003-t027,0,7.2,True
session_003,28,m37-s003-t028,0,7.2,True
session_003,29,m37-s003-t029,1,9.0,True
session_003,30,m37-s003-t030,0,7.2,True
session_003,31,m37-s003-t031,1,9.0,True
session_003,32,m37-s003-t032,2,12.0,True
session_003,33,m37-s003-t033,1,9.0,True
session_003,34,m37-s003-t034,2,12.0,True
session_003,35,m37-s003-t035,0,7.2,True
session_003,36,m37-s003-t036,0,7.2,True
session_003,37,m37-s003-t037,1,9.0,True
session_003,38,m37-s003-t038,2,12.0,True
session_003,39,m37-s003-t039,1,9.0,True
session_003,40,m37-s003-t040,2,12.0,True
session_003,41,m37-s003-t041,0,7.2,True
session_003,42,m37-s003-t042,0,7.2,True
session_003,43,m37-s003-t043,0,7.2,True
session_003,44,m37-s003-t044,2,12.0,True
session_003,45,m37-s003-t045,2,12.0,True
session_003,46,m37-s003-t046,1,9.0,True
session_003,47,m37-s003-t047,2,12.0,True
session_003,48,m37-s003-t048,2,12.0,True
session_003,49,m37-s003-t049,2,12.0,True
session_003,50,m37-s003-t050,0,7.2,True
session_003,51,m37-s003-t051,1,9.0,True
session_003,52,m37-s003-t052,0,7.2,True
session_003,53,m37-s003-t053,1,9.0,True
session_003,54,m37-s003-t054,0,7.2,True
session_003,55,m37-s003-t055,1,9.0,True
session_003,56,m37-s003-t056,0,7.2,True
session_003,57,m37-s003-t057,1,9.0,True
session_003,58,m37-s003-t058,0,7.2,True
session_003,59,m37-s003-t059,1,9.0,True
session_003,60,m37-s003-t060,2,12.0,True
session_003,61,m37-s003-t061,1,9.0,True
session_003,62,m37-s003-t062,2,12.0,True
session_003,63,m37-s003-t063,0,7.2,True
session_004,1,m37-s004-t001,2,12.0,True
session_004,2,m37-s004-t002,1,9.0,True
session_004,3,m37-s004-t003,2,12.0,True
session_004,4,m37-s004-t004,2,12.0,True
session_004,5,m37-s004-t005,1,9.0,True
session_004,6,m37-s004-t006,0,7.2,True
session_004,7,m37-s004-t007,1,9.0,True
session_004,8,m37-s004-t008,0,7.2,True
session_004,9,m37-s004-t009,1,9.0,True
session_004,10,m37-s004-t010,1,9.0,True
session_004,11,m37-s004-t011,0,7.2,True
session_004,12,m37-s004-t012,2,12.0,True
session_004,13,m37-s004-t013,0,7.2,True
session_004,14,m37-s004-t014,1,9.0,True
session_004,15,m37-s004-t015,0,7.2,True
session_004,16,m37-s004-t016,0,7.2,True
session_004,17,m37-s004-t017,0,7.2,True
session_004,18,m37-s004-t018,2,12.0,True
session_004,19,m37-s004-t019,0,7.2,True
session_004,20,m37-s004-t020,1,9.0,True
session_004,21,m37-s004-t021,0,7.2,True
session_004,22,m37-s004-t022,0,7.2,True
session_004,23,m37-s004-t023,1,9.0,True
session_004,24,m37-s004-t024,2,12.0,True
session_004,25,m37-s004-t025,1,9.0,True
session_004,26,m37-s004-t026,2,12.0,True
session_004,27,m37-s004-t027,0,7.2,True
session_004,28,m37-s004-t028,2,12.0,True
session_004,29,m37-s004-t029,1,9.0,True
session_004,30,m37-s004-t030,1,9.0,True
session_004,31,m37-s004-t031,2,12.0,True
session_004,32,m37-s004-t032,0,7.2,True
session_004,33,m37-s004-t033,0,7.2,True
session_004,34,m37-s004-t034,1,9.0,True
session_004,35,m37-s004-t035,1,9.0,True
session_004,36,m37-s004-t036,2,12.0,True
session_004,37,m37-s004-t037,1,9.0,True
session_004,38,m37-s004-t038,2,12.0,True
session_004,39,m37-s004-t039,1,9.0,True
session_004,40,m37-s004-t040,2,12.0,True
session_004,41,m37-s004-t041,1,9.0,True
session_004,42,m37-s004-t042,0,7.2,True
session_004,43,m37-s004-t043,0,7.2,True
session_004,44,m37-s004-t044,2,12.0,True
session_004,45,m37-s004-t045,2,12.0,True
session_004,46,m37-s004-t046,2,12.0,True
session_004,47,m37-s004-t047,1,9.0,True
session_004,48,m37-s004-t048,0,7.2,True
session_004,49,m37-s004-t049,1,9.0,True
session_004,50,m37-s004-t050,2,12.0,True
session_004,51,m37-s004-t051,0,7.2,True
session_004,52,m37-s004-t052,1,9.0,True
session_004,53,m37-s004-t053,2,12.0,True
session_004,54,m37-s004-t054,1,9.0,True
session_004,55,m37-s004-t055,2,12.0,True
session_004,56,m37-s004-t056,0,7.2,True
session_004,57,m37-s004-t057,2,12.0,True
session_004,58,m37-s004-t058,2,12.0,True
session_004,59,m37-s004-t059,0,7.2,True
session_004,60,m37-s004-t060,2,12.0,True
session_004,61,m37-s004-t061,0,7.2,True
session_004,62,m37-s004-t062,0,7.2,True
session_004,63,m37-s004-t063,1,9.0,True
session_005,1,m37-s005-t001,0,7.2,True
session_005,2,m37-s005-t002,1,9.0,True
session_005,3,m37-s005-t003,2,12.0,True
session_005,4,m37-s005-t004,2,12.0,True
session_005,5,m37-s005-t005,2,12.0,True
session_005,6,m37-s005-t006,0,7.2,True
session_005,7,m37-s005-t007,0,7.2,True
session_005,8,m37-s005-t008,0,7.2,True
session_005,9,m37-s005-t009,2,12.0,True
session_005,10,m37-s005-t010,1,9.0,True
session_005,11,m37-s005-t011,1,9.0,True
session_005,12,m37-s005-t012,2,12.0,True
session_005,13,m37-s005-t013,1,9.0,True
session_005,14,m37-s005-t014,1,9.0,True
session_005,15,m37-s005-t015,0,7.2,True
session_005,16,m37-s005-t016,2,12.0,True
session_005,17,m37-s005-t017,1,9.0,True
session_005,18,m37-s005-t018,2,12.0,True
session_005,19,m37-s005-t019,2,12.0,True
session_005,20,m37-s005-t020,0,7.2,True
session_005,21,m37-s005-t021,2,12.0,True
session_005,22,m37-s005-t022,2,12.0,True
session_005,23,m37-s005-t023,1,9.0,True
session_005,24,m37-s005-t024,2,12.0,True
session_005,25,m37-s005-t025,1,9.0,True
session_005,26,m37-s005-t026,0,7.2,True
session_005,27,m37-s005-t027,2,12.0,True
session_005,28,m37-s005-t028,0,7.2,True
session_005,29,m37-s005-t029,2,12.0,True
session_005,30,m37-s005-t030,0,7.2,True
session_005,31,m37-s005-t031,0,7.2,True
session_005,32,m37-s005-t032,1,9.0,True
session_005,33,m37-s005-t033,1,9.0,True
session_005,34,m37-s005-t034,2,12.0,True
session_005,35,m37-s005-t035,1,9.0,True
session_005,36,m37-s005-t036,0,7.2,True
session_005,37,m37-s005-t037,1,9.0,True
session_005,38,m37-s005-t038,0,7.2,True
session_005,39,m37-s005-t039,0,7.2,True
session_005,40,m37-s005-t040,2,12.0,True
session_005,41,m37-s005-t041,1,9.0,True
session_005,42,m37-s005-t042,2,12.0,True
session_005,43,m37-s005-t043,0,7.2,True
session_005,44,m37-s005-t044,0,7.2,True
session_005,45,m37-s005-t045,1,9.0,True
session_005,46,m37-s005-t046,0,7.2,True
session_005,47,m37-s005-t047,1,9.0,True
session_005,48,m37-s005-t048,1,9.0,True
session_005,49,m37-s005-t049,2,12.0,True
session_005,50,m37-s005-t050,0,7.2,True
session_005,51,m37-s005-t051,2,12.0,True
session_005,52,m37-s005-t052,1,9.0,True
session_005,53,m37-s005-t053,2,12.0,True
session_005,54,m37-s005-t054,2,12.0,True
session_005,55,m37-s005-t055,0,7.2,True
session_005,56,m37-s005-t056,1,9.0,True
session_005,57,m37-s005-t057,1,9.0,True
session_005,58,m37-s005-t058,0,7.2,True
session_005,59,m37-s005-t059,2,12.0,True
session_005,60,m37-s005-t060,0,7.2,True
session_005,61,m37-s005-t061,1,9.0,True
session_005,62,m37-s005-t062,0,7.2,True
session_005,63,m37-s005-t063,1,9.0,True
session_006,1,m37-s006-t001,1,9.0,True
session_006,2,m37-s006-t002,0,7.2,True
session_006,3,m37-s006-t003,0,7.2,True
session_006,4,m37-s006-t004,2,12.0,True
session_006,5,m37-s006-t005,1,9.0,True
session_006,6,m37-s006-t006,1,9.0,True
session_006,7,m37-s006-t007,0,7.2,True
session_006,8,m37-s006-t008,2,12.0,True
session_006,9,m37-s006-t009,0,7.2,True
session_006,10,m37-s006-t010,2,12.0,True
session_006,11,m37-s006-t011,2,12.0,True
session_006,12,m37-s006-t012,2,12.0,True
session_006,13,m37-s006-t013,1,9.0,True
session_006,14,m37-s006-t014,2,12.0,True
session_006,15,m37-s006-t015,2,12.0,True
session_006,16,m37-s006-t016,1,9.0,True
session_006,17,m37-s006-t017,0,7.2,True
session_006,18,m37-s006-t018,0,7.2,True
session_006,19,m37-s006-t019,1,9.0,True
session_006,20,m37-s006-t020,2,12.0,True
session_006,21,m37-s006-t021,2,12.0,True
session_006,22,m37-s006-t022,2,12.0,True
session_006,23,m37-s006-t023,1,9.0,True
session_006,24,m37-s006-t024,2,12.0,True
session_006,25,m37-s006-t025,1,9.0,True
session_006,26,m37-s006-t026,1,9.0,True
session_006,27,m37-s006-t027,0,7.2,True
session_006,28,m37-s006-t028,1,9.0,True
session_006,29,m37-s006-t029,2,12.0,True
session_006,30,m37-s006-t030,0,7.2,True
session_006,31,m37-s006-t031,2,12.0,True
session_006,32,m37-s006-t032,0,7.2,True
session_006,33,m37-s006-t033,1,9.0,True
session_006,34,m37-s006-t034,0,7.2,True
session_006,35,m37-s006-t035,0,7.2,True
session_006,36,m37-s006-t036,0,7.2,True
session_006,37,m37-s006-t037,1,9.0,True
session_006,38,m37-s006-t038,1,9.0,True
session_006,39,m37-s006-t039,2,12.0,True
session_006,40,m37-s006-t040,0,7.2,True
session_006,41,m37-s006-t041,2,12.0,True
session_006,42,m37-s006-t042,0,7.2,True
session_006,43,m37-s006-t043,0,7.2,True
session_006,44,m37-s006-t044,0,7.2,True
session_006,45,m37-s006-t045,2,12.0,True
session_006,46,m37-s006-t046,1,9.0,True
session_006,47,m37-s006-t047,2,12.0,True
session_006,48,m37-s006-t048,1,9.0,True
session_006,49,m37-s006-t049,0,7.2,True
session_006,50,m37-s006-t050,0,7.2,True
session_006,51,m37-s006-t051,0,7.2,True
session_006,52,m37-s006-t052,1,9.0,True
session_006,53,m37-s006-t053,1,9.0,True
session_006,54,m37-s006-t054,0,7.2,True
session_006,55,m37-s006-t055,2,12.0,True
session_006,56,m37-s006-t056,0,7.2,True
session_006,57,m37-s006-t057,1,9.0,True
session_006,58,m37-s006-t058,2,12.0,True
session_006,59,m37-s006-t059,1,9.0,True
session_006,60,m37-s006-t060,2,12.0,True
session_006,61,m37-s006-t061,1,9.0,True
session_006,62,m37-s006-t062,2,12.0,True
session_006,63,m37-s006-t063,1,9.0,True
