scenario,operatingPoint,trial_count,context_availability_recorded_rate,context_available_mean_seconds,context_available_median_seconds,context_available_p90_seconds,semantic_api_active_latency_p50_seconds,semantic_api_active_latency_p90_seconds,baseline_mean_stop_seconds,baseline_median_stop_seconds,mean_all_trial_gain_seconds,median_all_trial_gain_seconds,mean_context_active_gain_seconds,context_applied_rate,context_accuracy,baseline_accuracy,wrong_early_stop_count,context_caused_error_count,context_arrives_before_mean_eeg_stop,interpretation
measured_api_latency,FAST,8800,0.48329545454545453,1.1380408685633672,1.0046570000000001,2.1882710000000003,1.0046570000000001,1.8288349999999998,1.1818181818181819,1.1,0.024761363636363633,0.0,0.3373065015479876,0.07340909090909091,1,1,0,0,True,Transfer-simulation gain by availability scenario; measured API latency is sampled from the active semantic-call distribution.
measured_api_latency,MEDIUM,8800,0.48329545454545453,1.1380408685633672,1.0046570000000001,2.1882710000000003,1.0046570000000001,1.8288349999999998,1.294318181818182,1.2,0.043,0.0,0.3610687022900763,0.1190909090909091,1,1,0,0,True,Transfer-simulation gain by availability scenario; measured API latency is sampled from the active semantic-call distribution.
measured_api_latency,CONSERVATIVE,8800,0.48329545454545453,1.1380408685633672,1.0046570000000001,2.1882710000000003,1.0046570000000001,1.8288349999999998,1.5102272727272728,1.5,0.07918181818181817,0.0,0.37644516477579687,0.21034090909090908,1,1,0,0,True,Transfer-simulation gain by availability scenario; measured API latency is sampled from the active semantic-call distribution.
precomputed_before_eeg,FAST,8800,0.48329545454545453,0.0,0.0,0.0,1.0046570000000001,1.8288349999999998,1.1818181818181819,1.1,0.10460227272727272,0.0,0.38563049853372433,0.27125,1,1,0,0,True,Transfer-simulation gain by availability scenario; measured API latency is sampled from the active semantic-call distribution.
precomputed_before_eeg,MEDIUM,8800,0.48329545454545453,0.0,0.0,0.0,1.0046570000000001,1.8288349999999998,1.294318181818182,1.2,0.1592840909090909,0.0,0.44371636593858815,0.3589772727272727,1,1,0,0,True,Transfer-simulation gain by availability scenario; measured API latency is sampled from the active semantic-call distribution.
precomputed_before_eeg,CONSERVATIVE,8800,0.48329545454545453,0.0,0.0,0.0,1.0046570000000001,1.8288349999999998,1.5102272727272728,1.5,0.26227272727272727,0.0,0.5741293532338309,0.45681818181818185,1,1,0,0,True,Transfer-simulation gain by availability scenario; measured API latency is sampled from the active semantic-call distribution.
available_after_0.2s,FAST,8800,0.48329545454545453,0.2,0.2,0.2,1.0046570000000001,1.8288349999999998,1.1818181818181819,1.1,0.10460227272727272,0.0,0.38563049853372433,0.27125,1,1,0,0,True,Transfer-simulation gain by availability scenario; measured API latency is sampled from the active semantic-call distribution.
available_after_0.2s,MEDIUM,8800,0.48329545454545453,0.2,0.2,0.2,1.0046570000000001,1.8288349999999998,1.294318181818182,1.2,0.1592840909090909,0.0,0.44371636593858815,0.3589772727272727,1,1,0,0,True,Transfer-simulation gain by availability scenario; measured API latency is sampled from the active semantic-call distribution.
available_after_0.2s,CONSERVATIVE,8800,0.48329545454545453,0.2,0.2,0.2,1.0046570000000001,1.8288349999999998,1.5102272727272728,1.5,0.26227272727272727,0.0,0.5741293532338309,0.45681818181818185,1,1,0,0,True,Transfer-simulation gain by availability scenario; measured API latency is sampled from the active semantic-call distribution.
available_after_0.4s,FAST,8800,0.48329545454545453,0.4,0.4,0.4,1.0046570000000001,1.8288349999999998,1.1818181818181819,1.1,0.10460227272727272,0.0,0.38563049853372433,0.27125,1,1,0,0,True,Transfer-simulation gain by availability scenario; measured API latency is sampled from the active semantic-call distribution.
available_after_0.4s,MEDIUM,8800,0.48329545454545453,0.4,0.4,0.4,1.0046570000000001,1.8288349999999998,1.294318181818182,1.2,0.1592840909090909,0.0,0.44371636593858815,0.3589772727272727,1,1,0,0,True,Transfer-simulation gain by availability scenario; measured API latency is sampled from the active semantic-call distribution.
available_after_0.4s,CONSERVATIVE,8800,0.48329545454545453,0.4,0.4,0.4,1.0046570000000001,1.8288349999999998,1.5102272727272728,1.5,0.26227272727272727,0.0,0.5741293532338309,0.45681818181818185,1,1,0,0,True,Transfer-simulation gain by availability scenario; measured API latency is sampled from the active semantic-call distribution.
available_after_0.6s,FAST,8800,0.48329545454545453,0.6,0.6,0.6,1.0046570000000001,1.8288349999999998,1.1818181818181819,1.1,0.0842840909090909,0.0,0.37103551775887944,0.22715909090909092,1,1,0,0,True,Transfer-simulation gain by availability scenario; measured API latency is sampled from the active semantic-call distribution.
available_after_0.6s,MEDIUM,8800,0.48329545454545453,0.6,0.6,0.6,1.0046570000000001,1.8288349999999998,1.294318181818182,1.2,0.13246590909090908,0.0,0.4129295076160113,0.32079545454545455,1,1,0,0,True,Transfer-simulation gain by availability scenario; measured API latency is sampled from the active semantic-call distribution.
available_after_0.6s,CONSERVATIVE,8800,0.48329545454545453,0.6,0.6,0.6,1.0046570000000001,1.8288349999999998,1.5102272727272728,1.5,0.22567045454545454,0.0,0.5463273727647868,0.41306818181818183,1,1,0,0,True,Transfer-simulation gain by availability scenario; measured API latency is sampled from the active semantic-call distribution.
available_after_0.8s,FAST,8800,0.48329545454545453,0.8,0.8,0.8,1.0046570000000001,1.8288349999999998,1.1818181818181819,1.1,0.05090909090909091,0.0,0.38687392055267705,0.1315909090909091,1,1,0,0,True,Transfer-simulation gain by availability scenario; measured API latency is sampled from the active semantic-call distribution.
available_after_0.8s,MEDIUM,8800,0.48329545454545453,0.8,0.8,0.8,1.0046570000000001,1.8288349999999998,1.294318181818182,1.2,0.08592045454545455,0.0,0.425731981981982,0.2018181818181818,1,1,0,0,True,Transfer-simulation gain by availability scenario; measured API latency is sampled from the active semantic-call distribution.
available_after_0.8s,CONSERVATIVE,8800,0.48329545454545453,0.8,0.8,0.8,1.0046570000000001,1.8288349999999998,1.5102272727272728,1.5,0.15613636363636363,0.0,0.46576271186440676,0.3352272727272727,1,1,0,0,True,Transfer-simulation gain by availability scenario; measured API latency is sampled from the active semantic-call distribution.
