scenario,operatingPoint,seed_count,trial_count,mean_all_trial_gain_seconds,median_all_trial_gain_seconds,seed_interval_95_lower,seed_interval_95_upper,mean_gain_when_context_applied_seconds,context_active_seed_interval_95_lower,context_active_seed_interval_95_upper,mean_context_active_gain_seconds,median_context_active_gain_seconds,context_active_trial_seed_rows,context_active_gain_meets_0_40s,context_active_gain_meets_0_50s,mean_baseline_accuracy,mean_context_accuracy,accuracy_loss_vs_paired_baseline,wrong_early_stop_count,context_caused_error_count,mean_semantic_assignment_rate,mean_context_applied_rate,mean_context_authorized_trial_rate,target_0_30_supported,target_0_40_supported,target_0_50_supported
available_after_0.2s,CONSERVATIVE,100,88,0.26227272727272727,0.0,0.2028125,0.3244602272727272,0.5742924236759681,0.4988081395348837,0.6296579861111109,0.5741293532338309,0.5,4020,True,True,1,1,0,0,0,0.48329545454545453,0.4568181818181818,0.48329545454545453,False,False,False
available_after_0.2s,FAST,100,88,0.10460227272727272,0.0,0.07088068181818181,0.14156249999999995,0.3853900135951091,0.3044416996047431,0.46874999999999967,0.38563049853372433,0.29999999999999993,2387,False,False,1,1,0,0,0,0.48329545454545453,0.27125,0.48329545454545453,False,False,False
available_after_0.2s,MEDIUM,100,88,0.1592840909090909,0.0,0.11758522727272727,0.20681818181818182,0.44419073060732556,0.3592758620689655,0.5315066964285712,0.44371636593858815,0.3999999999999999,3159,True,False,1,1,0,0,0,0.48329545454545453,0.35897727272727276,0.48329545454545453,False,False,False
available_after_0.4s,CONSERVATIVE,100,88,0.26227272727272727,0.0,0.2028125,0.3244602272727272,0.5742924236759681,0.4988081395348837,0.6296579861111109,0.5741293532338309,0.5,4020,True,True,1,1,0,0,0,0.48329545454545453,0.4568181818181818,0.48329545454545453,False,False,False
available_after_0.4s,FAST,100,88,0.10460227272727272,0.0,0.07088068181818181,0.14156249999999995,0.3853900135951091,0.3044416996047431,0.46874999999999967,0.38563049853372433,0.29999999999999993,2387,False,False,1,1,0,0,0,0.48329545454545453,0.27125,0.48329545454545453,False,False,False
available_after_0.4s,MEDIUM,100,88,0.1592840909090909,0.0,0.11758522727272727,0.20681818181818182,0.44419073060732556,0.3592758620689655,0.5315066964285712,0.44371636593858815,0.3999999999999999,3159,True,False,1,1,0,0,0,0.48329545454545453,0.35897727272727276,0.48329545454545453,False,False,False
available_after_0.6s,CONSERVATIVE,100,88,0.22567045454545454,0.0,0.16980113636363636,0.28409090909090906,0.546392726570752,0.480012285012285,0.5942857142857143,0.5463273727647868,0.5,3635,True,True,1,1,0,0,0,0.48329545454545453,0.41306818181818183,0.48329545454545453,False,False,False
available_after_0.6s,FAST,100,88,0.0842840909090909,0.0,0.05394886363636364,0.1165056818181818,0.3707295623131449,0.3,0.4614705882352941,0.37103551775887944,0.30000000000000004,1999,False,False,1,1,0,0,0,0.48329545454545453,0.22715909090909092,0.48329545454545453,False,False,False
available_after_0.6s,MEDIUM,100,88,0.13246590909090908,0.0,0.09426136363636363,0.1745170454545454,0.41316581679141656,0.3218518518518519,0.5127083333333332,0.4129295076160113,0.30000000000000004,2823,True,False,1,1,0,0,0,0.48329545454545453,0.32079545454545455,0.48329545454545453,False,False,False
available_after_0.8s,CONSERVATIVE,100,88,0.15613636363636363,0.0,0.11363636363636363,0.20173295454545453,0.46584176333407024,0.4093782654127482,0.5205166666666666,0.46576271186440676,0.5,2950,True,False,1,1,0,0,0,0.48329545454545453,0.3352272727272727,0.48329545454545453,False,False,False
available_after_0.8s,FAST,100,88,0.05090909090909091,0.0,0.029545454545454545,0.07505681818181817,0.3878211836366248,0.295625,0.48361111111111105,0.38687392055267705,0.40000000000000013,1158,False,False,1,1,0,0,0,0.48329545454545453,0.1315909090909091,0.48329545454545453,False,False,False
available_after_0.8s,MEDIUM,100,88,0.08592045454545455,0.0,0.05622159090909091,0.11877840909090909,0.4247610974375455,0.34218750000000003,0.5,0.425731981981982,0.40000000000000013,1776,True,False,1,1,0,0,0,0.48329545454545453,0.2018181818181818,0.48329545454545453,False,False,False
measured_api_latency,CONSERVATIVE,100,88,0.07918181818181817,0.0,0.05227272727272727,0.11201704545454541,0.3778970060459201,0.3,0.4536363636363636,0.37644516477579687,0.3999999999999999,1851,False,False,1,1,0,0,0,0.48329545454545453,0.2103409090909091,0.3819318181818182,False,False,False
measured_api_latency,FAST,100,88,0.024761363636363633,0.0,0.00903409090909091,0.04437499999999998,0.33530046897546895,0.20678571428571424,0.47592857142857126,0.3373065015479876,0.30000000000000004,646,False,False,1,1,0,0,0,0.48329545454545453,0.07340909090909091,0.2768181818181818,False,False,False
measured_api_latency,MEDIUM,100,88,0.043,0.0,0.020994318181818183,0.06656249999999997,0.36271208176068853,0.2394791666666667,0.4691666666666666,0.3610687022900763,0.3999999999999999,1048,False,False,1,1,0,0,0,0.48329545454545453,0.1190909090909091,0.3206818181818182,False,False,False
precomputed_before_eeg,CONSERVATIVE,100,88,0.26227272727272727,0.0,0.2028125,0.3244602272727272,0.5742924236759681,0.4988081395348837,0.6296579861111109,0.5741293532338309,0.5,4020,True,True,1,1,0,0,0,0.48329545454545453,0.4568181818181818,0.48329545454545453,False,False,False
precomputed_before_eeg,FAST,100,88,0.10460227272727272,0.0,0.07088068181818181,0.14156249999999995,0.3853900135951091,0.3044416996047431,0.46874999999999967,0.38563049853372433,0.29999999999999993,2387,False,False,1,1,0,0,0,0.48329545454545453,0.27125,0.48329545454545453,False,False,False
precomputed_before_eeg,MEDIUM,100,88,0.1592840909090909,0.0,0.11758522727272727,0.20681818181818182,0.44419073060732556,0.3592758620689655,0.5315066964285712,0.44371636593858815,0.3999999999999999,3159,True,False,1,1,0,0,0,0.48329545454545453,0.35897727272727276,0.48329545454545453,False,False,False
