expected_relation_type,expected_target_id,predicted_top_candidate,count
affordance_conflict,NONE,NONE,2
charge,assist_wireless_charger,assist_wireless_charger,1
completed_task,NONE,NONE,5
container_full,NONE,NONE,1
hallucinated_target,NONE,NONE,1
handover,assist_user_zone,assist_user_zone,4
missing_destination,NONE,NONE,3
multiple_containers,NONE,NONE,1
multiple_plausible,NONE,NONE,6
place_in,assist_storage_box,assist_storage_box,1
place_in,book_box_01,book_box_01,1
place_in,cupboard_01,cupboard_01,1
place_in,pen_drawer_01,NONE,1
place_in,pen_stand_01,pen_stand_01,1
place_in,toy_bin_01,toy_bin_01,1
place_on,bookshelf_01,bookshelf_01,2
place_on,cup_tray_01,cup_tray_01,1
place_on,desk_surface_01,desk_surface_01,1
place_on,display_shelf_01,display_shelf_01,1
place_on,reading_tray_01,reading_tray_01,1
press,assist_button_switch,assist_button_switch,1
rinse,sink_01,sink_01,1
store,assist_storage_box,assist_storage_box,1
unknown_candidate,NONE,NONE,1
