scenario,coverageOperatingPoint,lambdaCtx,operatingPoint,seedCount,trialRows,heldOutGateActiveRate,heldOutEligibleParticipation,heldOutActivePrecision,mappedAssignmentRate,alignmentFallbackRate,meanContextAuthorizedPointRateWhenAssigned,meanSemanticPageTopCorrectWhenAssigned,meanSemanticPagePriorTopMassWhenAssigned,contextAppliedRate,acceleratedTrialCount,unchangedTrialCount,delayedTrialCount,noDelayViolationCount,wrongEarlyStopCount,contextCausedErrorCount,baselineAccuracy,contextAccuracy,accuracyDeltaVsPairedBaseline,meanAllTrialGainSeconds,medianAllTrialGainSeconds,meanContextActiveGainSeconds,medianContextActiveGainSeconds,activeGainMeanAcrossSeedsLower95,activeGainMeanAcrossSeedsUpper95,allTrialGainMeanAcrossSeedsLower95,allTrialGainMeanAcrossSeedsUpper95,reaches0_4sContextActiveGain,reaches0_5sContextActiveGain,supportedInTransferSimulation,evidenceLabel
precomputed_before_eeg,C100,0.0,CONSERVATIVE,100,8800,0.8913043478260869,0.9705882352941176,0.6097560975609756,0.7155681818181818,0.17727272727272728,0.0,0.7902175639193266,0.7998603254382596,0.0,0,8800,0,0,0,0,1.0,1.0,0.0,0.0,0.0,,,,,0.0,0.0,False,False,False,NEXTGEN_SEMANTIC_CONTEXT_QUALITY_TRANSFER_SIMULATION
precomputed_before_eeg,C100,0.0,FAST,100,8800,0.8913043478260869,0.9705882352941176,0.6097560975609756,0.7155681818181818,0.17727272727272728,0.0,0.7902175639193266,0.7998603254382596,0.0,0,8800,0,0,0,0,1.0,1.0,0.0,0.0,0.0,,,,,0.0,0.0,False,False,False,NEXTGEN_SEMANTIC_CONTEXT_QUALITY_TRANSFER_SIMULATION
precomputed_before_eeg,C100,0.0,MEDIUM,100,8800,0.8913043478260869,0.9705882352941176,0.6097560975609756,0.7155681818181818,0.17727272727272728,0.0,0.7902175639193266,0.7998603254382596,0.0,0,8800,0,0,0,0,1.0,1.0,0.0,0.0,0.0,,,,,0.0,0.0,False,False,False,NEXTGEN_SEMANTIC_CONTEXT_QUALITY_TRANSFER_SIMULATION
precomputed_before_eeg,C100,0.5,CONSERVATIVE,100,8800,0.8913043478260869,0.9705882352941176,0.6097560975609756,0.7155681818181818,0.17727272727272728,0.6365459135468686,0.7902175639193266,0.7998603254382596,0.455,4004,4796,0,0,6,6,1.0,0.9993181818181818,-0.0006818181818182278,0.2606250000000005,0.0,0.5728021978021978,0.5,0.5043051948051948,0.6360551948051948,0.20221590909090909,0.3251136363636364,True,True,False,NEXTGEN_SEMANTIC_CONTEXT_QUALITY_TRANSFER_SIMULATION
precomputed_before_eeg,C100,0.5,FAST,100,8800,0.8913043478260869,0.9705882352941176,0.6097560975609756,0.7155681818181818,0.17727272727272728,0.6371212019854255,0.7902175639193266,0.7998603254382596,0.2721590909090909,2395,6405,0,0,6,6,1.0,0.9993181818181818,-0.0006818181818182278,0.1040340909090918,0.0,0.3822546972860125,0.29999999999999993,0.304875,0.47357499999999997,0.07326704545454545,0.14735795454545447,False,False,False,NEXTGEN_SEMANTIC_CONTEXT_QUALITY_TRANSFER_SIMULATION
precomputed_before_eeg,C100,0.5,MEDIUM,100,8800,0.8913043478260869,0.9705882352941176,0.6097560975609756,0.7155681818181818,0.17727272727272728,0.6368220450521572,0.7902175639193266,0.7998603254382596,0.3578409090909091,3149,5651,0,0,6,6,1.0,0.9993181818181818,-0.0006818181818182278,0.1577727272727287,0.0,0.44090187361067,0.30000000000000004,0.37013300492610834,0.5123364661654134,0.11758522727272724,0.20519886363636358,True,False,False,NEXTGEN_SEMANTIC_CONTEXT_QUALITY_TRANSFER_SIMULATION
precomputed_before_eeg,C100,1.0,CONSERVATIVE,100,8800,0.8913043478260869,0.9705882352941176,0.6097560975609756,0.7155681818181818,0.17727272727272728,0.6365459135468686,0.7902175639193266,0.7998603254382596,0.455,4004,4796,0,0,6,6,1.0,0.9993181818181818,-0.0006818181818182278,0.2606250000000005,0.0,0.5728021978021978,0.5,0.5043051948051948,0.6360551948051948,0.20221590909090909,0.3251136363636364,True,True,False,NEXTGEN_SEMANTIC_CONTEXT_QUALITY_TRANSFER_SIMULATION
precomputed_before_eeg,C100,1.0,FAST,100,8800,0.8913043478260869,0.9705882352941176,0.6097560975609756,0.7155681818181818,0.17727272727272728,0.6371212019854255,0.7902175639193266,0.7998603254382596,0.2721590909090909,2395,6405,0,0,6,6,1.0,0.9993181818181818,-0.0006818181818182278,0.1040340909090918,0.0,0.3822546972860125,0.29999999999999993,0.304875,0.47357499999999997,0.07326704545454545,0.14735795454545447,False,False,False,NEXTGEN_SEMANTIC_CONTEXT_QUALITY_TRANSFER_SIMULATION
precomputed_before_eeg,C100,1.0,MEDIUM,100,8800,0.8913043478260869,0.9705882352941176,0.6097560975609756,0.7155681818181818,0.17727272727272728,0.6368220450521572,0.7902175639193266,0.7998603254382596,0.3578409090909091,3149,5651,0,0,6,6,1.0,0.9993181818181818,-0.0006818181818182278,0.1577727272727287,0.0,0.44090187361067,0.30000000000000004,0.37013300492610834,0.5123364661654134,0.11758522727272724,0.20519886363636358,True,False,False,NEXTGEN_SEMANTIC_CONTEXT_QUALITY_TRANSFER_SIMULATION
precomputed_before_eeg,C100,1.5,CONSERVATIVE,100,8800,0.8913043478260869,0.9705882352941176,0.6097560975609756,0.7155681818181818,0.17727272727272728,0.6365459135468686,0.7902175639193266,0.7998603254382596,0.455,4004,4796,0,0,6,6,1.0,0.9993181818181818,-0.0006818181818182278,0.2606250000000005,0.0,0.5728021978021978,0.5,0.5043051948051948,0.6360551948051948,0.20221590909090909,0.3251136363636364,True,True,False,NEXTGEN_SEMANTIC_CONTEXT_QUALITY_TRANSFER_SIMULATION
precomputed_before_eeg,C100,1.5,FAST,100,8800,0.8913043478260869,0.9705882352941176,0.6097560975609756,0.7155681818181818,0.17727272727272728,0.6371212019854255,0.7902175639193266,0.7998603254382596,0.2721590909090909,2395,6405,0,0,6,6,1.0,0.9993181818181818,-0.0006818181818182278,0.1040340909090918,0.0,0.3822546972860125,0.29999999999999993,0.304875,0.47357499999999997,0.07326704545454545,0.14735795454545447,False,False,False,NEXTGEN_SEMANTIC_CONTEXT_QUALITY_TRANSFER_SIMULATION
precomputed_before_eeg,C100,1.5,MEDIUM,100,8800,0.8913043478260869,0.9705882352941176,0.6097560975609756,0.7155681818181818,0.17727272727272728,0.6368220450521572,0.7902175639193266,0.7998603254382596,0.3578409090909091,3149,5651,0,0,6,6,1.0,0.9993181818181818,-0.0006818181818182278,0.1577727272727287,0.0,0.44090187361067,0.30000000000000004,0.37013300492610834,0.5123364661654134,0.11758522727272724,0.20519886363636358,True,False,False,NEXTGEN_SEMANTIC_CONTEXT_QUALITY_TRANSFER_SIMULATION
precomputed_before_eeg,C100,2.0,CONSERVATIVE,100,8800,0.8913043478260869,0.9705882352941176,0.6097560975609756,0.7155681818181818,0.17727272727272728,0.6365459135468686,0.7902175639193266,0.7998603254382596,0.455,4004,4796,0,0,6,6,1.0,0.9993181818181818,-0.0006818181818182278,0.2606250000000005,0.0,0.5728021978021978,0.5,0.5043051948051948,0.6360551948051948,0.20221590909090909,0.3251136363636364,True,True,False,NEXTGEN_SEMANTIC_CONTEXT_QUALITY_TRANSFER_SIMULATION
precomputed_before_eeg,C100,2.0,FAST,100,8800,0.8913043478260869,0.9705882352941176,0.6097560975609756,0.7155681818181818,0.17727272727272728,0.6371212019854255,0.7902175639193266,0.7998603254382596,0.2721590909090909,2395,6405,0,0,6,6,1.0,0.9993181818181818,-0.0006818181818182278,0.1040340909090918,0.0,0.3822546972860125,0.29999999999999993,0.304875,0.47357499999999997,0.07326704545454545,0.14735795454545447,False,False,False,NEXTGEN_SEMANTIC_CONTEXT_QUALITY_TRANSFER_SIMULATION
precomputed_before_eeg,C100,2.0,MEDIUM,100,8800,0.8913043478260869,0.9705882352941176,0.6097560975609756,0.7155681818181818,0.17727272727272728,0.6368220450521572,0.7902175639193266,0.7998603254382596,0.3578409090909091,3149,5651,0,0,6,6,1.0,0.9993181818181818,-0.0006818181818182278,0.1577727272727287,0.0,0.44090187361067,0.30000000000000004,0.37013300492610834,0.5123364661654134,0.11758522727272724,0.20519886363636358,True,False,False,NEXTGEN_SEMANTIC_CONTEXT_QUALITY_TRANSFER_SIMULATION
precomputed_before_eeg,C65,0.0,CONSERVATIVE,100,8800,0.6956521739130435,0.7058823529411765,0.6875,0.51625,0.17670454545454545,0.0,0.9200968523002422,0.8505982958732721,0.0,0,8800,0,0,0,0,1.0,1.0,0.0,0.0,0.0,,,,,0.0,0.0,False,False,False,NEXTGEN_SEMANTIC_CONTEXT_QUALITY_TRANSFER_SIMULATION
precomputed_before_eeg,C65,0.0,FAST,100,8800,0.6956521739130435,0.7058823529411765,0.6875,0.51625,0.17670454545454545,0.0,0.9200968523002422,0.8505982958732721,0.0,0,8800,0,0,0,0,1.0,1.0,0.0,0.0,0.0,,,,,0.0,0.0,False,False,False,NEXTGEN_SEMANTIC_CONTEXT_QUALITY_TRANSFER_SIMULATION
precomputed_before_eeg,C65,0.0,MEDIUM,100,8800,0.6956521739130435,0.7058823529411765,0.6875,0.51625,0.17670454545454545,0.0,0.9200968523002422,0.8505982958732721,0.0,0,8800,0,0,0,0,1.0,1.0,0.0,0.0,0.0,,,,,0.0,0.0,False,False,False,NEXTGEN_SEMANTIC_CONTEXT_QUALITY_TRANSFER_SIMULATION
precomputed_before_eeg,C65,0.5,CONSERVATIVE,100,8800,0.6956521739130435,0.7058823529411765,0.6875,0.51625,0.17670454545454545,0.8218622977042566,0.9200968523002422,0.8505982958732721,0.4264772727272727,3753,5047,0,0,2,2,1.0,0.9997727272727273,-0.00022727272727274261,0.2453068181818188,0.0,0.5751931787903011,0.5,0.4912089768339768,0.6527853598014888,0.16676136363636362,0.31056818181818163,True,True,False,NEXTGEN_SEMANTIC_CONTEXT_QUALITY_TRANSFER_SIMULATION
precomputed_before_eeg,C65,0.5,FAST,100,8800,0.6956521739130435,0.7058823529411765,0.6875,0.51625,0.17670454545454545,0.8222347558524137,0.9200968523002422,0.8505982958732721,0.2575,2266,6534,0,0,2,2,1.0,0.9997727272727273,-0.00022727272727274261,0.097011363636364,0.0,0.3767431597528685,0.29999999999999993,0.28895,0.459757894736842,0.057840909090909096,0.14318181818181816,False,False,False,NEXTGEN_SEMANTIC_CONTEXT_QUALITY_TRANSFER_SIMULATION
precomputed_before_eeg,C65,0.5,MEDIUM,100,8800,0.6956521739130435,0.7058823529411765,0.6875,0.51625,0.17670454545454545,0.8220123335465662,0.9200968523002422,0.8505982958732721,0.335,2948,5852,0,0,2,2,1.0,0.9997727272727273,-0.00022727272727274261,0.14728409090909222,0.0,0.4396540027137042,0.3999999999999999,0.34261957730812015,0.5224414715719063,0.0943181818181818,0.20196022727272717,True,False,False,NEXTGEN_SEMANTIC_CONTEXT_QUALITY_TRANSFER_SIMULATION
precomputed_before_eeg,C65,1.0,CONSERVATIVE,100,8800,0.6956521739130435,0.7058823529411765,0.6875,0.51625,0.17670454545454545,0.8218622977042566,0.9200968523002422,0.8505982958732721,0.4264772727272727,3753,5047,0,0,2,2,1.0,0.9997727272727273,-0.00022727272727274261,0.2453068181818188,0.0,0.5751931787903011,0.5,0.4912089768339768,0.6527853598014888,0.16676136363636362,0.31056818181818163,True,True,False,NEXTGEN_SEMANTIC_CONTEXT_QUALITY_TRANSFER_SIMULATION
precomputed_before_eeg,C65,1.0,FAST,100,8800,0.6956521739130435,0.7058823529411765,0.6875,0.51625,0.17670454545454545,0.8222347558524137,0.9200968523002422,0.8505982958732721,0.2575,2266,6534,0,0,2,2,1.0,0.9997727272727273,-0.00022727272727274261,0.097011363636364,0.0,0.3767431597528685,0.29999999999999993,0.28895,0.459757894736842,0.057840909090909096,0.14318181818181816,False,False,False,NEXTGEN_SEMANTIC_CONTEXT_QUALITY_TRANSFER_SIMULATION
precomputed_before_eeg,C65,1.0,MEDIUM,100,8800,0.6956521739130435,0.7058823529411765,0.6875,0.51625,0.17670454545454545,0.8220123335465662,0.9200968523002422,0.8505982958732721,0.335,2948,5852,0,0,2,2,1.0,0.9997727272727273,-0.00022727272727274261,0.14728409090909222,0.0,0.4396540027137042,0.3999999999999999,0.34261957730812015,0.5224414715719063,0.0943181818181818,0.20196022727272717,True,False,False,NEXTGEN_SEMANTIC_CONTEXT_QUALITY_TRANSFER_SIMULATION
precomputed_before_eeg,C65,1.5,CONSERVATIVE,100,8800,0.6956521739130435,0.7058823529411765,0.6875,0.51625,0.17670454545454545,0.8218622977042566,0.9200968523002422,0.8505982958732721,0.4264772727272727,3753,5047,0,0,2,2,1.0,0.9997727272727273,-0.00022727272727274261,0.2453068181818188,0.0,0.5751931787903011,0.5,0.4912089768339768,0.6527853598014888,0.16676136363636362,0.31056818181818163,True,True,False,NEXTGEN_SEMANTIC_CONTEXT_QUALITY_TRANSFER_SIMULATION
precomputed_before_eeg,C65,1.5,FAST,100,8800,0.6956521739130435,0.7058823529411765,0.6875,0.51625,0.17670454545454545,0.8222347558524137,0.9200968523002422,0.8505982958732721,0.2575,2266,6534,0,0,2,2,1.0,0.9997727272727273,-0.00022727272727274261,0.097011363636364,0.0,0.3767431597528685,0.29999999999999993,0.28895,0.459757894736842,0.057840909090909096,0.14318181818181816,False,False,False,NEXTGEN_SEMANTIC_CONTEXT_QUALITY_TRANSFER_SIMULATION
precomputed_before_eeg,C65,1.5,MEDIUM,100,8800,0.6956521739130435,0.7058823529411765,0.6875,0.51625,0.17670454545454545,0.8220123335465662,0.9200968523002422,0.8505982958732721,0.335,2948,5852,0,0,2,2,1.0,0.9997727272727273,-0.00022727272727274261,0.14728409090909222,0.0,0.4396540027137042,0.3999999999999999,0.34261957730812015,0.5224414715719063,0.0943181818181818,0.20196022727272717,True,False,False,NEXTGEN_SEMANTIC_CONTEXT_QUALITY_TRANSFER_SIMULATION
precomputed_before_eeg,C65,2.0,CONSERVATIVE,100,8800,0.6956521739130435,0.7058823529411765,0.6875,0.51625,0.17670454545454545,0.8218622977042566,0.9200968523002422,0.8505982958732721,0.4264772727272727,3753,5047,0,0,2,2,1.0,0.9997727272727273,-0.00022727272727274261,0.2453068181818188,0.0,0.5751931787903011,0.5,0.4912089768339768,0.6527853598014888,0.16676136363636362,0.31056818181818163,True,True,False,NEXTGEN_SEMANTIC_CONTEXT_QUALITY_TRANSFER_SIMULATION
precomputed_before_eeg,C65,2.0,FAST,100,8800,0.6956521739130435,0.7058823529411765,0.6875,0.51625,0.17670454545454545,0.8222347558524137,0.9200968523002422,0.8505982958732721,0.2575,2266,6534,0,0,2,2,1.0,0.9997727272727273,-0.00022727272727274261,0.097011363636364,0.0,0.3767431597528685,0.29999999999999993,0.28895,0.459757894736842,0.057840909090909096,0.14318181818181816,False,False,False,NEXTGEN_SEMANTIC_CONTEXT_QUALITY_TRANSFER_SIMULATION
precomputed_before_eeg,C65,2.0,MEDIUM,100,8800,0.6956521739130435,0.7058823529411765,0.6875,0.51625,0.17670454545454545,0.8220123335465662,0.9200968523002422,0.8505982958732721,0.335,2948,5852,0,0,2,2,1.0,0.9997727272727273,-0.00022727272727274261,0.14728409090909222,0.0,0.4396540027137042,0.3999999999999999,0.34261957730812015,0.5224414715719063,0.0943181818181818,0.20196022727272717,True,False,False,NEXTGEN_SEMANTIC_CONTEXT_QUALITY_TRANSFER_SIMULATION
precomputed_before_eeg,C85,0.0,CONSERVATIVE,100,8800,0.8695652173913043,0.9411764705882353,0.6,0.6915909090909091,0.17681818181818182,0.0,0.7794939204732172,0.8068105845658143,0.0,0,8800,0,0,0,0,1.0,1.0,0.0,0.0,0.0,,,,,0.0,0.0,False,False,False,NEXTGEN_SEMANTIC_CONTEXT_QUALITY_TRANSFER_SIMULATION
precomputed_before_eeg,C85,0.0,FAST,100,8800,0.8695652173913043,0.9411764705882353,0.6,0.6915909090909091,0.17681818181818182,0.0,0.7794939204732172,0.8068105845658143,0.0,0,8800,0,0,0,0,1.0,1.0,0.0,0.0,0.0,,,,,0.0,0.0,False,False,False,NEXTGEN_SEMANTIC_CONTEXT_QUALITY_TRANSFER_SIMULATION
precomputed_before_eeg,C85,0.0,MEDIUM,100,8800,0.8695652173913043,0.9411764705882353,0.6,0.6915909090909091,0.17681818181818182,0.0,0.7794939204732172,0.8068105845658143,0.0,0,8800,0,0,0,0,1.0,1.0,0.0,0.0,0.0,,,,,0.0,0.0,False,False,False,NEXTGEN_SEMANTIC_CONTEXT_QUALITY_TRANSFER_SIMULATION
precomputed_before_eeg,C85,0.5,CONSERVATIVE,100,8800,0.8695652173913043,0.9411764705882353,0.6,0.6915909090909091,0.17681818181818182,0.6464358978736272,0.7794939204732172,0.8068105845658143,0.4490909090909091,3952,4848,0,0,10,10,1.0,0.9988636363636364,-0.001136363636363602,0.25789772727272803,0.0,0.5742661943319838,0.5,0.5167361668003208,0.6390689149560117,0.19176136363636362,0.3205113636363636,True,True,False,NEXTGEN_SEMANTIC_CONTEXT_QUALITY_TRANSFER_SIMULATION
precomputed_before_eeg,C85,0.5,FAST,100,8800,0.8695652173913043,0.9411764705882353,0.6,0.6915909090909091,0.17681818181818182,0.6470299454443423,0.7794939204732172,0.8068105845658143,0.2686363636363636,2364,6436,0,0,10,10,1.0,0.9988636363636364,-0.001136363636363602,0.10009090909090985,0.0,0.3725888324873096,0.29999999999999993,0.3040096618357488,0.45294580419580405,0.0709375,0.13414772727272725,False,False,False,NEXTGEN_SEMANTIC_CONTEXT_QUALITY_TRANSFER_SIMULATION
precomputed_before_eeg,C85,0.5,MEDIUM,100,8800,0.8695652173913043,0.9411764705882353,0.6,0.6915909090909091,0.17681818181818182,0.6466991766038794,0.7794939204732172,0.8068105845658143,0.34897727272727275,3071,5729,0,0,10,10,1.0,0.9988636363636364,-0.001136363636363602,0.15419318181818348,0.0,0.44184304786714423,0.3999999999999999,0.375078125,0.5421551724137931,0.11303977272727272,0.19838068181818178,True,False,False,NEXTGEN_SEMANTIC_CONTEXT_QUALITY_TRANSFER_SIMULATION
precomputed_before_eeg,C85,1.0,CONSERVATIVE,100,8800,0.8695652173913043,0.9411764705882353,0.6,0.6915909090909091,0.17681818181818182,0.6464358978736272,0.7794939204732172,0.8068105845658143,0.4490909090909091,3952,4848,0,0,10,10,1.0,0.9988636363636364,-0.001136363636363602,0.25789772727272803,0.0,0.5742661943319838,0.5,0.5167361668003208,0.6390689149560117,0.19176136363636362,0.3205113636363636,True,True,False,NEXTGEN_SEMANTIC_CONTEXT_QUALITY_TRANSFER_SIMULATION
precomputed_before_eeg,C85,1.0,FAST,100,8800,0.8695652173913043,0.9411764705882353,0.6,0.6915909090909091,0.17681818181818182,0.6470299454443423,0.7794939204732172,0.8068105845658143,0.2686363636363636,2364,6436,0,0,10,10,1.0,0.9988636363636364,-0.001136363636363602,0.10009090909090985,0.0,0.3725888324873096,0.29999999999999993,0.3040096618357488,0.45294580419580405,0.0709375,0.13414772727272725,False,False,False,NEXTGEN_SEMANTIC_CONTEXT_QUALITY_TRANSFER_SIMULATION
precomputed_before_eeg,C85,1.0,MEDIUM,100,8800,0.8695652173913043,0.9411764705882353,0.6,0.6915909090909091,0.17681818181818182,0.6466991766038794,0.7794939204732172,0.8068105845658143,0.34897727272727275,3071,5729,0,0,10,10,1.0,0.9988636363636364,-0.001136363636363602,0.15419318181818348,0.0,0.44184304786714423,0.3999999999999999,0.375078125,0.5421551724137931,0.11303977272727272,0.19838068181818178,True,False,False,NEXTGEN_SEMANTIC_CONTEXT_QUALITY_TRANSFER_SIMULATION
precomputed_before_eeg,C85,1.5,CONSERVATIVE,100,8800,0.8695652173913043,0.9411764705882353,0.6,0.6915909090909091,0.17681818181818182,0.6464358978736272,0.7794939204732172,0.8068105845658143,0.4490909090909091,3952,4848,0,0,10,10,1.0,0.9988636363636364,-0.001136363636363602,0.25789772727272803,0.0,0.5742661943319838,0.5,0.5167361668003208,0.6390689149560117,0.19176136363636362,0.3205113636363636,True,True,False,NEXTGEN_SEMANTIC_CONTEXT_QUALITY_TRANSFER_SIMULATION
precomputed_before_eeg,C85,1.5,FAST,100,8800,0.8695652173913043,0.9411764705882353,0.6,0.6915909090909091,0.17681818181818182,0.6470299454443423,0.7794939204732172,0.8068105845658143,0.2686363636363636,2364,6436,0,0,10,10,1.0,0.9988636363636364,-0.001136363636363602,0.10009090909090985,0.0,0.3725888324873096,0.29999999999999993,0.3040096618357488,0.45294580419580405,0.0709375,0.13414772727272725,False,False,False,NEXTGEN_SEMANTIC_CONTEXT_QUALITY_TRANSFER_SIMULATION
precomputed_before_eeg,C85,1.5,MEDIUM,100,8800,0.8695652173913043,0.9411764705882353,0.6,0.6915909090909091,0.17681818181818182,0.6466991766038794,0.7794939204732172,0.8068105845658143,0.34897727272727275,3071,5729,0,0,10,10,1.0,0.9988636363636364,-0.001136363636363602,0.15419318181818348,0.0,0.44184304786714423,0.3999999999999999,0.375078125,0.5421551724137931,0.11303977272727272,0.19838068181818178,True,False,False,NEXTGEN_SEMANTIC_CONTEXT_QUALITY_TRANSFER_SIMULATION
precomputed_before_eeg,C85,2.0,CONSERVATIVE,100,8800,0.8695652173913043,0.9411764705882353,0.6,0.6915909090909091,0.17681818181818182,0.6464358978736272,0.7794939204732172,0.8068105845658143,0.4490909090909091,3952,4848,0,0,10,10,1.0,0.9988636363636364,-0.001136363636363602,0.25789772727272803,0.0,0.5742661943319838,0.5,0.5167361668003208,0.6390689149560117,0.19176136363636362,0.3205113636363636,True,True,False,NEXTGEN_SEMANTIC_CONTEXT_QUALITY_TRANSFER_SIMULATION
precomputed_before_eeg,C85,2.0,FAST,100,8800,0.8695652173913043,0.9411764705882353,0.6,0.6915909090909091,0.17681818181818182,0.6470299454443423,0.7794939204732172,0.8068105845658143,0.2686363636363636,2364,6436,0,0,10,10,1.0,0.9988636363636364,-0.001136363636363602,0.10009090909090985,0.0,0.3725888324873096,0.29999999999999993,0.3040096618357488,0.45294580419580405,0.0709375,0.13414772727272725,False,False,False,NEXTGEN_SEMANTIC_CONTEXT_QUALITY_TRANSFER_SIMULATION
precomputed_before_eeg,C85,2.0,MEDIUM,100,8800,0.8695652173913043,0.9411764705882353,0.6,0.6915909090909091,0.17681818181818182,0.6466991766038794,0.7794939204732172,0.8068105845658143,0.34897727272727275,3071,5729,0,0,10,10,1.0,0.9988636363636364,-0.001136363636363602,0.15419318181818348,0.0,0.44184304786714423,0.3999999999999999,0.375078125,0.5421551724137931,0.11303977272727272,0.19838068181818178,True,False,False,NEXTGEN_SEMANTIC_CONTEXT_QUALITY_TRANSFER_SIMULATION
