split,coverageOperatingPoint,confidenceThreshold,decisionCount,eligibleInformativeCount,activeContextCount,activeOnEligibleInformativeCount,overallParticipation,eligibleParticipation,activeContextPrecision,nextTargetTop1Accuracy,top3Recall,relationTypeAccuracyAmongCorrectActive,ambiguityHandlingAccuracy,invalidRejectionRate,completedTaskRejectionRate,wrongActiveCount,wrongActiveRateAmongAllDecisions,wrongActiveRateAmongEligibleInformative,meanEntropyWhenActive,meanPriorTopMassWhenActive,meanSemanticScoreMarginWhenActive
train,C65,0.49999999999999994,56,48,33,28,0.5892857142857143,0.5833333333333334,0.5454545454545454,0.6875,0.9791666666666666,0.5555555555555556,0.0,,,15,0.26785714285714285,0.20833333333333334,0.5586929052996882,0.6848171970555584,0.30151515151515157
train,C85,0.39999999999999997,56,48,48,40,0.8571428571428571,0.8333333333333334,0.5416666666666666,0.6875,0.9791666666666666,0.5769230769230769,0.0,,,22,0.39285714285714285,0.2916666666666667,0.609192285165802,0.6351695609000592,0.24479166666666669
train,C100,0.125,56,48,55,47,0.9821428571428571,0.9791666666666666,0.5818181818181818,0.6875,0.9791666666666666,0.625,0.0,,,23,0.4107142857142857,0.3125,0.6398017507233917,0.6116635091362064,0.2290909090909091
dev,C65,0.49999999999999994,24,21,18,15,0.75,0.7142857142857143,0.6666666666666666,0.7142857142857143,0.9523809523809523,0.75,0.0,,,6,0.25,0.14285714285714285,0.5278436005316949,0.7083932018582476,0.3194444444444444
dev,C85,0.39999999999999997,24,21,20,17,0.8333333333333334,0.8095238095238095,0.65,0.7142857142857143,0.9523809523809523,0.7692307692307693,0.0,,,7,0.2916666666666667,0.19047619047619047,0.544334820541449,0.7038026135106712,0.3125
dev,C100,0.125,24,21,23,20,0.9583333333333334,0.9523809523809523,0.6086956521739131,0.7142857142857143,0.9523809523809523,0.7142857142857143,0.0,,,9,0.375,0.2857142857142857,0.5934363264173451,0.6586525116574619,0.28043478260869564
held_out,C65,0.49999999999999994,46,34,32,24,0.6956521739130435,0.7058823529411765,0.6875,0.7647058823529411,0.9705882352941176,0.6818181818181818,0.1111111111111111,1.0,1.0,10,0.21739130434782608,0.058823529411764705,0.47226419386969926,0.7553523994846472,0.3765625
held_out,C85,0.39999999999999997,46,34,40,32,0.8695652173913043,0.9411764705882353,0.6,0.7647058823529411,0.9705882352941176,0.6666666666666666,0.1111111111111111,1.0,1.0,16,0.34782608695652173,0.23529411764705882,0.5136422847964814,0.7224539924999994,0.3375
held_out,C100,0.125,46,34,41,33,0.8913043478260869,0.9705882352941176,0.6097560975609756,0.7647058823529411,0.9705882352941176,0.68,0.1111111111111111,1.0,1.0,16,0.34782608695652173,0.23529411764705882,0.5230196446473465,0.7159320471688632,0.33170731707317075
all,C65,0.49999999999999994,126,103,83,67,0.6587301587301587,0.6504854368932039,0.6265060240963856,0.7184466019417476,0.970873786407767,0.6538461538461539,0.05,1.0,1.0,31,0.24603174603174602,0.14563106796116504,0.5186807817866337,0.7171243604794048,0.33433734939759036
all,C85,0.39999999999999997,126,103,108,89,0.8571428571428571,0.8640776699029126,0.5833333333333334,0.7184466019417476,0.970873786407767,0.6507936507936508,0.05,1.0,1.0,45,0.35714285714285715,0.2524271844660194,0.5617927545430254,0.6802069527168171,0.2916666666666667
all,C100,0.125,126,103,119,100,0.9444444444444444,0.970873786407767,0.5966386554621849,0.7184466019417476,0.970873786407767,0.6619718309859155,0.05,1.0,1.0,48,0.38095238095238093,0.2815533980582524,0.5906045145203924,0.6566698714666921,0.2743697478991597
