scenario,coverageOperatingPoint,lambdaCtx,operatingPoint,groupKind,groupValue,trialRows,baselineAccuracy,contextAccuracy,accuracyDelta,meanAllTrialGainSeconds,meanContextActiveGainSeconds,semanticAssignmentRate,contextAppliedRate,wrongEarlyStopCount,noDelayViolationCount,evidenceLabel
available_after_0.2s,C100,1.0,CONSERVATIVE,session,A,900,1.0,1.0,0.0,0.31177777777777776,0.6810679611650485,0.7066666666666667,0.4577777777777778,0,0,NEXTGEN_SEMANTIC_CONTEXT_QUALITY_TRANSFER_SIMULATION
available_after_0.2s,C100,1.0,CONSERVATIVE,session,B1,870,1.0,1.0,0.0,0.2265517241379307,0.48787128712871286,0.6942528735632184,0.46436781609195404,0,0,NEXTGEN_SEMANTIC_CONTEXT_QUALITY_TRANSFER_SIMULATION
available_after_0.2s,C100,1.0,CONSERVATIVE,session,B2,870,1.0,0.996551724137931,-0.0034482758620689655,0.21034482758620704,0.5304347826086956,0.6954022988505747,0.39655172413793105,3,0,NEXTGEN_SEMANTIC_CONTEXT_QUALITY_TRANSFER_SIMULATION
available_after_0.2s,C100,1.0,FAST,session,A,900,1.0,1.0,0.0,0.12344444444444443,0.34610591900311527,0.7066666666666667,0.3566666666666667,0,0,NEXTGEN_SEMANTIC_CONTEXT_QUALITY_TRANSFER_SIMULATION
available_after_0.2s,C100,1.0,FAST,session,B1,870,1.0,1.0,0.0,0.10781609195402302,0.47373737373737373,0.6942528735632184,0.22758620689655173,0,0,NEXTGEN_SEMANTIC_CONTEXT_QUALITY_TRANSFER_SIMULATION
available_after_0.2s,C100,1.0,FAST,session,B2,870,1.0,0.996551724137931,-0.0034482758620689655,0.06839080459770114,0.3838709677419354,0.6954022988505747,0.1781609195402299,3,0,NEXTGEN_SEMANTIC_CONTEXT_QUALITY_TRANSFER_SIMULATION
available_after_0.2s,C100,1.0,MEDIUM,session,A,900,1.0,1.0,0.0,0.20111111111111113,0.4750656167979002,0.7066666666666667,0.42333333333333334,0,0,NEXTGEN_SEMANTIC_CONTEXT_QUALITY_TRANSFER_SIMULATION
available_after_0.2s,C100,1.0,MEDIUM,session,B1,870,1.0,1.0,0.0,0.1366666666666667,0.4186619718309859,0.6942528735632184,0.3264367816091954,0,0,NEXTGEN_SEMANTIC_CONTEXT_QUALITY_TRANSFER_SIMULATION
available_after_0.2s,C100,1.0,MEDIUM,session,B2,870,1.0,0.996551724137931,-0.0034482758620689655,0.11505747126436787,0.4119341563786008,0.6954022988505747,0.2793103448275862,3,0,NEXTGEN_SEMANTIC_CONTEXT_QUALITY_TRANSFER_SIMULATION
available_after_0.2s,C65,1.0,CONSERVATIVE,session,A,900,1.0,1.0,0.0,0.29788888888888865,0.6652605459057072,0.5155555555555555,0.4477777777777778,0,0,NEXTGEN_SEMANTIC_CONTEXT_QUALITY_TRANSFER_SIMULATION
available_after_0.2s,C65,1.0,CONSERVATIVE,session,B1,870,1.0,1.0,0.0,0.2189655172413792,0.49738903394255873,0.5160919540229885,0.44022988505747124,0,0,NEXTGEN_SEMANTIC_CONTEXT_QUALITY_TRANSFER_SIMULATION
available_after_0.2s,C65,1.0,CONSERVATIVE,session,B2,870,1.0,1.0,0.0,0.201609195402299,0.546417445482866,0.5011494252873563,0.3689655172413793,0,0,NEXTGEN_SEMANTIC_CONTEXT_QUALITY_TRANSFER_SIMULATION
available_after_0.2s,C65,1.0,FAST,session,A,900,1.0,1.0,0.0,0.1126666666666667,0.3260450160771704,0.5155555555555555,0.34555555555555556,0,0,NEXTGEN_SEMANTIC_CONTEXT_QUALITY_TRANSFER_SIMULATION
available_after_0.2s,C65,1.0,FAST,session,B1,870,1.0,1.0,0.0,0.10068965517241382,0.44693877551020406,0.5160919540229885,0.22528735632183908,0,0,NEXTGEN_SEMANTIC_CONTEXT_QUALITY_TRANSFER_SIMULATION
available_after_0.2s,C65,1.0,FAST,session,B2,870,1.0,1.0,0.0,0.06494252873563217,0.3692810457516339,0.5011494252873563,0.17586206896551723,0,0,NEXTGEN_SEMANTIC_CONTEXT_QUALITY_TRANSFER_SIMULATION
available_after_0.2s,C65,1.0,MEDIUM,session,A,900,1.0,1.0,0.0,0.18633333333333335,0.4508064516129032,0.5155555555555555,0.41333333333333333,0,0,NEXTGEN_SEMANTIC_CONTEXT_QUALITY_TRANSFER_SIMULATION
available_after_0.2s,C65,1.0,MEDIUM,session,B1,870,1.0,1.0,0.0,0.1306896551724138,0.4134545454545454,0.5160919540229885,0.3160919540229885,0,0,NEXTGEN_SEMANTIC_CONTEXT_QUALITY_TRANSFER_SIMULATION
available_after_0.2s,C65,1.0,MEDIUM,session,B2,870,1.0,1.0,0.0,0.10712643678160924,0.41793721973094167,0.5011494252873563,0.25632183908045975,0,0,NEXTGEN_SEMANTIC_CONTEXT_QUALITY_TRANSFER_SIMULATION
available_after_0.2s,C85,1.0,CONSERVATIVE,session,A,900,1.0,1.0,0.0,0.3425555555555554,0.6866369710467706,0.7088888888888889,0.4988888888888889,0,0,NEXTGEN_SEMANTIC_CONTEXT_QUALITY_TRANSFER_SIMULATION
available_after_0.2s,C85,1.0,CONSERVATIVE,session,B1,870,1.0,1.0,0.0,0.23229885057471236,0.5090680100755667,0.6689655172413793,0.45632183908045976,0,0,NEXTGEN_SEMANTIC_CONTEXT_QUALITY_TRANSFER_SIMULATION
available_after_0.2s,C85,1.0,CONSERVATIVE,session,B2,870,1.0,0.9977011494252873,-0.0022988505747126436,0.21965517241379331,0.5293628808864266,0.6942528735632184,0.4149425287356322,2,0,NEXTGEN_SEMANTIC_CONTEXT_QUALITY_TRANSFER_SIMULATION
available_after_0.2s,C85,1.0,FAST,session,A,900,1.0,1.0,0.0,0.13688888888888898,0.3422222222222222,0.7088888888888889,0.4,0,0,NEXTGEN_SEMANTIC_CONTEXT_QUALITY_TRANSFER_SIMULATION
available_after_0.2s,C85,1.0,FAST,session,B1,870,1.0,1.0,0.0,0.10275862068965522,0.42169811320754713,0.6689655172413793,0.24367816091954023,0,0,NEXTGEN_SEMANTIC_CONTEXT_QUALITY_TRANSFER_SIMULATION
available_after_0.2s,C85,1.0,FAST,session,B2,870,1.0,0.9977011494252873,-0.0022988505747126436,0.07149425287356322,0.3702380952380952,0.6942528735632184,0.19310344827586207,2,0,NEXTGEN_SEMANTIC_CONTEXT_QUALITY_TRANSFER_SIMULATION
available_after_0.2s,C85,1.0,MEDIUM,session,A,900,1.0,1.0,0.0,0.22899999999999995,0.4860849056603773,0.7088888888888889,0.4711111111111111,0,0,NEXTGEN_SEMANTIC_CONTEXT_QUALITY_TRANSFER_SIMULATION
available_after_0.2s,C85,1.0,MEDIUM,session,B1,870,1.0,1.0,0.0,0.1383908045977012,0.4137457044673539,0.6689655172413793,0.33448275862068966,0,0,NEXTGEN_SEMANTIC_CONTEXT_QUALITY_TRANSFER_SIMULATION
available_after_0.2s,C85,1.0,MEDIUM,session,B2,870,1.0,0.9977011494252873,-0.0022988505747126436,0.109080459770115,0.4108225108225108,0.6942528735632184,0.2655172413793103,2,0,NEXTGEN_SEMANTIC_CONTEXT_QUALITY_TRANSFER_SIMULATION
available_after_0.4s,C100,1.0,CONSERVATIVE,session,A,900,1.0,1.0,0.0,0.31177777777777776,0.6810679611650485,0.7066666666666667,0.4577777777777778,0,0,NEXTGEN_SEMANTIC_CONTEXT_QUALITY_TRANSFER_SIMULATION
available_after_0.4s,C100,1.0,CONSERVATIVE,session,B1,870,1.0,1.0,0.0,0.2265517241379307,0.48787128712871286,0.6942528735632184,0.46436781609195404,0,0,NEXTGEN_SEMANTIC_CONTEXT_QUALITY_TRANSFER_SIMULATION
available_after_0.4s,C100,1.0,CONSERVATIVE,session,B2,870,1.0,0.996551724137931,-0.0034482758620689655,0.21034482758620704,0.5304347826086956,0.6954022988505747,0.39655172413793105,3,0,NEXTGEN_SEMANTIC_CONTEXT_QUALITY_TRANSFER_SIMULATION
available_after_0.4s,C100,1.0,FAST,session,A,900,1.0,1.0,0.0,0.12344444444444443,0.34610591900311527,0.7066666666666667,0.3566666666666667,0,0,NEXTGEN_SEMANTIC_CONTEXT_QUALITY_TRANSFER_SIMULATION
available_after_0.4s,C100,1.0,FAST,session,B1,870,1.0,1.0,0.0,0.10781609195402302,0.47373737373737373,0.6942528735632184,0.22758620689655173,0,0,NEXTGEN_SEMANTIC_CONTEXT_QUALITY_TRANSFER_SIMULATION
available_after_0.4s,C100,1.0,FAST,session,B2,870,1.0,0.996551724137931,-0.0034482758620689655,0.06839080459770114,0.3838709677419354,0.6954022988505747,0.1781609195402299,3,0,NEXTGEN_SEMANTIC_CONTEXT_QUALITY_TRANSFER_SIMULATION
available_after_0.4s,C100,1.0,MEDIUM,session,A,900,1.0,1.0,0.0,0.20111111111111113,0.4750656167979002,0.7066666666666667,0.42333333333333334,0,0,NEXTGEN_SEMANTIC_CONTEXT_QUALITY_TRANSFER_SIMULATION
available_after_0.4s,C100,1.0,MEDIUM,session,B1,870,1.0,1.0,0.0,0.1366666666666667,0.4186619718309859,0.6942528735632184,0.3264367816091954,0,0,NEXTGEN_SEMANTIC_CONTEXT_QUALITY_TRANSFER_SIMULATION
available_after_0.4s,C100,1.0,MEDIUM,session,B2,870,1.0,0.996551724137931,-0.0034482758620689655,0.11505747126436787,0.4119341563786008,0.6954022988505747,0.2793103448275862,3,0,NEXTGEN_SEMANTIC_CONTEXT_QUALITY_TRANSFER_SIMULATION
available_after_0.4s,C65,1.0,CONSERVATIVE,session,A,900,1.0,1.0,0.0,0.29788888888888865,0.6652605459057072,0.5155555555555555,0.4477777777777778,0,0,NEXTGEN_SEMANTIC_CONTEXT_QUALITY_TRANSFER_SIMULATION
available_after_0.4s,C65,1.0,CONSERVATIVE,session,B1,870,1.0,1.0,0.0,0.2189655172413792,0.49738903394255873,0.5160919540229885,0.44022988505747124,0,0,NEXTGEN_SEMANTIC_CONTEXT_QUALITY_TRANSFER_SIMULATION
available_after_0.4s,C65,1.0,CONSERVATIVE,session,B2,870,1.0,1.0,0.0,0.201609195402299,0.546417445482866,0.5011494252873563,0.3689655172413793,0,0,NEXTGEN_SEMANTIC_CONTEXT_QUALITY_TRANSFER_SIMULATION
available_after_0.4s,C65,1.0,FAST,session,A,900,1.0,1.0,0.0,0.1126666666666667,0.3260450160771704,0.5155555555555555,0.34555555555555556,0,0,NEXTGEN_SEMANTIC_CONTEXT_QUALITY_TRANSFER_SIMULATION
available_after_0.4s,C65,1.0,FAST,session,B1,870,1.0,1.0,0.0,0.10068965517241382,0.44693877551020406,0.5160919540229885,0.22528735632183908,0,0,NEXTGEN_SEMANTIC_CONTEXT_QUALITY_TRANSFER_SIMULATION
available_after_0.4s,C65,1.0,FAST,session,B2,870,1.0,1.0,0.0,0.06494252873563217,0.3692810457516339,0.5011494252873563,0.17586206896551723,0,0,NEXTGEN_SEMANTIC_CONTEXT_QUALITY_TRANSFER_SIMULATION
available_after_0.4s,C65,1.0,MEDIUM,session,A,900,1.0,1.0,0.0,0.18633333333333335,0.4508064516129032,0.5155555555555555,0.41333333333333333,0,0,NEXTGEN_SEMANTIC_CONTEXT_QUALITY_TRANSFER_SIMULATION
available_after_0.4s,C65,1.0,MEDIUM,session,B1,870,1.0,1.0,0.0,0.1306896551724138,0.4134545454545454,0.5160919540229885,0.3160919540229885,0,0,NEXTGEN_SEMANTIC_CONTEXT_QUALITY_TRANSFER_SIMULATION
available_after_0.4s,C65,1.0,MEDIUM,session,B2,870,1.0,1.0,0.0,0.10712643678160924,0.41793721973094167,0.5011494252873563,0.25632183908045975,0,0,NEXTGEN_SEMANTIC_CONTEXT_QUALITY_TRANSFER_SIMULATION
available_after_0.4s,C85,1.0,CONSERVATIVE,session,A,900,1.0,1.0,0.0,0.3425555555555554,0.6866369710467706,0.7088888888888889,0.4988888888888889,0,0,NEXTGEN_SEMANTIC_CONTEXT_QUALITY_TRANSFER_SIMULATION
available_after_0.4s,C85,1.0,CONSERVATIVE,session,B1,870,1.0,1.0,0.0,0.23229885057471236,0.5090680100755667,0.6689655172413793,0.45632183908045976,0,0,NEXTGEN_SEMANTIC_CONTEXT_QUALITY_TRANSFER_SIMULATION
available_after_0.4s,C85,1.0,CONSERVATIVE,session,B2,870,1.0,0.9977011494252873,-0.0022988505747126436,0.21965517241379331,0.5293628808864266,0.6942528735632184,0.4149425287356322,2,0,NEXTGEN_SEMANTIC_CONTEXT_QUALITY_TRANSFER_SIMULATION
available_after_0.4s,C85,1.0,FAST,session,A,900,1.0,1.0,0.0,0.13688888888888898,0.3422222222222222,0.7088888888888889,0.4,0,0,NEXTGEN_SEMANTIC_CONTEXT_QUALITY_TRANSFER_SIMULATION
available_after_0.4s,C85,1.0,FAST,session,B1,870,1.0,1.0,0.0,0.10275862068965522,0.42169811320754713,0.6689655172413793,0.24367816091954023,0,0,NEXTGEN_SEMANTIC_CONTEXT_QUALITY_TRANSFER_SIMULATION
available_after_0.4s,C85,1.0,FAST,session,B2,870,1.0,0.9977011494252873,-0.0022988505747126436,0.07149425287356322,0.3702380952380952,0.6942528735632184,0.19310344827586207,2,0,NEXTGEN_SEMANTIC_CONTEXT_QUALITY_TRANSFER_SIMULATION
available_after_0.4s,C85,1.0,MEDIUM,session,A,900,1.0,1.0,0.0,0.22899999999999995,0.4860849056603773,0.7088888888888889,0.4711111111111111,0,0,NEXTGEN_SEMANTIC_CONTEXT_QUALITY_TRANSFER_SIMULATION
available_after_0.4s,C85,1.0,MEDIUM,session,B1,870,1.0,1.0,0.0,0.1383908045977012,0.4137457044673539,0.6689655172413793,0.33448275862068966,0,0,NEXTGEN_SEMANTIC_CONTEXT_QUALITY_TRANSFER_SIMULATION
available_after_0.4s,C85,1.0,MEDIUM,session,B2,870,1.0,0.9977011494252873,-0.0022988505747126436,0.109080459770115,0.4108225108225108,0.6942528735632184,0.2655172413793103,2,0,NEXTGEN_SEMANTIC_CONTEXT_QUALITY_TRANSFER_SIMULATION
measured_api_latency,C100,1.0,CONSERVATIVE,session,A,900,1.0,1.0,0.0,0.011111111111111112,0.20833333333333326,0.7066666666666667,0.05333333333333334,0,0,NEXTGEN_SEMANTIC_CONTEXT_QUALITY_TRANSFER_SIMULATION
measured_api_latency,C100,1.0,CONSERVATIVE,session,B1,870,1.0,1.0,0.0,0.006896551724137931,0.23076923076923067,0.6942528735632184,0.029885057471264367,0,0,NEXTGEN_SEMANTIC_CONTEXT_QUALITY_TRANSFER_SIMULATION
measured_api_latency,C100,1.0,CONSERVATIVE,session,B2,870,1.0,1.0,0.0,0.00632183908045977,0.1964285714285714,0.6954022988505747,0.03218390804597701,0,0,NEXTGEN_SEMANTIC_CONTEXT_QUALITY_TRANSFER_SIMULATION
measured_api_latency,C100,1.0,FAST,session,A,900,1.0,1.0,0.0,0.001777777777777777,0.1777777777777777,0.7066666666666667,0.01,0,0,NEXTGEN_SEMANTIC_CONTEXT_QUALITY_TRANSFER_SIMULATION
measured_api_latency,C100,1.0,FAST,session,B1,870,1.0,1.0,0.0,0.0034482758620689633,0.2142857142857142,0.6942528735632184,0.016091954022988506,0,0,NEXTGEN_SEMANTIC_CONTEXT_QUALITY_TRANSFER_SIMULATION
measured_api_latency,C100,1.0,FAST,session,B2,870,1.0,1.0,0.0,0.000804597701149425,0.17499999999999993,0.6954022988505747,0.004597701149425287,0,0,NEXTGEN_SEMANTIC_CONTEXT_QUALITY_TRANSFER_SIMULATION
measured_api_latency,C100,1.0,MEDIUM,session,A,900,1.0,1.0,0.0,0.007111111111111112,0.22068965517241373,0.7066666666666667,0.03222222222222222,0,0,NEXTGEN_SEMANTIC_CONTEXT_QUALITY_TRANSFER_SIMULATION
measured_api_latency,C100,1.0,MEDIUM,session,B1,870,1.0,1.0,0.0,0.004482758620689653,0.2599999999999999,0.6942528735632184,0.017241379310344827,0,0,NEXTGEN_SEMANTIC_CONTEXT_QUALITY_TRANSFER_SIMULATION
measured_api_latency,C100,1.0,MEDIUM,session,B2,870,1.0,1.0,0.0,0.000804597701149425,0.17499999999999993,0.6954022988505747,0.004597701149425287,0,0,NEXTGEN_SEMANTIC_CONTEXT_QUALITY_TRANSFER_SIMULATION
measured_api_latency,C65,1.0,CONSERVATIVE,session,A,900,1.0,1.0,0.0,0.013333333333333324,0.23076923076923067,0.5155555555555555,0.057777777777777775,0,0,NEXTGEN_SEMANTIC_CONTEXT_QUALITY_TRANSFER_SIMULATION
measured_api_latency,C65,1.0,CONSERVATIVE,session,B1,870,1.0,1.0,0.0,0.005862068965517239,0.2217391304347825,0.5160919540229885,0.026436781609195402,0,0,NEXTGEN_SEMANTIC_CONTEXT_QUALITY_TRANSFER_SIMULATION
measured_api_latency,C65,1.0,CONSERVATIVE,session,B2,870,1.0,1.0,0.0,0.00781609195402299,0.19428571428571426,0.5011494252873563,0.040229885057471264,0,0,NEXTGEN_SEMANTIC_CONTEXT_QUALITY_TRANSFER_SIMULATION
measured_api_latency,C65,1.0,FAST,session,A,900,1.0,1.0,0.0,0.0021111111111111096,0.15833333333333321,0.5155555555555555,0.013333333333333334,0,0,NEXTGEN_SEMANTIC_CONTEXT_QUALITY_TRANSFER_SIMULATION
measured_api_latency,C65,1.0,FAST,session,B1,870,1.0,1.0,0.0,0.003563218390804596,0.23846153846153834,0.5160919540229885,0.014942528735632184,0,0,NEXTGEN_SEMANTIC_CONTEXT_QUALITY_TRANSFER_SIMULATION
measured_api_latency,C65,1.0,FAST,session,B2,870,1.0,1.0,0.0,0.0005747126436781607,0.1666666666666666,0.5011494252873563,0.0034482758620689655,0,0,NEXTGEN_SEMANTIC_CONTEXT_QUALITY_TRANSFER_SIMULATION
measured_api_latency,C65,1.0,MEDIUM,session,A,900,1.0,1.0,0.0,0.00722222222222222,0.2599999999999999,0.5155555555555555,0.027777777777777776,0,0,NEXTGEN_SEMANTIC_CONTEXT_QUALITY_TRANSFER_SIMULATION
measured_api_latency,C65,1.0,MEDIUM,session,B1,870,1.0,1.0,0.0,0.004022988505747125,0.2692307692307691,0.5160919540229885,0.014942528735632184,0,0,NEXTGEN_SEMANTIC_CONTEXT_QUALITY_TRANSFER_SIMULATION
measured_api_latency,C65,1.0,MEDIUM,session,B2,870,1.0,1.0,0.0,0.0008045977011494248,0.1399999999999999,0.5011494252873563,0.005747126436781609,0,0,NEXTGEN_SEMANTIC_CONTEXT_QUALITY_TRANSFER_SIMULATION
measured_api_latency,C85,1.0,CONSERVATIVE,session,A,900,1.0,1.0,0.0,0.014666666666666665,0.24444444444444435,0.7088888888888889,0.06,0,0,NEXTGEN_SEMANTIC_CONTEXT_QUALITY_TRANSFER_SIMULATION
measured_api_latency,C85,1.0,CONSERVATIVE,session,B1,870,1.0,1.0,0.0,0.00735632183908046,0.21333333333333326,0.6689655172413793,0.034482758620689655,0,0,NEXTGEN_SEMANTIC_CONTEXT_QUALITY_TRANSFER_SIMULATION
measured_api_latency,C85,1.0,CONSERVATIVE,session,B2,870,1.0,1.0,0.0,0.005862068965517243,0.19615384615384612,0.6942528735632184,0.029885057471264367,0,0,NEXTGEN_SEMANTIC_CONTEXT_QUALITY_TRANSFER_SIMULATION
measured_api_latency,C85,1.0,FAST,session,A,900,1.0,1.0,0.0,0.0025555555555555535,0.22999999999999984,0.7088888888888889,0.011111111111111112,0,0,NEXTGEN_SEMANTIC_CONTEXT_QUALITY_TRANSFER_SIMULATION
measured_api_latency,C85,1.0,FAST,session,B1,870,1.0,1.0,0.0,0.0032183908045977,0.18666666666666662,0.6689655172413793,0.017241379310344827,0,0,NEXTGEN_SEMANTIC_CONTEXT_QUALITY_TRANSFER_SIMULATION
measured_api_latency,C85,1.0,FAST,session,B2,870,1.0,1.0,0.0,0.0004597701149425284,0.13333333333333322,0.6942528735632184,0.0034482758620689655,0,0,NEXTGEN_SEMANTIC_CONTEXT_QUALITY_TRANSFER_SIMULATION
measured_api_latency,C85,1.0,MEDIUM,session,A,900,1.0,1.0,0.0,0.009222222222222224,0.24411764705882344,0.7088888888888889,0.03777777777777778,0,0,NEXTGEN_SEMANTIC_CONTEXT_QUALITY_TRANSFER_SIMULATION
measured_api_latency,C85,1.0,MEDIUM,session,B1,870,1.0,1.0,0.0,0.00425287356321839,0.2312499999999999,0.6689655172413793,0.01839080459770115,0,0,NEXTGEN_SEMANTIC_CONTEXT_QUALITY_TRANSFER_SIMULATION
measured_api_latency,C85,1.0,MEDIUM,session,B2,870,1.0,1.0,0.0,0.0004597701149425284,0.13333333333333322,0.6942528735632184,0.0034482758620689655,0,0,NEXTGEN_SEMANTIC_CONTEXT_QUALITY_TRANSFER_SIMULATION
precomputed_before_eeg,C100,0.0,CONSERVATIVE,session,A,3000,1.0,1.0,0.0,0.0,,0.706,0.0,0,0,NEXTGEN_SEMANTIC_CONTEXT_QUALITY_TRANSFER_SIMULATION
precomputed_before_eeg,C100,0.0,CONSERVATIVE,session,B1,2900,1.0,1.0,0.0,0.0,,0.723448275862069,0.0,0,0,NEXTGEN_SEMANTIC_CONTEXT_QUALITY_TRANSFER_SIMULATION
precomputed_before_eeg,C100,0.0,CONSERVATIVE,session,B2,2900,1.0,1.0,0.0,0.0,,0.7175862068965517,0.0,0,0,NEXTGEN_SEMANTIC_CONTEXT_QUALITY_TRANSFER_SIMULATION
precomputed_before_eeg,C100,0.0,FAST,session,A,3000,1.0,1.0,0.0,0.0,,0.706,0.0,0,0,NEXTGEN_SEMANTIC_CONTEXT_QUALITY_TRANSFER_SIMULATION
precomputed_before_eeg,C100,0.0,FAST,session,B1,2900,1.0,1.0,0.0,0.0,,0.723448275862069,0.0,0,0,NEXTGEN_SEMANTIC_CONTEXT_QUALITY_TRANSFER_SIMULATION
precomputed_before_eeg,C100,0.0,FAST,session,B2,2900,1.0,1.0,0.0,0.0,,0.7175862068965517,0.0,0,0,NEXTGEN_SEMANTIC_CONTEXT_QUALITY_TRANSFER_SIMULATION
precomputed_before_eeg,C100,0.0,MEDIUM,session,A,3000,1.0,1.0,0.0,0.0,,0.706,0.0,0,0,NEXTGEN_SEMANTIC_CONTEXT_QUALITY_TRANSFER_SIMULATION
precomputed_before_eeg,C100,0.0,MEDIUM,session,B1,2900,1.0,1.0,0.0,0.0,,0.723448275862069,0.0,0,0,NEXTGEN_SEMANTIC_CONTEXT_QUALITY_TRANSFER_SIMULATION
precomputed_before_eeg,C100,0.0,MEDIUM,session,B2,2900,1.0,1.0,0.0,0.0,,0.7175862068965517,0.0,0,0,NEXTGEN_SEMANTIC_CONTEXT_QUALITY_TRANSFER_SIMULATION
precomputed_before_eeg,C100,0.5,CONSERVATIVE,session,A,3000,1.0,1.0,0.0,0.31706666666666733,0.676048329779673,0.706,0.469,0,0,NEXTGEN_SEMANTIC_CONTEXT_QUALITY_TRANSFER_SIMULATION
precomputed_before_eeg,C100,0.5,CONSERVATIVE,session,B1,2900,1.0,1.0,0.0,0.2509310344827587,0.5074616457461646,0.723448275862069,0.49448275862068963,0,0,NEXTGEN_SEMANTIC_CONTEXT_QUALITY_TRANSFER_SIMULATION
precomputed_before_eeg,C100,0.5,CONSERVATIVE,session,B2,2900,1.0,0.9979310344827587,-0.0020689655172413794,0.21193103448275827,0.5284608770421324,0.7175862068965517,0.4010344827586207,6,0,NEXTGEN_SEMANTIC_CONTEXT_QUALITY_TRANSFER_SIMULATION
precomputed_before_eeg,C100,0.5,FAST,session,A,3000,1.0,1.0,0.0,0.12709999999999963,0.338031914893617,0.706,0.376,0,0,NEXTGEN_SEMANTIC_CONTEXT_QUALITY_TRANSFER_SIMULATION
precomputed_before_eeg,C100,0.5,FAST,session,B1,2900,1.0,1.0,0.0,0.1168275862068963,0.45598923283983844,0.723448275862069,0.25620689655172413,0,0,NEXTGEN_SEMANTIC_CONTEXT_QUALITY_TRANSFER_SIMULATION
precomputed_before_eeg,C100,0.5,FAST,session,B2,2900,1.0,0.9979310344827587,-0.0020689655172413794,0.06737931034482761,0.3729007633587786,0.7175862068965517,0.18068965517241378,6,0,NEXTGEN_SEMANTIC_CONTEXT_QUALITY_TRANSFER_SIMULATION
precomputed_before_eeg,C100,0.5,MEDIUM,session,A,3000,1.0,1.0,0.0,0.20853333333333313,0.47537993920972643,0.706,0.43866666666666665,0,0,NEXTGEN_SEMANTIC_CONTEXT_QUALITY_TRANSFER_SIMULATION
precomputed_before_eeg,C100,0.5,MEDIUM,session,B1,2900,1.0,1.0,0.0,0.15086206896551707,0.4186602870813397,0.723448275862069,0.3603448275862069,0,0,NEXTGEN_SEMANTIC_CONTEXT_QUALITY_TRANSFER_SIMULATION
precomputed_before_eeg,C100,0.5,MEDIUM,session,B2,2900,1.0,0.9979310344827587,-0.0020689655172413794,0.11217241379310328,0.4128172588832487,0.7175862068965517,0.2717241379310345,6,0,NEXTGEN_SEMANTIC_CONTEXT_QUALITY_TRANSFER_SIMULATION
precomputed_before_eeg,C100,1.0,CONSERVATIVE,session,A,3000,1.0,1.0,0.0,0.31706666666666733,0.676048329779673,0.706,0.469,0,0,NEXTGEN_SEMANTIC_CONTEXT_QUALITY_TRANSFER_SIMULATION
precomputed_before_eeg,C100,1.0,CONSERVATIVE,session,B1,2900,1.0,1.0,0.0,0.2509310344827587,0.5074616457461646,0.723448275862069,0.49448275862068963,0,0,NEXTGEN_SEMANTIC_CONTEXT_QUALITY_TRANSFER_SIMULATION
precomputed_before_eeg,C100,1.0,CONSERVATIVE,session,B2,2900,1.0,0.9979310344827587,-0.0020689655172413794,0.21193103448275827,0.5284608770421324,0.7175862068965517,0.4010344827586207,6,0,NEXTGEN_SEMANTIC_CONTEXT_QUALITY_TRANSFER_SIMULATION
precomputed_before_eeg,C100,1.0,FAST,session,A,3000,1.0,1.0,0.0,0.12709999999999963,0.338031914893617,0.706,0.376,0,0,NEXTGEN_SEMANTIC_CONTEXT_QUALITY_TRANSFER_SIMULATION
precomputed_before_eeg,C100,1.0,FAST,session,B1,2900,1.0,1.0,0.0,0.1168275862068963,0.45598923283983844,0.723448275862069,0.25620689655172413,0,0,NEXTGEN_SEMANTIC_CONTEXT_QUALITY_TRANSFER_SIMULATION
precomputed_before_eeg,C100,1.0,FAST,session,B2,2900,1.0,0.9979310344827587,-0.0020689655172413794,0.06737931034482761,0.3729007633587786,0.7175862068965517,0.18068965517241378,6,0,NEXTGEN_SEMANTIC_CONTEXT_QUALITY_TRANSFER_SIMULATION
precomputed_before_eeg,C100,1.0,MEDIUM,session,A,3000,1.0,1.0,0.0,0.20853333333333313,0.47537993920972643,0.706,0.43866666666666665,0,0,NEXTGEN_SEMANTIC_CONTEXT_QUALITY_TRANSFER_SIMULATION
precomputed_before_eeg,C100,1.0,MEDIUM,session,B1,2900,1.0,1.0,0.0,0.15086206896551707,0.4186602870813397,0.723448275862069,0.3603448275862069,0,0,NEXTGEN_SEMANTIC_CONTEXT_QUALITY_TRANSFER_SIMULATION
precomputed_before_eeg,C100,1.0,MEDIUM,session,B2,2900,1.0,0.9979310344827587,-0.0020689655172413794,0.11217241379310328,0.4128172588832487,0.7175862068965517,0.2717241379310345,6,0,NEXTGEN_SEMANTIC_CONTEXT_QUALITY_TRANSFER_SIMULATION
precomputed_before_eeg,C100,1.5,CONSERVATIVE,session,A,3000,1.0,1.0,0.0,0.31706666666666733,0.676048329779673,0.706,0.469,0,0,NEXTGEN_SEMANTIC_CONTEXT_QUALITY_TRANSFER_SIMULATION
precomputed_before_eeg,C100,1.5,CONSERVATIVE,session,B1,2900,1.0,1.0,0.0,0.2509310344827587,0.5074616457461646,0.723448275862069,0.49448275862068963,0,0,NEXTGEN_SEMANTIC_CONTEXT_QUALITY_TRANSFER_SIMULATION
precomputed_before_eeg,C100,1.5,CONSERVATIVE,session,B2,2900,1.0,0.9979310344827587,-0.0020689655172413794,0.21193103448275827,0.5284608770421324,0.7175862068965517,0.4010344827586207,6,0,NEXTGEN_SEMANTIC_CONTEXT_QUALITY_TRANSFER_SIMULATION
precomputed_before_eeg,C100,1.5,FAST,session,A,3000,1.0,1.0,0.0,0.12709999999999963,0.338031914893617,0.706,0.376,0,0,NEXTGEN_SEMANTIC_CONTEXT_QUALITY_TRANSFER_SIMULATION
precomputed_before_eeg,C100,1.5,FAST,session,B1,2900,1.0,1.0,0.0,0.1168275862068963,0.45598923283983844,0.723448275862069,0.25620689655172413,0,0,NEXTGEN_SEMANTIC_CONTEXT_QUALITY_TRANSFER_SIMULATION
precomputed_before_eeg,C100,1.5,FAST,session,B2,2900,1.0,0.9979310344827587,-0.0020689655172413794,0.06737931034482761,0.3729007633587786,0.7175862068965517,0.18068965517241378,6,0,NEXTGEN_SEMANTIC_CONTEXT_QUALITY_TRANSFER_SIMULATION
precomputed_before_eeg,C100,1.5,MEDIUM,session,A,3000,1.0,1.0,0.0,0.20853333333333313,0.47537993920972643,0.706,0.43866666666666665,0,0,NEXTGEN_SEMANTIC_CONTEXT_QUALITY_TRANSFER_SIMULATION
precomputed_before_eeg,C100,1.5,MEDIUM,session,B1,2900,1.0,1.0,0.0,0.15086206896551707,0.4186602870813397,0.723448275862069,0.3603448275862069,0,0,NEXTGEN_SEMANTIC_CONTEXT_QUALITY_TRANSFER_SIMULATION
precomputed_before_eeg,C100,1.5,MEDIUM,session,B2,2900,1.0,0.9979310344827587,-0.0020689655172413794,0.11217241379310328,0.4128172588832487,0.7175862068965517,0.2717241379310345,6,0,NEXTGEN_SEMANTIC_CONTEXT_QUALITY_TRANSFER_SIMULATION
precomputed_before_eeg,C100,2.0,CONSERVATIVE,session,A,3000,1.0,1.0,0.0,0.31706666666666733,0.676048329779673,0.706,0.469,0,0,NEXTGEN_SEMANTIC_CONTEXT_QUALITY_TRANSFER_SIMULATION
precomputed_before_eeg,C100,2.0,CONSERVATIVE,session,B1,2900,1.0,1.0,0.0,0.2509310344827587,0.5074616457461646,0.723448275862069,0.49448275862068963,0,0,NEXTGEN_SEMANTIC_CONTEXT_QUALITY_TRANSFER_SIMULATION
precomputed_before_eeg,C100,2.0,CONSERVATIVE,session,B2,2900,1.0,0.9979310344827587,-0.0020689655172413794,0.21193103448275827,0.5284608770421324,0.7175862068965517,0.4010344827586207,6,0,NEXTGEN_SEMANTIC_CONTEXT_QUALITY_TRANSFER_SIMULATION
precomputed_before_eeg,C100,2.0,FAST,session,A,3000,1.0,1.0,0.0,0.12709999999999963,0.338031914893617,0.706,0.376,0,0,NEXTGEN_SEMANTIC_CONTEXT_QUALITY_TRANSFER_SIMULATION
precomputed_before_eeg,C100,2.0,FAST,session,B1,2900,1.0,1.0,0.0,0.1168275862068963,0.45598923283983844,0.723448275862069,0.25620689655172413,0,0,NEXTGEN_SEMANTIC_CONTEXT_QUALITY_TRANSFER_SIMULATION
precomputed_before_eeg,C100,2.0,FAST,session,B2,2900,1.0,0.9979310344827587,-0.0020689655172413794,0.06737931034482761,0.3729007633587786,0.7175862068965517,0.18068965517241378,6,0,NEXTGEN_SEMANTIC_CONTEXT_QUALITY_TRANSFER_SIMULATION
precomputed_before_eeg,C100,2.0,MEDIUM,session,A,3000,1.0,1.0,0.0,0.20853333333333313,0.47537993920972643,0.706,0.43866666666666665,0,0,NEXTGEN_SEMANTIC_CONTEXT_QUALITY_TRANSFER_SIMULATION
precomputed_before_eeg,C100,2.0,MEDIUM,session,B1,2900,1.0,1.0,0.0,0.15086206896551707,0.4186602870813397,0.723448275862069,0.3603448275862069,0,0,NEXTGEN_SEMANTIC_CONTEXT_QUALITY_TRANSFER_SIMULATION
precomputed_before_eeg,C100,2.0,MEDIUM,session,B2,2900,1.0,0.9979310344827587,-0.0020689655172413794,0.11217241379310328,0.4128172588832487,0.7175862068965517,0.2717241379310345,6,0,NEXTGEN_SEMANTIC_CONTEXT_QUALITY_TRANSFER_SIMULATION
precomputed_before_eeg,C65,0.0,CONSERVATIVE,session,A,3000,1.0,1.0,0.0,0.0,,0.5076666666666667,0.0,0,0,NEXTGEN_SEMANTIC_CONTEXT_QUALITY_TRANSFER_SIMULATION
precomputed_before_eeg,C65,0.0,CONSERVATIVE,session,B1,2900,1.0,1.0,0.0,0.0,,0.5296551724137931,0.0,0,0,NEXTGEN_SEMANTIC_CONTEXT_QUALITY_TRANSFER_SIMULATION
precomputed_before_eeg,C65,0.0,CONSERVATIVE,session,B2,2900,1.0,1.0,0.0,0.0,,0.5117241379310344,0.0,0,0,NEXTGEN_SEMANTIC_CONTEXT_QUALITY_TRANSFER_SIMULATION
precomputed_before_eeg,C65,0.0,FAST,session,A,3000,1.0,1.0,0.0,0.0,,0.5076666666666667,0.0,0,0,NEXTGEN_SEMANTIC_CONTEXT_QUALITY_TRANSFER_SIMULATION
precomputed_before_eeg,C65,0.0,FAST,session,B1,2900,1.0,1.0,0.0,0.0,,0.5296551724137931,0.0,0,0,NEXTGEN_SEMANTIC_CONTEXT_QUALITY_TRANSFER_SIMULATION
precomputed_before_eeg,C65,0.0,FAST,session,B2,2900,1.0,1.0,0.0,0.0,,0.5117241379310344,0.0,0,0,NEXTGEN_SEMANTIC_CONTEXT_QUALITY_TRANSFER_SIMULATION
precomputed_before_eeg,C65,0.0,MEDIUM,session,A,3000,1.0,1.0,0.0,0.0,,0.5076666666666667,0.0,0,0,NEXTGEN_SEMANTIC_CONTEXT_QUALITY_TRANSFER_SIMULATION
precomputed_before_eeg,C65,0.0,MEDIUM,session,B1,2900,1.0,1.0,0.0,0.0,,0.5296551724137931,0.0,0,0,NEXTGEN_SEMANTIC_CONTEXT_QUALITY_TRANSFER_SIMULATION
precomputed_before_eeg,C65,0.0,MEDIUM,session,B2,2900,1.0,1.0,0.0,0.0,,0.5117241379310344,0.0,0,0,NEXTGEN_SEMANTIC_CONTEXT_QUALITY_TRANSFER_SIMULATION
precomputed_before_eeg,C65,0.5,CONSERVATIVE,session,A,3000,1.0,1.0,0.0,0.2954000000000007,0.6718726307808945,0.5076666666666667,0.43966666666666665,0,0,NEXTGEN_SEMANTIC_CONTEXT_QUALITY_TRANSFER_SIMULATION
precomputed_before_eeg,C65,0.5,CONSERVATIVE,session,B1,2900,1.0,1.0,0.0,0.2308965517241381,0.4967359050445104,0.5296551724137931,0.46482758620689657,0,0,NEXTGEN_SEMANTIC_CONTEXT_QUALITY_TRANSFER_SIMULATION
precomputed_before_eeg,C65,0.5,CONSERVATIVE,session,B2,2900,1.0,0.9993103448275862,-0.000689655172413793,0.20789655172413754,0.5551565377532228,0.5117241379310344,0.37448275862068964,2,0,NEXTGEN_SEMANTIC_CONTEXT_QUALITY_TRANSFER_SIMULATION
precomputed_before_eeg,C65,0.5,FAST,session,A,3000,1.0,1.0,0.0,0.11373333333333305,0.3268199233716475,0.5076666666666667,0.348,0,0,NEXTGEN_SEMANTIC_CONTEXT_QUALITY_TRANSFER_SIMULATION
precomputed_before_eeg,C65,0.5,FAST,session,B1,2900,1.0,1.0,0.0,0.10575862068965486,0.44643377001455603,0.5296551724137931,0.23689655172413793,0,0,NEXTGEN_SEMANTIC_CONTEXT_QUALITY_TRANSFER_SIMULATION
precomputed_before_eeg,C65,0.5,FAST,session,B2,2900,1.0,0.9993103448275862,-0.000689655172413793,0.07096551724137941,0.38467289719626163,0.5117241379310344,0.18448275862068966,2,0,NEXTGEN_SEMANTIC_CONTEXT_QUALITY_TRANSFER_SIMULATION
precomputed_before_eeg,C65,0.5,MEDIUM,session,A,3000,1.0,1.0,0.0,0.19013333333333288,0.46373983739837393,0.5076666666666667,0.41,0,0,NEXTGEN_SEMANTIC_CONTEXT_QUALITY_TRANSFER_SIMULATION
precomputed_before_eeg,C65,0.5,MEDIUM,session,B1,2900,1.0,1.0,0.0,0.13713793103448255,0.4147028154327424,0.5296551724137931,0.3306896551724138,0,0,NEXTGEN_SEMANTIC_CONTEXT_QUALITY_TRANSFER_SIMULATION
precomputed_before_eeg,C65,0.5,MEDIUM,session,B2,2900,1.0,0.9993103448275862,-0.000689655172413793,0.11310344827586187,0.43214756258234516,0.5117241379310344,0.2617241379310345,2,0,NEXTGEN_SEMANTIC_CONTEXT_QUALITY_TRANSFER_SIMULATION
precomputed_before_eeg,C65,1.0,CONSERVATIVE,session,A,3000,1.0,1.0,0.0,0.2954000000000007,0.6718726307808945,0.5076666666666667,0.43966666666666665,0,0,NEXTGEN_SEMANTIC_CONTEXT_QUALITY_TRANSFER_SIMULATION
precomputed_before_eeg,C65,1.0,CONSERVATIVE,session,B1,2900,1.0,1.0,0.0,0.2308965517241381,0.4967359050445104,0.5296551724137931,0.46482758620689657,0,0,NEXTGEN_SEMANTIC_CONTEXT_QUALITY_TRANSFER_SIMULATION
precomputed_before_eeg,C65,1.0,CONSERVATIVE,session,B2,2900,1.0,0.9993103448275862,-0.000689655172413793,0.20789655172413754,0.5551565377532228,0.5117241379310344,0.37448275862068964,2,0,NEXTGEN_SEMANTIC_CONTEXT_QUALITY_TRANSFER_SIMULATION
precomputed_before_eeg,C65,1.0,FAST,session,A,3000,1.0,1.0,0.0,0.11373333333333305,0.3268199233716475,0.5076666666666667,0.348,0,0,NEXTGEN_SEMANTIC_CONTEXT_QUALITY_TRANSFER_SIMULATION
precomputed_before_eeg,C65,1.0,FAST,session,B1,2900,1.0,1.0,0.0,0.10575862068965486,0.44643377001455603,0.5296551724137931,0.23689655172413793,0,0,NEXTGEN_SEMANTIC_CONTEXT_QUALITY_TRANSFER_SIMULATION
precomputed_before_eeg,C65,1.0,FAST,session,B2,2900,1.0,0.9993103448275862,-0.000689655172413793,0.07096551724137941,0.38467289719626163,0.5117241379310344,0.18448275862068966,2,0,NEXTGEN_SEMANTIC_CONTEXT_QUALITY_TRANSFER_SIMULATION
precomputed_before_eeg,C65,1.0,MEDIUM,session,A,3000,1.0,1.0,0.0,0.19013333333333288,0.46373983739837393,0.5076666666666667,0.41,0,0,NEXTGEN_SEMANTIC_CONTEXT_QUALITY_TRANSFER_SIMULATION
precomputed_before_eeg,C65,1.0,MEDIUM,session,B1,2900,1.0,1.0,0.0,0.13713793103448255,0.4147028154327424,0.5296551724137931,0.3306896551724138,0,0,NEXTGEN_SEMANTIC_CONTEXT_QUALITY_TRANSFER_SIMULATION
precomputed_before_eeg,C65,1.0,MEDIUM,session,B2,2900,1.0,0.9993103448275862,-0.000689655172413793,0.11310344827586187,0.43214756258234516,0.5117241379310344,0.2617241379310345,2,0,NEXTGEN_SEMANTIC_CONTEXT_QUALITY_TRANSFER_SIMULATION
precomputed_before_eeg,C65,1.5,CONSERVATIVE,session,A,3000,1.0,1.0,0.0,0.2954000000000007,0.6718726307808945,0.5076666666666667,0.43966666666666665,0,0,NEXTGEN_SEMANTIC_CONTEXT_QUALITY_TRANSFER_SIMULATION
precomputed_before_eeg,C65,1.5,CONSERVATIVE,session,B1,2900,1.0,1.0,0.0,0.2308965517241381,0.4967359050445104,0.5296551724137931,0.46482758620689657,0,0,NEXTGEN_SEMANTIC_CONTEXT_QUALITY_TRANSFER_SIMULATION
precomputed_before_eeg,C65,1.5,CONSERVATIVE,session,B2,2900,1.0,0.9993103448275862,-0.000689655172413793,0.20789655172413754,0.5551565377532228,0.5117241379310344,0.37448275862068964,2,0,NEXTGEN_SEMANTIC_CONTEXT_QUALITY_TRANSFER_SIMULATION
precomputed_before_eeg,C65,1.5,FAST,session,A,3000,1.0,1.0,0.0,0.11373333333333305,0.3268199233716475,0.5076666666666667,0.348,0,0,NEXTGEN_SEMANTIC_CONTEXT_QUALITY_TRANSFER_SIMULATION
precomputed_before_eeg,C65,1.5,FAST,session,B1,2900,1.0,1.0,0.0,0.10575862068965486,0.44643377001455603,0.5296551724137931,0.23689655172413793,0,0,NEXTGEN_SEMANTIC_CONTEXT_QUALITY_TRANSFER_SIMULATION
precomputed_before_eeg,C65,1.5,FAST,session,B2,2900,1.0,0.9993103448275862,-0.000689655172413793,0.07096551724137941,0.38467289719626163,0.5117241379310344,0.18448275862068966,2,0,NEXTGEN_SEMANTIC_CONTEXT_QUALITY_TRANSFER_SIMULATION
precomputed_before_eeg,C65,1.5,MEDIUM,session,A,3000,1.0,1.0,0.0,0.19013333333333288,0.46373983739837393,0.5076666666666667,0.41,0,0,NEXTGEN_SEMANTIC_CONTEXT_QUALITY_TRANSFER_SIMULATION
precomputed_before_eeg,C65,1.5,MEDIUM,session,B1,2900,1.0,1.0,0.0,0.13713793103448255,0.4147028154327424,0.5296551724137931,0.3306896551724138,0,0,NEXTGEN_SEMANTIC_CONTEXT_QUALITY_TRANSFER_SIMULATION
precomputed_before_eeg,C65,1.5,MEDIUM,session,B2,2900,1.0,0.9993103448275862,-0.000689655172413793,0.11310344827586187,0.43214756258234516,0.5117241379310344,0.2617241379310345,2,0,NEXTGEN_SEMANTIC_CONTEXT_QUALITY_TRANSFER_SIMULATION
precomputed_before_eeg,C65,2.0,CONSERVATIVE,session,A,3000,1.0,1.0,0.0,0.2954000000000007,0.6718726307808945,0.5076666666666667,0.43966666666666665,0,0,NEXTGEN_SEMANTIC_CONTEXT_QUALITY_TRANSFER_SIMULATION
precomputed_before_eeg,C65,2.0,CONSERVATIVE,session,B1,2900,1.0,1.0,0.0,0.2308965517241381,0.4967359050445104,0.5296551724137931,0.46482758620689657,0,0,NEXTGEN_SEMANTIC_CONTEXT_QUALITY_TRANSFER_SIMULATION
precomputed_before_eeg,C65,2.0,CONSERVATIVE,session,B2,2900,1.0,0.9993103448275862,-0.000689655172413793,0.20789655172413754,0.5551565377532228,0.5117241379310344,0.37448275862068964,2,0,NEXTGEN_SEMANTIC_CONTEXT_QUALITY_TRANSFER_SIMULATION
precomputed_before_eeg,C65,2.0,FAST,session,A,3000,1.0,1.0,0.0,0.11373333333333305,0.3268199233716475,0.5076666666666667,0.348,0,0,NEXTGEN_SEMANTIC_CONTEXT_QUALITY_TRANSFER_SIMULATION
precomputed_before_eeg,C65,2.0,FAST,session,B1,2900,1.0,1.0,0.0,0.10575862068965486,0.44643377001455603,0.5296551724137931,0.23689655172413793,0,0,NEXTGEN_SEMANTIC_CONTEXT_QUALITY_TRANSFER_SIMULATION
precomputed_before_eeg,C65,2.0,FAST,session,B2,2900,1.0,0.9993103448275862,-0.000689655172413793,0.07096551724137941,0.38467289719626163,0.5117241379310344,0.18448275862068966,2,0,NEXTGEN_SEMANTIC_CONTEXT_QUALITY_TRANSFER_SIMULATION
precomputed_before_eeg,C65,2.0,MEDIUM,session,A,3000,1.0,1.0,0.0,0.19013333333333288,0.46373983739837393,0.5076666666666667,0.41,0,0,NEXTGEN_SEMANTIC_CONTEXT_QUALITY_TRANSFER_SIMULATION
precomputed_before_eeg,C65,2.0,MEDIUM,session,B1,2900,1.0,1.0,0.0,0.13713793103448255,0.4147028154327424,0.5296551724137931,0.3306896551724138,0,0,NEXTGEN_SEMANTIC_CONTEXT_QUALITY_TRANSFER_SIMULATION
precomputed_before_eeg,C65,2.0,MEDIUM,session,B2,2900,1.0,0.9993103448275862,-0.000689655172413793,0.11310344827586187,0.43214756258234516,0.5117241379310344,0.2617241379310345,2,0,NEXTGEN_SEMANTIC_CONTEXT_QUALITY_TRANSFER_SIMULATION
precomputed_before_eeg,C85,0.0,CONSERVATIVE,session,A,3000,1.0,1.0,0.0,0.0,,0.7056666666666667,0.0,0,0,NEXTGEN_SEMANTIC_CONTEXT_QUALITY_TRANSFER_SIMULATION
precomputed_before_eeg,C85,0.0,CONSERVATIVE,session,B1,2900,1.0,1.0,0.0,0.0,,0.6813793103448276,0.0,0,0,NEXTGEN_SEMANTIC_CONTEXT_QUALITY_TRANSFER_SIMULATION
precomputed_before_eeg,C85,0.0,CONSERVATIVE,session,B2,2900,1.0,1.0,0.0,0.0,,0.6872413793103448,0.0,0,0,NEXTGEN_SEMANTIC_CONTEXT_QUALITY_TRANSFER_SIMULATION
precomputed_before_eeg,C85,0.0,FAST,session,A,3000,1.0,1.0,0.0,0.0,,0.7056666666666667,0.0,0,0,NEXTGEN_SEMANTIC_CONTEXT_QUALITY_TRANSFER_SIMULATION
precomputed_before_eeg,C85,0.0,FAST,session,B1,2900,1.0,1.0,0.0,0.0,,0.6813793103448276,0.0,0,0,NEXTGEN_SEMANTIC_CONTEXT_QUALITY_TRANSFER_SIMULATION
precomputed_before_eeg,C85,0.0,FAST,session,B2,2900,1.0,1.0,0.0,0.0,,0.6872413793103448,0.0,0,0,NEXTGEN_SEMANTIC_CONTEXT_QUALITY_TRANSFER_SIMULATION
precomputed_before_eeg,C85,0.0,MEDIUM,session,A,3000,1.0,1.0,0.0,0.0,,0.7056666666666667,0.0,0,0,NEXTGEN_SEMANTIC_CONTEXT_QUALITY_TRANSFER_SIMULATION
precomputed_before_eeg,C85,0.0,MEDIUM,session,B1,2900,1.0,1.0,0.0,0.0,,0.6813793103448276,0.0,0,0,NEXTGEN_SEMANTIC_CONTEXT_QUALITY_TRANSFER_SIMULATION
precomputed_before_eeg,C85,0.0,MEDIUM,session,B2,2900,1.0,1.0,0.0,0.0,,0.6872413793103448,0.0,0,0,NEXTGEN_SEMANTIC_CONTEXT_QUALITY_TRANSFER_SIMULATION
precomputed_before_eeg,C85,0.5,CONSERVATIVE,session,A,3000,1.0,1.0,0.0,0.3315666666666671,0.6817683344756682,0.7056666666666667,0.48633333333333334,0,0,NEXTGEN_SEMANTIC_CONTEXT_QUALITY_TRANSFER_SIMULATION
precomputed_before_eeg,C85,0.5,CONSERVATIVE,session,B1,2900,1.0,1.0,0.0,0.2295517241379311,0.5005263157894737,0.6813793103448276,0.4586206896551724,0,0,NEXTGEN_SEMANTIC_CONTEXT_QUALITY_TRANSFER_SIMULATION
precomputed_before_eeg,C85,0.5,CONSERVATIVE,session,B2,2900,1.0,0.996551724137931,-0.0034482758620689655,0.21003448275862016,0.5237317282889079,0.6872413793103448,0.4010344827586207,10,0,NEXTGEN_SEMANTIC_CONTEXT_QUALITY_TRANSFER_SIMULATION
precomputed_before_eeg,C85,0.5,FAST,session,A,3000,1.0,1.0,0.0,0.13009999999999977,0.33387510692899913,0.7056666666666667,0.38966666666666666,0,0,NEXTGEN_SEMANTIC_CONTEXT_QUALITY_TRANSFER_SIMULATION
precomputed_before_eeg,C85,0.5,FAST,session,B1,2900,1.0,1.0,0.0,0.10286206896551693,0.4373900293255132,0.6813793103448276,0.23517241379310344,0,0,NEXTGEN_SEMANTIC_CONTEXT_QUALITY_TRANSFER_SIMULATION
precomputed_before_eeg,C85,0.5,FAST,session,B2,2900,1.0,0.996551724137931,-0.0034482758620689655,0.06627586206896555,0.3746588693957114,0.6872413793103448,0.17689655172413793,10,0,NEXTGEN_SEMANTIC_CONTEXT_QUALITY_TRANSFER_SIMULATION
precomputed_before_eeg,C85,0.5,MEDIUM,session,A,3000,1.0,1.0,0.0,0.2189000000000001,0.4803950256035113,0.7056666666666667,0.45566666666666666,0,0,NEXTGEN_SEMANTIC_CONTEXT_QUALITY_TRANSFER_SIMULATION
precomputed_before_eeg,C85,0.5,MEDIUM,session,B1,2900,1.0,1.0,0.0,0.13579310344827566,0.40808290155440413,0.6813793103448276,0.33275862068965517,0,0,NEXTGEN_SEMANTIC_CONTEXT_QUALITY_TRANSFER_SIMULATION
precomputed_before_eeg,C85,0.5,MEDIUM,session,B2,2900,1.0,0.996551724137931,-0.0034482758620689655,0.10565517241379278,0.4146143437077131,0.6872413793103448,0.25482758620689655,10,0,NEXTGEN_SEMANTIC_CONTEXT_QUALITY_TRANSFER_SIMULATION
precomputed_before_eeg,C85,1.0,CONSERVATIVE,session,A,3000,1.0,1.0,0.0,0.3315666666666671,0.6817683344756682,0.7056666666666667,0.48633333333333334,0,0,NEXTGEN_SEMANTIC_CONTEXT_QUALITY_TRANSFER_SIMULATION
precomputed_before_eeg,C85,1.0,CONSERVATIVE,session,B1,2900,1.0,1.0,0.0,0.2295517241379311,0.5005263157894737,0.6813793103448276,0.4586206896551724,0,0,NEXTGEN_SEMANTIC_CONTEXT_QUALITY_TRANSFER_SIMULATION
precomputed_before_eeg,C85,1.0,CONSERVATIVE,session,B2,2900,1.0,0.996551724137931,-0.0034482758620689655,0.21003448275862016,0.5237317282889079,0.6872413793103448,0.4010344827586207,10,0,NEXTGEN_SEMANTIC_CONTEXT_QUALITY_TRANSFER_SIMULATION
precomputed_before_eeg,C85,1.0,FAST,session,A,3000,1.0,1.0,0.0,0.13009999999999977,0.33387510692899913,0.7056666666666667,0.38966666666666666,0,0,NEXTGEN_SEMANTIC_CONTEXT_QUALITY_TRANSFER_SIMULATION
precomputed_before_eeg,C85,1.0,FAST,session,B1,2900,1.0,1.0,0.0,0.10286206896551693,0.4373900293255132,0.6813793103448276,0.23517241379310344,0,0,NEXTGEN_SEMANTIC_CONTEXT_QUALITY_TRANSFER_SIMULATION
precomputed_before_eeg,C85,1.0,FAST,session,B2,2900,1.0,0.996551724137931,-0.0034482758620689655,0.06627586206896555,0.3746588693957114,0.6872413793103448,0.17689655172413793,10,0,NEXTGEN_SEMANTIC_CONTEXT_QUALITY_TRANSFER_SIMULATION
precomputed_before_eeg,C85,1.0,MEDIUM,session,A,3000,1.0,1.0,0.0,0.2189000000000001,0.4803950256035113,0.7056666666666667,0.45566666666666666,0,0,NEXTGEN_SEMANTIC_CONTEXT_QUALITY_TRANSFER_SIMULATION
precomputed_before_eeg,C85,1.0,MEDIUM,session,B1,2900,1.0,1.0,0.0,0.13579310344827566,0.40808290155440413,0.6813793103448276,0.33275862068965517,0,0,NEXTGEN_SEMANTIC_CONTEXT_QUALITY_TRANSFER_SIMULATION
precomputed_before_eeg,C85,1.0,MEDIUM,session,B2,2900,1.0,0.996551724137931,-0.0034482758620689655,0.10565517241379278,0.4146143437077131,0.6872413793103448,0.25482758620689655,10,0,NEXTGEN_SEMANTIC_CONTEXT_QUALITY_TRANSFER_SIMULATION
precomputed_before_eeg,C85,1.5,CONSERVATIVE,session,A,3000,1.0,1.0,0.0,0.3315666666666671,0.6817683344756682,0.7056666666666667,0.48633333333333334,0,0,NEXTGEN_SEMANTIC_CONTEXT_QUALITY_TRANSFER_SIMULATION
precomputed_before_eeg,C85,1.5,CONSERVATIVE,session,B1,2900,1.0,1.0,0.0,0.2295517241379311,0.5005263157894737,0.6813793103448276,0.4586206896551724,0,0,NEXTGEN_SEMANTIC_CONTEXT_QUALITY_TRANSFER_SIMULATION
precomputed_before_eeg,C85,1.5,CONSERVATIVE,session,B2,2900,1.0,0.996551724137931,-0.0034482758620689655,0.21003448275862016,0.5237317282889079,0.6872413793103448,0.4010344827586207,10,0,NEXTGEN_SEMANTIC_CONTEXT_QUALITY_TRANSFER_SIMULATION
precomputed_before_eeg,C85,1.5,FAST,session,A,3000,1.0,1.0,0.0,0.13009999999999977,0.33387510692899913,0.7056666666666667,0.38966666666666666,0,0,NEXTGEN_SEMANTIC_CONTEXT_QUALITY_TRANSFER_SIMULATION
precomputed_before_eeg,C85,1.5,FAST,session,B1,2900,1.0,1.0,0.0,0.10286206896551693,0.4373900293255132,0.6813793103448276,0.23517241379310344,0,0,NEXTGEN_SEMANTIC_CONTEXT_QUALITY_TRANSFER_SIMULATION
precomputed_before_eeg,C85,1.5,FAST,session,B2,2900,1.0,0.996551724137931,-0.0034482758620689655,0.06627586206896555,0.3746588693957114,0.6872413793103448,0.17689655172413793,10,0,NEXTGEN_SEMANTIC_CONTEXT_QUALITY_TRANSFER_SIMULATION
precomputed_before_eeg,C85,1.5,MEDIUM,session,A,3000,1.0,1.0,0.0,0.2189000000000001,0.4803950256035113,0.7056666666666667,0.45566666666666666,0,0,NEXTGEN_SEMANTIC_CONTEXT_QUALITY_TRANSFER_SIMULATION
precomputed_before_eeg,C85,1.5,MEDIUM,session,B1,2900,1.0,1.0,0.0,0.13579310344827566,0.40808290155440413,0.6813793103448276,0.33275862068965517,0,0,NEXTGEN_SEMANTIC_CONTEXT_QUALITY_TRANSFER_SIMULATION
precomputed_before_eeg,C85,1.5,MEDIUM,session,B2,2900,1.0,0.996551724137931,-0.0034482758620689655,0.10565517241379278,0.4146143437077131,0.6872413793103448,0.25482758620689655,10,0,NEXTGEN_SEMANTIC_CONTEXT_QUALITY_TRANSFER_SIMULATION
precomputed_before_eeg,C85,2.0,CONSERVATIVE,session,A,3000,1.0,1.0,0.0,0.3315666666666671,0.6817683344756682,0.7056666666666667,0.48633333333333334,0,0,NEXTGEN_SEMANTIC_CONTEXT_QUALITY_TRANSFER_SIMULATION
precomputed_before_eeg,C85,2.0,CONSERVATIVE,session,B1,2900,1.0,1.0,0.0,0.2295517241379311,0.5005263157894737,0.6813793103448276,0.4586206896551724,0,0,NEXTGEN_SEMANTIC_CONTEXT_QUALITY_TRANSFER_SIMULATION
precomputed_before_eeg,C85,2.0,CONSERVATIVE,session,B2,2900,1.0,0.996551724137931,-0.0034482758620689655,0.21003448275862016,0.5237317282889079,0.6872413793103448,0.4010344827586207,10,0,NEXTGEN_SEMANTIC_CONTEXT_QUALITY_TRANSFER_SIMULATION
precomputed_before_eeg,C85,2.0,FAST,session,A,3000,1.0,1.0,0.0,0.13009999999999977,0.33387510692899913,0.7056666666666667,0.38966666666666666,0,0,NEXTGEN_SEMANTIC_CONTEXT_QUALITY_TRANSFER_SIMULATION
precomputed_before_eeg,C85,2.0,FAST,session,B1,2900,1.0,1.0,0.0,0.10286206896551693,0.4373900293255132,0.6813793103448276,0.23517241379310344,0,0,NEXTGEN_SEMANTIC_CONTEXT_QUALITY_TRANSFER_SIMULATION
precomputed_before_eeg,C85,2.0,FAST,session,B2,2900,1.0,0.996551724137931,-0.0034482758620689655,0.06627586206896555,0.3746588693957114,0.6872413793103448,0.17689655172413793,10,0,NEXTGEN_SEMANTIC_CONTEXT_QUALITY_TRANSFER_SIMULATION
precomputed_before_eeg,C85,2.0,MEDIUM,session,A,3000,1.0,1.0,0.0,0.2189000000000001,0.4803950256035113,0.7056666666666667,0.45566666666666666,0,0,NEXTGEN_SEMANTIC_CONTEXT_QUALITY_TRANSFER_SIMULATION
precomputed_before_eeg,C85,2.0,MEDIUM,session,B1,2900,1.0,1.0,0.0,0.13579310344827566,0.40808290155440413,0.6813793103448276,0.33275862068965517,0,0,NEXTGEN_SEMANTIC_CONTEXT_QUALITY_TRANSFER_SIMULATION
precomputed_before_eeg,C85,2.0,MEDIUM,session,B2,2900,1.0,0.996551724137931,-0.0034482758620689655,0.10565517241379278,0.4146143437077131,0.6872413793103448,0.25482758620689655,10,0,NEXTGEN_SEMANTIC_CONTEXT_QUALITY_TRANSFER_SIMULATION
