eegOperatingPoint,m30CoverageOperatingPoint,M28Architecture,M28SemanticCaseCount,M28HeldOutTop1,M28OverallActivePrecision,M28ActiveCoverageAll,M28AmbiguityAccuracy,M28InvalidRejection,M28PrecomputedContextActiveGainSeconds,M28PrecomputedAllTrialGainSeconds,M28WrongEarlyStopCount,M30Architecture,M30HeldOutDecisionCount,M30HeldOutTop1,M30HeldOutActivePrecision,M30HeldOutOverallParticipation,M30HeldOutEligibleParticipation,M30HeldOutAmbiguityAccuracy,M30HeldOutInvalidRejection,M30PrecomputedLambda1ContextActiveGainSeconds,M30PrecomputedLambda1AllTrialGainSeconds,M30PrecomputedLambda1WrongEarlyStopCount,M30EvidenceLabel,ComparisonWarning
FAST,C65,static/pre-tag-heavy curated semantic cases,40,0.9166666666666666,1.0,0.475,1.0,1.0,0.38563049853372433,0.10460227272727272,0,"sequential, relational, variable-dimensional q_global + deterministic 3-choice page projection",46,0.7647058823529411,0.6875,0.6956521739130435,0.7058823529411765,0.1111111111111111,1.0,0.3767431597528685,0.097011363636364,2,NEXTGEN_SEMANTIC_CONTEXT_QUALITY_TRANSFER_SIMULATION,"M28 and M30 use different curated benchmark designs; transfer is randomized-trial simulation, not prospective semantic EEG."
MEDIUM,C65,static/pre-tag-heavy curated semantic cases,40,0.9166666666666666,1.0,0.475,1.0,1.0,0.44371636593858815,0.1592840909090909,0,"sequential, relational, variable-dimensional q_global + deterministic 3-choice page projection",46,0.7647058823529411,0.6875,0.6956521739130435,0.7058823529411765,0.1111111111111111,1.0,0.4396540027137042,0.14728409090909222,2,NEXTGEN_SEMANTIC_CONTEXT_QUALITY_TRANSFER_SIMULATION,"M28 and M30 use different curated benchmark designs; transfer is randomized-trial simulation, not prospective semantic EEG."
CONSERVATIVE,C65,static/pre-tag-heavy curated semantic cases,40,0.9166666666666666,1.0,0.475,1.0,1.0,0.5741293532338309,0.26227272727272727,0,"sequential, relational, variable-dimensional q_global + deterministic 3-choice page projection",46,0.7647058823529411,0.6875,0.6956521739130435,0.7058823529411765,0.1111111111111111,1.0,0.5751931787903011,0.2453068181818188,2,NEXTGEN_SEMANTIC_CONTEXT_QUALITY_TRANSFER_SIMULATION,"M28 and M30 use different curated benchmark designs; transfer is randomized-trial simulation, not prospective semantic EEG."
FAST,C85,static/pre-tag-heavy curated semantic cases,40,0.9166666666666666,1.0,0.475,1.0,1.0,0.38563049853372433,0.10460227272727272,0,"sequential, relational, variable-dimensional q_global + deterministic 3-choice page projection",46,0.7647058823529411,0.6,0.8695652173913043,0.9411764705882353,0.1111111111111111,1.0,0.3725888324873096,0.10009090909090985,10,NEXTGEN_SEMANTIC_CONTEXT_QUALITY_TRANSFER_SIMULATION,"M28 and M30 use different curated benchmark designs; transfer is randomized-trial simulation, not prospective semantic EEG."
MEDIUM,C85,static/pre-tag-heavy curated semantic cases,40,0.9166666666666666,1.0,0.475,1.0,1.0,0.44371636593858815,0.1592840909090909,0,"sequential, relational, variable-dimensional q_global + deterministic 3-choice page projection",46,0.7647058823529411,0.6,0.8695652173913043,0.9411764705882353,0.1111111111111111,1.0,0.44184304786714423,0.15419318181818348,10,NEXTGEN_SEMANTIC_CONTEXT_QUALITY_TRANSFER_SIMULATION,"M28 and M30 use different curated benchmark designs; transfer is randomized-trial simulation, not prospective semantic EEG."
CONSERVATIVE,C85,static/pre-tag-heavy curated semantic cases,40,0.9166666666666666,1.0,0.475,1.0,1.0,0.5741293532338309,0.26227272727272727,0,"sequential, relational, variable-dimensional q_global + deterministic 3-choice page projection",46,0.7647058823529411,0.6,0.8695652173913043,0.9411764705882353,0.1111111111111111,1.0,0.5742661943319838,0.25789772727272803,10,NEXTGEN_SEMANTIC_CONTEXT_QUALITY_TRANSFER_SIMULATION,"M28 and M30 use different curated benchmark designs; transfer is randomized-trial simulation, not prospective semantic EEG."
FAST,C100,static/pre-tag-heavy curated semantic cases,40,0.9166666666666666,1.0,0.475,1.0,1.0,0.38563049853372433,0.10460227272727272,0,"sequential, relational, variable-dimensional q_global + deterministic 3-choice page projection",46,0.7647058823529411,0.6097560975609756,0.8913043478260869,0.9705882352941176,0.1111111111111111,1.0,0.3822546972860125,0.1040340909090918,6,NEXTGEN_SEMANTIC_CONTEXT_QUALITY_TRANSFER_SIMULATION,"M28 and M30 use different curated benchmark designs; transfer is randomized-trial simulation, not prospective semantic EEG."
MEDIUM,C100,static/pre-tag-heavy curated semantic cases,40,0.9166666666666666,1.0,0.475,1.0,1.0,0.44371636593858815,0.1592840909090909,0,"sequential, relational, variable-dimensional q_global + deterministic 3-choice page projection",46,0.7647058823529411,0.6097560975609756,0.8913043478260869,0.9705882352941176,0.1111111111111111,1.0,0.44090187361067,0.1577727272727287,6,NEXTGEN_SEMANTIC_CONTEXT_QUALITY_TRANSFER_SIMULATION,"M28 and M30 use different curated benchmark designs; transfer is randomized-trial simulation, not prospective semantic EEG."
CONSERVATIVE,C100,static/pre-tag-heavy curated semantic cases,40,0.9166666666666666,1.0,0.475,1.0,1.0,0.5741293532338309,0.26227272727272727,0,"sequential, relational, variable-dimensional q_global + deterministic 3-choice page projection",46,0.7647058823529411,0.6097560975609756,0.8913043478260869,0.9705882352941176,0.1111111111111111,1.0,0.5728021978021978,0.2606250000000005,6,NEXTGEN_SEMANTIC_CONTEXT_QUALITY_TRANSFER_SIMULATION,"M28 and M30 use different curated benchmark designs; transfer is randomized-trial simulation, not prospective semantic EEG."
