condition,analysis_set,target_subset,N,correct,accuracy,wrong_early_stops,mean_effective_eeg_evidence_time_s,median_effective_eeg_evidence_time_s,P90_effective_eeg_evidence_time_s,latest_effective_eeg_evidence_time_s,T_at_95_s,T_at_99_s,T_at_100_s,accelerated_fraction,mean_acceleration_when_early_s,context_assisted_trial_count,context_accelerated_trial_count,context_accelerated_fraction,mean_context_acceleration_when_early_s,context_delayed_trial_count,mean_context_time_delta_vs_paired_eeg_s,context_caused_error_count,strong_contradiction_windows,strong_override_preserved_top_windows,green_prior_mapping
aligned_target_0.60,all_89,ALL_CLASSES,89,89,1.0,0,1.4191011235955056,1.3,1.9,1.9,1.9,1.9,1.9,0.8426966292134831,0.5706666666666665,0,0,0.0,,0,0.0,0,0,0,
aligned_target_0.60,formal_88,ALL_CLASSES,88,88,1.0,0,1.4204545454545454,1.3,1.9,1.9,1.9,1.9,1.9,0.8409090909090909,0.5702702702702701,0,0,0.0,,0,0.0,0,0,0,
aligned_target_0.75,all_89,ALL_CLASSES,89,89,1.0,0,1.4191011235955056,1.3,1.9,1.9,1.9,1.9,1.9,0.8426966292134831,0.5706666666666665,0,0,0.0,,0,0.0,0,0,0,
aligned_target_0.75,formal_88,ALL_CLASSES,88,88,1.0,0,1.4204545454545454,1.3,1.9,1.9,1.9,1.9,1.9,0.8409090909090909,0.5702702702702701,0,0,0.0,,0,0.0,0,0,0,
aligned_target_0.90,all_89,ALL_CLASSES,89,89,1.0,0,1.4191011235955056,1.3,1.9,1.9,1.9,1.9,1.9,0.8426966292134831,0.5706666666666665,0,0,0.0,,0,0.0,0,0,0,
aligned_target_0.90,formal_88,ALL_CLASSES,88,88,1.0,0,1.4204545454545454,1.3,1.9,1.9,1.9,1.9,1.9,0.8409090909090909,0.5702702702702701,0,0,0.0,,0,0.0,0,0,0,
aligned_target_0.95,all_89,ALL_CLASSES,89,89,1.0,0,1.4191011235955056,1.3,1.9,1.9,1.9,1.9,1.9,0.8426966292134831,0.5706666666666665,0,0,0.0,,0,0.0,0,0,0,
aligned_target_0.95,formal_88,ALL_CLASSES,88,88,1.0,0,1.4204545454545454,1.3,1.9,1.9,1.9,1.9,1.9,0.8409090909090909,0.5702702702702701,0,0,0.0,,0,0.0,0,0,0,
analysis_eeg_only,all_89,ALL_CLASSES,89,89,1.0,0,1.4191011235955056,1.3,1.9,1.9,1.9,1.9,1.9,0.8426966292134831,0.5706666666666665,0,0,0.0,,0,,0,0,0,
analysis_eeg_only,formal_88,ALL_CLASSES,88,88,1.0,0,1.4204545454545454,1.3,1.9,1.9,1.9,1.9,1.9,0.8409090909090909,0.5702702702702701,0,0,0.0,,0,,0,0,0,
causal_history,all_89,ALL_CLASSES,89,89,1.0,0,1.4191011235955056,1.3,1.9,1.9,1.9,1.9,1.9,0.8426966292134831,0.5706666666666665,0,0,0.0,,0,0.0,0,0,0,
causal_history,formal_88,ALL_CLASSES,88,88,1.0,0,1.4204545454545454,1.3,1.9,1.9,1.9,1.9,1.9,0.8409090909090909,0.5702702702702701,0,0,0.0,,0,0.0,0,0,0,
conflict_wrong_0.90,all_89,ALL_CLASSES,89,89,1.0,0,1.4191011235955056,1.3,1.9,1.9,1.9,1.9,1.9,0.8426966292134831,0.5706666666666665,0,0,0.0,,0,0.0,0,0,0,
conflict_wrong_0.90,formal_88,ALL_CLASSES,88,88,1.0,0,1.4204545454545454,1.3,1.9,1.9,1.9,1.9,1.9,0.8409090909090909,0.5702702702702701,0,0,0.0,,0,0.0,0,0,0,
green_history_red_prior_0.90,all_89,RED_TARGETS_ONLY,30,30,1.0,0,1.4933333333333334,1.3,1.9,1.9,1.9,1.9,1.9,0.7333333333333333,0.5545454545454545,0,0,0.0,,0,0.0,0,0,0,Green history selects block_sim_02; red target is target_left / 7.2 Hz / block_sim_01 in the historical M9 mapping.
green_history_red_prior_0.90,formal_88,RED_TARGETS_ONLY,30,30,1.0,0,1.4933333333333334,1.3,1.9,1.9,1.9,1.9,1.9,0.7333333333333333,0.5545454545454545,0,0,0.0,,0,0.0,0,0,0,Green history selects block_sim_02; red target is target_left / 7.2 Hz / block_sim_01 in the historical M9 mapping.
neutral_uniform,all_89,ALL_CLASSES,89,89,1.0,0,1.4191011235955056,1.3,1.9,1.9,1.9,1.9,1.9,0.8426966292134831,0.5706666666666665,0,0,0.0,,0,0.0,0,0,0,
neutral_uniform,formal_88,ALL_CLASSES,88,88,1.0,0,1.4204545454545454,1.3,1.9,1.9,1.9,1.9,1.9,0.8409090909090909,0.5702702702702701,0,0,0.0,,0,0.0,0,0,0,
