condition,analysis_set,N,correct,accuracy,wrong_early_stops,mean_effective_eeg_evidence_time_s,median_effective_eeg_evidence_time_s,P90_effective_eeg_evidence_time_s,latest_effective_eeg_evidence_time_s,T_at_95_s,T_at_99_s,T_at_100_s,accelerated_fraction,mean_acceleration_when_early_s,context_assisted_trial_count,context_accelerated_trial_count,context_accelerated_fraction,mean_context_acceleration_when_early_s,context_delayed_trial_count,mean_context_time_delta_vs_paired_eeg_s,context_caused_error_count,strong_contradiction_windows,strong_override_preserved_top_windows
fixed_stop_a0.00_l0.50__aligned_target_0.60,all_89,89,89,1.0,0,1.5876404494382022,1.5,1.9,1.9,1.9,1.9,1.9,0.8089887640449438,0.386111111111111,0,0,0.0,,0,0.0,0,0,0
fixed_stop_a0.00_l0.50__aligned_target_0.60,formal_88,88,88,1.0,0,1.5886363636363636,1.5,1.9,1.9,1.9,1.9,1.9,0.8068181818181818,0.38591549295774635,0,0,0.0,,0,0.0,0,0,0
fixed_stop_a0.00_l0.50__aligned_target_0.75,all_89,89,89,1.0,0,1.5876404494382022,1.5,1.9,1.9,1.9,1.9,1.9,0.8089887640449438,0.386111111111111,0,0,0.0,,0,0.0,0,0,0
fixed_stop_a0.00_l0.50__aligned_target_0.75,formal_88,88,88,1.0,0,1.5886363636363636,1.5,1.9,1.9,1.9,1.9,1.9,0.8068181818181818,0.38591549295774635,0,0,0.0,,0,0.0,0,0,0
fixed_stop_a0.00_l0.50__aligned_target_0.90,all_89,89,89,1.0,0,1.5876404494382022,1.5,1.9,1.9,1.9,1.9,1.9,0.8089887640449438,0.386111111111111,0,0,0.0,,0,0.0,0,0,0
fixed_stop_a0.00_l0.50__aligned_target_0.90,formal_88,88,88,1.0,0,1.5886363636363636,1.5,1.9,1.9,1.9,1.9,1.9,0.8068181818181818,0.38591549295774635,0,0,0.0,,0,0.0,0,0,0
fixed_stop_a0.00_l0.50__aligned_target_0.95,all_89,89,89,1.0,0,1.5876404494382022,1.5,1.9,1.9,1.9,1.9,1.9,0.8089887640449438,0.386111111111111,0,0,0.0,,0,0.0,0,0,0
fixed_stop_a0.00_l0.50__aligned_target_0.95,formal_88,88,88,1.0,0,1.5886363636363636,1.5,1.9,1.9,1.9,1.9,1.9,0.8068181818181818,0.38591549295774635,0,0,0.0,,0,0.0,0,0,0
fixed_stop_a0.00_l0.50__causal_history,all_89,89,89,1.0,0,1.5876404494382022,1.5,1.9,1.9,1.9,1.9,1.9,0.8089887640449438,0.386111111111111,0,0,0.0,,0,0.0,0,0,0
fixed_stop_a0.00_l0.50__causal_history,formal_88,88,88,1.0,0,1.5886363636363636,1.5,1.9,1.9,1.9,1.9,1.9,0.8068181818181818,0.38591549295774635,0,0,0.0,,0,0.0,0,0,0
fixed_stop_a0.00_l0.50__conflict_wrong_0.90,all_89,89,89,1.0,0,1.5876404494382022,1.5,1.9,1.9,1.9,1.9,1.9,0.8089887640449438,0.386111111111111,0,0,0.0,,0,0.0,0,0,0
fixed_stop_a0.00_l0.50__conflict_wrong_0.90,formal_88,88,88,1.0,0,1.5886363636363636,1.5,1.9,1.9,1.9,1.9,1.9,0.8068181818181818,0.38591549295774635,0,0,0.0,,0,0.0,0,0,0
fixed_stop_a0.00_l0.50__green_history_red_prior_0.90,all_89,30,30,1.0,0,1.64,1.5,1.9,1.9,1.9,1.9,1.9,0.6666666666666666,0.3899999999999999,0,0,0.0,,0,0.0,0,0,0
fixed_stop_a0.00_l0.50__green_history_red_prior_0.90,formal_88,30,30,1.0,0,1.64,1.5,1.9,1.9,1.9,1.9,1.9,0.6666666666666666,0.3899999999999999,0,0,0.0,,0,0.0,0,0,0
fixed_stop_a0.00_l0.50__neutral_uniform,all_89,89,89,1.0,0,1.5876404494382022,1.5,1.9,1.9,1.9,1.9,1.9,0.8089887640449438,0.386111111111111,0,0,0.0,,0,0.0,0,0,0
fixed_stop_a0.00_l0.50__neutral_uniform,formal_88,88,88,1.0,0,1.5886363636363636,1.5,1.9,1.9,1.9,1.9,1.9,0.8068181818181818,0.38591549295774635,0,0,0.0,,0,0.0,0,0,0
fixed_stop_a0.25_l0.50__aligned_target_0.60,all_89,89,89,1.0,0,1.5808988764044944,1.5,1.9,1.9,1.9,1.9,1.9,0.8426966292134831,0.37866666666666654,2,3,0.033707865168539325,0.19999999999999973,0,0.006741573033707856,0,0,0
fixed_stop_a0.25_l0.50__aligned_target_0.60,formal_88,88,88,1.0,0,1.5818181818181818,1.5,1.9,1.9,1.9,1.9,1.9,0.8409090909090909,0.3783783783783783,2,3,0.03409090909090909,0.19999999999999973,0,0.006818181818181809,0,0,0
fixed_stop_a0.25_l0.50__aligned_target_0.75,all_89,89,89,1.0,0,1.5808988764044944,1.5,1.9,1.9,1.9,1.9,1.9,0.8426966292134831,0.37866666666666654,2,3,0.033707865168539325,0.19999999999999973,0,0.006741573033707856,0,0,0
fixed_stop_a0.25_l0.50__aligned_target_0.75,formal_88,88,88,1.0,0,1.5818181818181818,1.5,1.9,1.9,1.9,1.9,1.9,0.8409090909090909,0.3783783783783783,2,3,0.03409090909090909,0.19999999999999973,0,0.006818181818181809,0,0,0
fixed_stop_a0.25_l0.50__aligned_target_0.90,all_89,89,89,1.0,0,1.5808988764044944,1.5,1.9,1.9,1.9,1.9,1.9,0.8426966292134831,0.37866666666666654,2,3,0.033707865168539325,0.19999999999999973,0,0.006741573033707856,0,0,0
fixed_stop_a0.25_l0.50__aligned_target_0.90,formal_88,88,88,1.0,0,1.5818181818181818,1.5,1.9,1.9,1.9,1.9,1.9,0.8409090909090909,0.3783783783783783,2,3,0.03409090909090909,0.19999999999999973,0,0.006818181818181809,0,0,0
fixed_stop_a0.25_l0.50__aligned_target_0.95,all_89,89,89,1.0,0,1.5808988764044944,1.5,1.9,1.9,1.9,1.9,1.9,0.8426966292134831,0.37866666666666654,2,3,0.033707865168539325,0.19999999999999973,0,0.006741573033707856,0,0,0
fixed_stop_a0.25_l0.50__aligned_target_0.95,formal_88,88,88,1.0,0,1.5818181818181818,1.5,1.9,1.9,1.9,1.9,1.9,0.8409090909090909,0.3783783783783783,2,3,0.03409090909090909,0.19999999999999973,0,0.006818181818181809,0,0,0
fixed_stop_a0.25_l0.50__causal_history,all_89,89,89,1.0,0,1.5853932584269663,1.5,1.9,1.9,1.9,1.9,1.9,0.8202247191011236,0.38356164383561636,0,1,0.011235955056179775,0.19999999999999973,0,0.0022471910112359522,0,215,215
fixed_stop_a0.25_l0.50__causal_history,formal_88,88,88,1.0,0,1.5863636363636364,1.5,1.9,1.9,1.9,1.9,1.9,0.8181818181818182,0.38333333333333325,0,1,0.011363636363636364,0.19999999999999973,0,0.0022727272727272696,0,211,211
fixed_stop_a0.25_l0.50__conflict_wrong_0.90,all_89,89,89,1.0,0,1.59438202247191,1.5,1.9,1.9,1.9,1.9,1.9,0.797752808988764,0.38309859154929565,0,0,0.0,,2,-0.006741573033707866,0,345,345
fixed_stop_a0.25_l0.50__conflict_wrong_0.90,formal_88,88,88,1.0,0,1.5954545454545455,1.5,1.9,1.9,1.9,1.9,1.9,0.7954545454545454,0.38285714285714273,0,0,0.0,,2,-0.00681818181818182,0,341,341
fixed_stop_a0.25_l0.50__green_history_red_prior_0.90,all_89,30,30,1.0,0,1.6333333333333333,1.5,1.9,1.9,1.9,1.9,1.9,0.7,0.3809523809523808,1,1,0.03333333333333333,0.19999999999999973,0,0.0066666666666666576,0,0,0
fixed_stop_a0.25_l0.50__green_history_red_prior_0.90,formal_88,30,30,1.0,0,1.6333333333333333,1.5,1.9,1.9,1.9,1.9,1.9,0.7,0.3809523809523808,1,1,0.03333333333333333,0.19999999999999973,0,0.0066666666666666576,0,0,0
fixed_stop_a0.25_l0.50__neutral_uniform,all_89,89,89,1.0,0,1.5876404494382022,1.5,1.9,1.9,1.9,1.9,1.9,0.8089887640449438,0.386111111111111,0,0,0.0,,0,0.0,0,0,0
fixed_stop_a0.25_l0.50__neutral_uniform,formal_88,88,88,1.0,0,1.5886363636363636,1.5,1.9,1.9,1.9,1.9,1.9,0.8068181818181818,0.38591549295774635,0,0,0.0,,0,0.0,0,0,0
fixed_stop_a0.25_l0.75__aligned_target_0.60,all_89,89,89,1.0,0,1.5808988764044944,1.5,1.9,1.9,1.9,1.9,1.9,0.8426966292134831,0.37866666666666654,2,3,0.033707865168539325,0.19999999999999973,0,0.006741573033707856,0,0,0
fixed_stop_a0.25_l0.75__aligned_target_0.60,formal_88,88,88,1.0,0,1.5818181818181818,1.5,1.9,1.9,1.9,1.9,1.9,0.8409090909090909,0.3783783783783783,2,3,0.03409090909090909,0.19999999999999973,0,0.006818181818181809,0,0,0
fixed_stop_a0.25_l0.75__aligned_target_0.75,all_89,89,89,1.0,0,1.5808988764044944,1.5,1.9,1.9,1.9,1.9,1.9,0.8426966292134831,0.37866666666666654,2,3,0.033707865168539325,0.19999999999999973,0,0.006741573033707856,0,0,0
fixed_stop_a0.25_l0.75__aligned_target_0.75,formal_88,88,88,1.0,0,1.5818181818181818,1.5,1.9,1.9,1.9,1.9,1.9,0.8409090909090909,0.3783783783783783,2,3,0.03409090909090909,0.19999999999999973,0,0.006818181818181809,0,0,0
fixed_stop_a0.25_l0.75__aligned_target_0.90,all_89,89,89,1.0,0,1.5808988764044944,1.5,1.9,1.9,1.9,1.9,1.9,0.8426966292134831,0.37866666666666654,2,3,0.033707865168539325,0.19999999999999973,0,0.006741573033707856,0,0,0
fixed_stop_a0.25_l0.75__aligned_target_0.90,formal_88,88,88,1.0,0,1.5818181818181818,1.5,1.9,1.9,1.9,1.9,1.9,0.8409090909090909,0.3783783783783783,2,3,0.03409090909090909,0.19999999999999973,0,0.006818181818181809,0,0,0
fixed_stop_a0.25_l0.75__aligned_target_0.95,all_89,89,89,1.0,0,1.5808988764044944,1.5,1.9,1.9,1.9,1.9,1.9,0.8426966292134831,0.37866666666666654,2,3,0.033707865168539325,0.19999999999999973,0,0.006741573033707856,0,0,0
fixed_stop_a0.25_l0.75__aligned_target_0.95,formal_88,88,88,1.0,0,1.5818181818181818,1.5,1.9,1.9,1.9,1.9,1.9,0.8409090909090909,0.3783783783783783,2,3,0.03409090909090909,0.19999999999999973,0,0.006818181818181809,0,0,0
fixed_stop_a0.25_l0.75__causal_history,all_89,89,89,1.0,0,1.5853932584269663,1.5,1.9,1.9,1.9,1.9,1.9,0.8202247191011236,0.38356164383561636,0,1,0.011235955056179775,0.19999999999999973,0,0.0022471910112359522,0,215,215
fixed_stop_a0.25_l0.75__causal_history,formal_88,88,88,1.0,0,1.5863636363636364,1.5,1.9,1.9,1.9,1.9,1.9,0.8181818181818182,0.38333333333333325,0,1,0.011363636363636364,0.19999999999999973,0,0.0022727272727272696,0,211,211
fixed_stop_a0.25_l0.75__conflict_wrong_0.90,all_89,89,89,1.0,0,1.59438202247191,1.5,1.9,1.9,1.9,1.9,1.9,0.797752808988764,0.38309859154929565,0,0,0.0,,2,-0.006741573033707866,0,345,345
fixed_stop_a0.25_l0.75__conflict_wrong_0.90,formal_88,88,88,1.0,0,1.5954545454545455,1.5,1.9,1.9,1.9,1.9,1.9,0.7954545454545454,0.38285714285714273,0,0,0.0,,2,-0.00681818181818182,0,341,341
fixed_stop_a0.25_l0.75__green_history_red_prior_0.90,all_89,30,30,1.0,0,1.6333333333333333,1.5,1.9,1.9,1.9,1.9,1.9,0.7,0.3809523809523808,1,1,0.03333333333333333,0.19999999999999973,0,0.0066666666666666576,0,0,0
fixed_stop_a0.25_l0.75__green_history_red_prior_0.90,formal_88,30,30,1.0,0,1.6333333333333333,1.5,1.9,1.9,1.9,1.9,1.9,0.7,0.3809523809523808,1,1,0.03333333333333333,0.19999999999999973,0,0.0066666666666666576,0,0,0
fixed_stop_a0.25_l0.75__neutral_uniform,all_89,89,89,1.0,0,1.5876404494382022,1.5,1.9,1.9,1.9,1.9,1.9,0.8089887640449438,0.386111111111111,0,0,0.0,,0,0.0,0,0,0
fixed_stop_a0.25_l0.75__neutral_uniform,formal_88,88,88,1.0,0,1.5886363636363636,1.5,1.9,1.9,1.9,1.9,1.9,0.8068181818181818,0.38591549295774635,0,0,0.0,,0,0.0,0,0,0
fixed_stop_a0.25_l1.00__aligned_target_0.60,all_89,89,89,1.0,0,1.5808988764044944,1.5,1.9,1.9,1.9,1.9,1.9,0.8426966292134831,0.37866666666666654,2,3,0.033707865168539325,0.19999999999999973,0,0.006741573033707856,0,0,0
fixed_stop_a0.25_l1.00__aligned_target_0.60,formal_88,88,88,1.0,0,1.5818181818181818,1.5,1.9,1.9,1.9,1.9,1.9,0.8409090909090909,0.3783783783783783,2,3,0.03409090909090909,0.19999999999999973,0,0.006818181818181809,0,0,0
fixed_stop_a0.25_l1.00__aligned_target_0.75,all_89,89,89,1.0,0,1.5808988764044944,1.5,1.9,1.9,1.9,1.9,1.9,0.8426966292134831,0.37866666666666654,2,3,0.033707865168539325,0.19999999999999973,0,0.006741573033707856,0,0,0
fixed_stop_a0.25_l1.00__aligned_target_0.75,formal_88,88,88,1.0,0,1.5818181818181818,1.5,1.9,1.9,1.9,1.9,1.9,0.8409090909090909,0.3783783783783783,2,3,0.03409090909090909,0.19999999999999973,0,0.006818181818181809,0,0,0
fixed_stop_a0.25_l1.00__aligned_target_0.90,all_89,89,89,1.0,0,1.5808988764044944,1.5,1.9,1.9,1.9,1.9,1.9,0.8426966292134831,0.37866666666666654,2,3,0.033707865168539325,0.19999999999999973,0,0.006741573033707856,0,0,0
fixed_stop_a0.25_l1.00__aligned_target_0.90,formal_88,88,88,1.0,0,1.5818181818181818,1.5,1.9,1.9,1.9,1.9,1.9,0.8409090909090909,0.3783783783783783,2,3,0.03409090909090909,0.19999999999999973,0,0.006818181818181809,0,0,0
fixed_stop_a0.25_l1.00__aligned_target_0.95,all_89,89,89,1.0,0,1.5808988764044944,1.5,1.9,1.9,1.9,1.9,1.9,0.8426966292134831,0.37866666666666654,2,3,0.033707865168539325,0.19999999999999973,0,0.006741573033707856,0,0,0
fixed_stop_a0.25_l1.00__aligned_target_0.95,formal_88,88,88,1.0,0,1.5818181818181818,1.5,1.9,1.9,1.9,1.9,1.9,0.8409090909090909,0.3783783783783783,2,3,0.03409090909090909,0.19999999999999973,0,0.006818181818181809,0,0,0
fixed_stop_a0.25_l1.00__causal_history,all_89,89,89,1.0,0,1.5853932584269663,1.5,1.9,1.9,1.9,1.9,1.9,0.8202247191011236,0.38356164383561636,1,1,0.011235955056179775,0.19999999999999973,0,0.0022471910112359522,0,215,215
fixed_stop_a0.25_l1.00__causal_history,formal_88,88,88,1.0,0,1.5863636363636364,1.5,1.9,1.9,1.9,1.9,1.9,0.8181818181818182,0.38333333333333325,1,1,0.011363636363636364,0.19999999999999973,0,0.0022727272727272696,0,211,211
fixed_stop_a0.25_l1.00__conflict_wrong_0.90,all_89,89,89,1.0,0,1.59438202247191,1.5,1.9,1.9,1.9,1.9,1.9,0.797752808988764,0.38309859154929565,0,0,0.0,,2,-0.006741573033707866,0,345,345
fixed_stop_a0.25_l1.00__conflict_wrong_0.90,formal_88,88,88,1.0,0,1.5954545454545455,1.5,1.9,1.9,1.9,1.9,1.9,0.7954545454545454,0.38285714285714273,0,0,0.0,,2,-0.00681818181818182,0,341,341
fixed_stop_a0.25_l1.00__green_history_red_prior_0.90,all_89,30,30,1.0,0,1.6333333333333333,1.5,1.9,1.9,1.9,1.9,1.9,0.7,0.3809523809523808,1,1,0.03333333333333333,0.19999999999999973,0,0.0066666666666666576,0,0,0
fixed_stop_a0.25_l1.00__green_history_red_prior_0.90,formal_88,30,30,1.0,0,1.6333333333333333,1.5,1.9,1.9,1.9,1.9,1.9,0.7,0.3809523809523808,1,1,0.03333333333333333,0.19999999999999973,0,0.0066666666666666576,0,0,0
fixed_stop_a0.25_l1.00__neutral_uniform,all_89,89,89,1.0,0,1.5876404494382022,1.5,1.9,1.9,1.9,1.9,1.9,0.8089887640449438,0.386111111111111,0,0,0.0,,0,0.0,0,0,0
fixed_stop_a0.25_l1.00__neutral_uniform,formal_88,88,88,1.0,0,1.5886363636363636,1.5,1.9,1.9,1.9,1.9,1.9,0.8068181818181818,0.38591549295774635,0,0,0.0,,0,0.0,0,0,0
fixed_stop_a0.50_l0.50__aligned_target_0.60,all_89,89,89,1.0,0,1.5808988764044944,1.5,1.9,1.9,1.9,1.9,1.9,0.8426966292134831,0.37866666666666654,2,3,0.033707865168539325,0.19999999999999973,0,0.006741573033707856,0,0,0
fixed_stop_a0.50_l0.50__aligned_target_0.60,formal_88,88,88,1.0,0,1.5818181818181818,1.5,1.9,1.9,1.9,1.9,1.9,0.8409090909090909,0.3783783783783783,2,3,0.03409090909090909,0.19999999999999973,0,0.006818181818181809,0,0,0
fixed_stop_a0.50_l0.50__aligned_target_0.75,all_89,89,89,1.0,0,1.5808988764044944,1.5,1.9,1.9,1.9,1.9,1.9,0.8426966292134831,0.37866666666666654,2,3,0.033707865168539325,0.19999999999999973,0,0.006741573033707856,0,0,0
fixed_stop_a0.50_l0.50__aligned_target_0.75,formal_88,88,88,1.0,0,1.5818181818181818,1.5,1.9,1.9,1.9,1.9,1.9,0.8409090909090909,0.3783783783783783,2,3,0.03409090909090909,0.19999999999999973,0,0.006818181818181809,0,0,0
fixed_stop_a0.50_l0.50__aligned_target_0.90,all_89,89,89,1.0,0,1.5808988764044944,1.5,1.9,1.9,1.9,1.9,1.9,0.8426966292134831,0.37866666666666654,2,3,0.033707865168539325,0.19999999999999973,0,0.006741573033707856,0,0,0
fixed_stop_a0.50_l0.50__aligned_target_0.90,formal_88,88,88,1.0,0,1.5818181818181818,1.5,1.9,1.9,1.9,1.9,1.9,0.8409090909090909,0.3783783783783783,2,3,0.03409090909090909,0.19999999999999973,0,0.006818181818181809,0,0,0
fixed_stop_a0.50_l0.50__aligned_target_0.95,all_89,89,89,1.0,0,1.5808988764044944,1.5,1.9,1.9,1.9,1.9,1.9,0.8426966292134831,0.37866666666666654,2,3,0.033707865168539325,0.19999999999999973,0,0.006741573033707856,0,0,0
fixed_stop_a0.50_l0.50__aligned_target_0.95,formal_88,88,88,1.0,0,1.5818181818181818,1.5,1.9,1.9,1.9,1.9,1.9,0.8409090909090909,0.3783783783783783,2,3,0.03409090909090909,0.19999999999999973,0,0.006818181818181809,0,0,0
fixed_stop_a0.50_l0.50__causal_history,all_89,89,89,1.0,0,1.5853932584269663,1.5,1.9,1.9,1.9,1.9,1.9,0.8202247191011236,0.38356164383561636,0,1,0.011235955056179775,0.19999999999999973,0,0.0022471910112359522,0,215,215
fixed_stop_a0.50_l0.50__causal_history,formal_88,88,88,1.0,0,1.5863636363636364,1.5,1.9,1.9,1.9,1.9,1.9,0.8181818181818182,0.38333333333333325,0,1,0.011363636363636364,0.19999999999999973,0,0.0022727272727272696,0,211,211
fixed_stop_a0.50_l0.50__conflict_wrong_0.90,all_89,89,89,1.0,0,1.59438202247191,1.5,1.9,1.9,1.9,1.9,1.9,0.797752808988764,0.38309859154929565,0,0,0.0,,2,-0.006741573033707866,0,345,345
fixed_stop_a0.50_l0.50__conflict_wrong_0.90,formal_88,88,88,1.0,0,1.5954545454545455,1.5,1.9,1.9,1.9,1.9,1.9,0.7954545454545454,0.38285714285714273,0,0,0.0,,2,-0.00681818181818182,0,341,341
fixed_stop_a0.50_l0.50__green_history_red_prior_0.90,all_89,30,30,1.0,0,1.6333333333333333,1.5,1.9,1.9,1.9,1.9,1.9,0.7,0.3809523809523808,1,1,0.03333333333333333,0.19999999999999973,0,0.0066666666666666576,0,0,0
fixed_stop_a0.50_l0.50__green_history_red_prior_0.90,formal_88,30,30,1.0,0,1.6333333333333333,1.5,1.9,1.9,1.9,1.9,1.9,0.7,0.3809523809523808,1,1,0.03333333333333333,0.19999999999999973,0,0.0066666666666666576,0,0,0
fixed_stop_a0.50_l0.50__neutral_uniform,all_89,89,89,1.0,0,1.5876404494382022,1.5,1.9,1.9,1.9,1.9,1.9,0.8089887640449438,0.386111111111111,0,0,0.0,,0,0.0,0,0,0
fixed_stop_a0.50_l0.50__neutral_uniform,formal_88,88,88,1.0,0,1.5886363636363636,1.5,1.9,1.9,1.9,1.9,1.9,0.8068181818181818,0.38591549295774635,0,0,0.0,,0,0.0,0,0,0
fixed_stop_a0.50_l0.75__aligned_target_0.60,all_89,89,89,1.0,0,1.5808988764044944,1.5,1.9,1.9,1.9,1.9,1.9,0.8426966292134831,0.37866666666666654,2,3,0.033707865168539325,0.19999999999999973,0,0.006741573033707856,0,0,0
fixed_stop_a0.50_l0.75__aligned_target_0.60,formal_88,88,88,1.0,0,1.5818181818181818,1.5,1.9,1.9,1.9,1.9,1.9,0.8409090909090909,0.3783783783783783,2,3,0.03409090909090909,0.19999999999999973,0,0.006818181818181809,0,0,0
fixed_stop_a0.50_l0.75__aligned_target_0.75,all_89,89,89,1.0,0,1.5808988764044944,1.5,1.9,1.9,1.9,1.9,1.9,0.8426966292134831,0.37866666666666654,2,3,0.033707865168539325,0.19999999999999973,0,0.006741573033707856,0,0,0
fixed_stop_a0.50_l0.75__aligned_target_0.75,formal_88,88,88,1.0,0,1.5818181818181818,1.5,1.9,1.9,1.9,1.9,1.9,0.8409090909090909,0.3783783783783783,2,3,0.03409090909090909,0.19999999999999973,0,0.006818181818181809,0,0,0
fixed_stop_a0.50_l0.75__aligned_target_0.90,all_89,89,89,1.0,0,1.5808988764044944,1.5,1.9,1.9,1.9,1.9,1.9,0.8426966292134831,0.37866666666666654,2,3,0.033707865168539325,0.19999999999999973,0,0.006741573033707856,0,0,0
fixed_stop_a0.50_l0.75__aligned_target_0.90,formal_88,88,88,1.0,0,1.5818181818181818,1.5,1.9,1.9,1.9,1.9,1.9,0.8409090909090909,0.3783783783783783,2,3,0.03409090909090909,0.19999999999999973,0,0.006818181818181809,0,0,0
fixed_stop_a0.50_l0.75__aligned_target_0.95,all_89,89,89,1.0,0,1.5808988764044944,1.5,1.9,1.9,1.9,1.9,1.9,0.8426966292134831,0.37866666666666654,2,3,0.033707865168539325,0.19999999999999973,0,0.006741573033707856,0,0,0
fixed_stop_a0.50_l0.75__aligned_target_0.95,formal_88,88,88,1.0,0,1.5818181818181818,1.5,1.9,1.9,1.9,1.9,1.9,0.8409090909090909,0.3783783783783783,2,3,0.03409090909090909,0.19999999999999973,0,0.006818181818181809,0,0,0
fixed_stop_a0.50_l0.75__causal_history,all_89,89,89,1.0,0,1.5853932584269663,1.5,1.9,1.9,1.9,1.9,1.9,0.8202247191011236,0.38356164383561636,0,1,0.011235955056179775,0.19999999999999973,0,0.0022471910112359522,0,215,215
fixed_stop_a0.50_l0.75__causal_history,formal_88,88,88,1.0,0,1.5863636363636364,1.5,1.9,1.9,1.9,1.9,1.9,0.8181818181818182,0.38333333333333325,0,1,0.011363636363636364,0.19999999999999973,0,0.0022727272727272696,0,211,211
fixed_stop_a0.50_l0.75__conflict_wrong_0.90,all_89,89,89,1.0,0,1.59438202247191,1.5,1.9,1.9,1.9,1.9,1.9,0.797752808988764,0.38309859154929565,0,0,0.0,,2,-0.006741573033707866,0,345,345
fixed_stop_a0.50_l0.75__conflict_wrong_0.90,formal_88,88,88,1.0,0,1.5954545454545455,1.5,1.9,1.9,1.9,1.9,1.9,0.7954545454545454,0.38285714285714273,0,0,0.0,,2,-0.00681818181818182,0,341,341
fixed_stop_a0.50_l0.75__green_history_red_prior_0.90,all_89,30,30,1.0,0,1.6333333333333333,1.5,1.9,1.9,1.9,1.9,1.9,0.7,0.3809523809523808,1,1,0.03333333333333333,0.19999999999999973,0,0.0066666666666666576,0,0,0
fixed_stop_a0.50_l0.75__green_history_red_prior_0.90,formal_88,30,30,1.0,0,1.6333333333333333,1.5,1.9,1.9,1.9,1.9,1.9,0.7,0.3809523809523808,1,1,0.03333333333333333,0.19999999999999973,0,0.0066666666666666576,0,0,0
fixed_stop_a0.50_l0.75__neutral_uniform,all_89,89,89,1.0,0,1.5876404494382022,1.5,1.9,1.9,1.9,1.9,1.9,0.8089887640449438,0.386111111111111,0,0,0.0,,0,0.0,0,0,0
fixed_stop_a0.50_l0.75__neutral_uniform,formal_88,88,88,1.0,0,1.5886363636363636,1.5,1.9,1.9,1.9,1.9,1.9,0.8068181818181818,0.38591549295774635,0,0,0.0,,0,0.0,0,0,0
fixed_stop_a0.50_l1.00__aligned_target_0.60,all_89,89,89,1.0,0,1.5808988764044944,1.5,1.9,1.9,1.9,1.9,1.9,0.8426966292134831,0.37866666666666654,2,3,0.033707865168539325,0.19999999999999973,0,0.006741573033707856,0,0,0
fixed_stop_a0.50_l1.00__aligned_target_0.60,formal_88,88,88,1.0,0,1.5818181818181818,1.5,1.9,1.9,1.9,1.9,1.9,0.8409090909090909,0.3783783783783783,2,3,0.03409090909090909,0.19999999999999973,0,0.006818181818181809,0,0,0
fixed_stop_a0.50_l1.00__aligned_target_0.75,all_89,89,89,1.0,0,1.5808988764044944,1.5,1.9,1.9,1.9,1.9,1.9,0.8426966292134831,0.37866666666666654,2,3,0.033707865168539325,0.19999999999999973,0,0.006741573033707856,0,0,0
fixed_stop_a0.50_l1.00__aligned_target_0.75,formal_88,88,88,1.0,0,1.5818181818181818,1.5,1.9,1.9,1.9,1.9,1.9,0.8409090909090909,0.3783783783783783,2,3,0.03409090909090909,0.19999999999999973,0,0.006818181818181809,0,0,0
fixed_stop_a0.50_l1.00__aligned_target_0.90,all_89,89,89,1.0,0,1.5808988764044944,1.5,1.9,1.9,1.9,1.9,1.9,0.8426966292134831,0.37866666666666654,2,3,0.033707865168539325,0.19999999999999973,0,0.006741573033707856,0,0,0
fixed_stop_a0.50_l1.00__aligned_target_0.90,formal_88,88,88,1.0,0,1.5818181818181818,1.5,1.9,1.9,1.9,1.9,1.9,0.8409090909090909,0.3783783783783783,2,3,0.03409090909090909,0.19999999999999973,0,0.006818181818181809,0,0,0
fixed_stop_a0.50_l1.00__aligned_target_0.95,all_89,89,89,1.0,0,1.5808988764044944,1.5,1.9,1.9,1.9,1.9,1.9,0.8426966292134831,0.37866666666666654,2,3,0.033707865168539325,0.19999999999999973,0,0.006741573033707856,0,0,0
fixed_stop_a0.50_l1.00__aligned_target_0.95,formal_88,88,88,1.0,0,1.5818181818181818,1.5,1.9,1.9,1.9,1.9,1.9,0.8409090909090909,0.3783783783783783,2,3,0.03409090909090909,0.19999999999999973,0,0.006818181818181809,0,0,0
fixed_stop_a0.50_l1.00__causal_history,all_89,89,89,1.0,0,1.5853932584269663,1.5,1.9,1.9,1.9,1.9,1.9,0.8202247191011236,0.38356164383561636,0,1,0.011235955056179775,0.19999999999999973,0,0.0022471910112359522,0,215,215
fixed_stop_a0.50_l1.00__causal_history,formal_88,88,88,1.0,0,1.5863636363636364,1.5,1.9,1.9,1.9,1.9,1.9,0.8181818181818182,0.38333333333333325,0,1,0.011363636363636364,0.19999999999999973,0,0.0022727272727272696,0,211,211
fixed_stop_a0.50_l1.00__conflict_wrong_0.90,all_89,89,89,1.0,0,1.59438202247191,1.5,1.9,1.9,1.9,1.9,1.9,0.797752808988764,0.38309859154929565,0,0,0.0,,2,-0.006741573033707866,0,345,345
fixed_stop_a0.50_l1.00__conflict_wrong_0.90,formal_88,88,88,1.0,0,1.5954545454545455,1.5,1.9,1.9,1.9,1.9,1.9,0.7954545454545454,0.38285714285714273,0,0,0.0,,2,-0.00681818181818182,0,341,341
fixed_stop_a0.50_l1.00__green_history_red_prior_0.90,all_89,30,30,1.0,0,1.6333333333333333,1.5,1.9,1.9,1.9,1.9,1.9,0.7,0.3809523809523808,1,1,0.03333333333333333,0.19999999999999973,0,0.0066666666666666576,0,0,0
fixed_stop_a0.50_l1.00__green_history_red_prior_0.90,formal_88,30,30,1.0,0,1.6333333333333333,1.5,1.9,1.9,1.9,1.9,1.9,0.7,0.3809523809523808,1,1,0.03333333333333333,0.19999999999999973,0,0.0066666666666666576,0,0,0
fixed_stop_a0.50_l1.00__neutral_uniform,all_89,89,89,1.0,0,1.5876404494382022,1.5,1.9,1.9,1.9,1.9,1.9,0.8089887640449438,0.386111111111111,0,0,0.0,,0,0.0,0,0,0
fixed_stop_a0.50_l1.00__neutral_uniform,formal_88,88,88,1.0,0,1.5886363636363636,1.5,1.9,1.9,1.9,1.9,1.9,0.8068181818181818,0.38591549295774635,0,0,0.0,,0,0.0,0,0,0
fixed_stop_a1.00_l0.50__aligned_target_0.60,all_89,89,89,1.0,0,1.5808988764044944,1.5,1.9,1.9,1.9,1.9,1.9,0.8426966292134831,0.37866666666666654,2,3,0.033707865168539325,0.19999999999999973,0,0.006741573033707856,0,0,0
fixed_stop_a1.00_l0.50__aligned_target_0.60,formal_88,88,88,1.0,0,1.5818181818181818,1.5,1.9,1.9,1.9,1.9,1.9,0.8409090909090909,0.3783783783783783,2,3,0.03409090909090909,0.19999999999999973,0,0.006818181818181809,0,0,0
fixed_stop_a1.00_l0.50__aligned_target_0.75,all_89,89,89,1.0,0,1.5808988764044944,1.5,1.9,1.9,1.9,1.9,1.9,0.8426966292134831,0.37866666666666654,2,3,0.033707865168539325,0.19999999999999973,0,0.006741573033707856,0,0,0
fixed_stop_a1.00_l0.50__aligned_target_0.75,formal_88,88,88,1.0,0,1.5818181818181818,1.5,1.9,1.9,1.9,1.9,1.9,0.8409090909090909,0.3783783783783783,2,3,0.03409090909090909,0.19999999999999973,0,0.006818181818181809,0,0,0
fixed_stop_a1.00_l0.50__aligned_target_0.90,all_89,89,89,1.0,0,1.5808988764044944,1.5,1.9,1.9,1.9,1.9,1.9,0.8426966292134831,0.37866666666666654,2,3,0.033707865168539325,0.19999999999999973,0,0.006741573033707856,0,0,0
fixed_stop_a1.00_l0.50__aligned_target_0.90,formal_88,88,88,1.0,0,1.5818181818181818,1.5,1.9,1.9,1.9,1.9,1.9,0.8409090909090909,0.3783783783783783,2,3,0.03409090909090909,0.19999999999999973,0,0.006818181818181809,0,0,0
fixed_stop_a1.00_l0.50__aligned_target_0.95,all_89,89,89,1.0,0,1.5808988764044944,1.5,1.9,1.9,1.9,1.9,1.9,0.8426966292134831,0.37866666666666654,2,3,0.033707865168539325,0.19999999999999973,0,0.006741573033707856,0,0,0
fixed_stop_a1.00_l0.50__aligned_target_0.95,formal_88,88,88,1.0,0,1.5818181818181818,1.5,1.9,1.9,1.9,1.9,1.9,0.8409090909090909,0.3783783783783783,2,3,0.03409090909090909,0.19999999999999973,0,0.006818181818181809,0,0,0
fixed_stop_a1.00_l0.50__causal_history,all_89,89,89,1.0,0,1.5853932584269663,1.5,1.9,1.9,1.9,1.9,1.9,0.8202247191011236,0.38356164383561636,0,1,0.011235955056179775,0.19999999999999973,0,0.0022471910112359522,0,215,215
fixed_stop_a1.00_l0.50__causal_history,formal_88,88,88,1.0,0,1.5863636363636364,1.5,1.9,1.9,1.9,1.9,1.9,0.8181818181818182,0.38333333333333325,0,1,0.011363636363636364,0.19999999999999973,0,0.0022727272727272696,0,211,211
fixed_stop_a1.00_l0.50__conflict_wrong_0.90,all_89,89,89,1.0,0,1.59438202247191,1.5,1.9,1.9,1.9,1.9,1.9,0.797752808988764,0.38309859154929565,0,0,0.0,,2,-0.006741573033707866,0,345,345
fixed_stop_a1.00_l0.50__conflict_wrong_0.90,formal_88,88,88,1.0,0,1.5954545454545455,1.5,1.9,1.9,1.9,1.9,1.9,0.7954545454545454,0.38285714285714273,0,0,0.0,,2,-0.00681818181818182,0,341,341
fixed_stop_a1.00_l0.50__green_history_red_prior_0.90,all_89,30,30,1.0,0,1.6333333333333333,1.5,1.9,1.9,1.9,1.9,1.9,0.7,0.3809523809523808,1,1,0.03333333333333333,0.19999999999999973,0,0.0066666666666666576,0,0,0
fixed_stop_a1.00_l0.50__green_history_red_prior_0.90,formal_88,30,30,1.0,0,1.6333333333333333,1.5,1.9,1.9,1.9,1.9,1.9,0.7,0.3809523809523808,1,1,0.03333333333333333,0.19999999999999973,0,0.0066666666666666576,0,0,0
fixed_stop_a1.00_l0.50__neutral_uniform,all_89,89,89,1.0,0,1.5876404494382022,1.5,1.9,1.9,1.9,1.9,1.9,0.8089887640449438,0.386111111111111,0,0,0.0,,0,0.0,0,0,0
fixed_stop_a1.00_l0.50__neutral_uniform,formal_88,88,88,1.0,0,1.5886363636363636,1.5,1.9,1.9,1.9,1.9,1.9,0.8068181818181818,0.38591549295774635,0,0,0.0,,0,0.0,0,0,0
fixed_stop_a1.00_l0.75__aligned_target_0.60,all_89,89,89,1.0,0,1.5808988764044944,1.5,1.9,1.9,1.9,1.9,1.9,0.8426966292134831,0.37866666666666654,2,3,0.033707865168539325,0.19999999999999973,0,0.006741573033707856,0,0,0
fixed_stop_a1.00_l0.75__aligned_target_0.60,formal_88,88,88,1.0,0,1.5818181818181818,1.5,1.9,1.9,1.9,1.9,1.9,0.8409090909090909,0.3783783783783783,2,3,0.03409090909090909,0.19999999999999973,0,0.006818181818181809,0,0,0
fixed_stop_a1.00_l0.75__aligned_target_0.75,all_89,89,89,1.0,0,1.5808988764044944,1.5,1.9,1.9,1.9,1.9,1.9,0.8426966292134831,0.37866666666666654,2,3,0.033707865168539325,0.19999999999999973,0,0.006741573033707856,0,0,0
fixed_stop_a1.00_l0.75__aligned_target_0.75,formal_88,88,88,1.0,0,1.5818181818181818,1.5,1.9,1.9,1.9,1.9,1.9,0.8409090909090909,0.3783783783783783,2,3,0.03409090909090909,0.19999999999999973,0,0.006818181818181809,0,0,0
fixed_stop_a1.00_l0.75__aligned_target_0.90,all_89,89,89,1.0,0,1.5808988764044944,1.5,1.9,1.9,1.9,1.9,1.9,0.8426966292134831,0.37866666666666654,2,3,0.033707865168539325,0.19999999999999973,0,0.006741573033707856,0,0,0
fixed_stop_a1.00_l0.75__aligned_target_0.90,formal_88,88,88,1.0,0,1.5818181818181818,1.5,1.9,1.9,1.9,1.9,1.9,0.8409090909090909,0.3783783783783783,2,3,0.03409090909090909,0.19999999999999973,0,0.006818181818181809,0,0,0
fixed_stop_a1.00_l0.75__aligned_target_0.95,all_89,89,89,1.0,0,1.5808988764044944,1.5,1.9,1.9,1.9,1.9,1.9,0.8426966292134831,0.37866666666666654,2,3,0.033707865168539325,0.19999999999999973,0,0.006741573033707856,0,0,0
fixed_stop_a1.00_l0.75__aligned_target_0.95,formal_88,88,88,1.0,0,1.5818181818181818,1.5,1.9,1.9,1.9,1.9,1.9,0.8409090909090909,0.3783783783783783,2,3,0.03409090909090909,0.19999999999999973,0,0.006818181818181809,0,0,0
fixed_stop_a1.00_l0.75__causal_history,all_89,89,89,1.0,0,1.5853932584269663,1.5,1.9,1.9,1.9,1.9,1.9,0.8202247191011236,0.38356164383561636,0,1,0.011235955056179775,0.19999999999999973,0,0.0022471910112359522,0,215,215
fixed_stop_a1.00_l0.75__causal_history,formal_88,88,88,1.0,0,1.5863636363636364,1.5,1.9,1.9,1.9,1.9,1.9,0.8181818181818182,0.38333333333333325,0,1,0.011363636363636364,0.19999999999999973,0,0.0022727272727272696,0,211,211
fixed_stop_a1.00_l0.75__conflict_wrong_0.90,all_89,89,89,1.0,0,1.59438202247191,1.5,1.9,1.9,1.9,1.9,1.9,0.797752808988764,0.38309859154929565,0,0,0.0,,2,-0.006741573033707866,0,345,345
fixed_stop_a1.00_l0.75__conflict_wrong_0.90,formal_88,88,88,1.0,0,1.5954545454545455,1.5,1.9,1.9,1.9,1.9,1.9,0.7954545454545454,0.38285714285714273,0,0,0.0,,2,-0.00681818181818182,0,341,341
fixed_stop_a1.00_l0.75__green_history_red_prior_0.90,all_89,30,30,1.0,0,1.6333333333333333,1.5,1.9,1.9,1.9,1.9,1.9,0.7,0.3809523809523808,1,1,0.03333333333333333,0.19999999999999973,0,0.0066666666666666576,0,0,0
fixed_stop_a1.00_l0.75__green_history_red_prior_0.90,formal_88,30,30,1.0,0,1.6333333333333333,1.5,1.9,1.9,1.9,1.9,1.9,0.7,0.3809523809523808,1,1,0.03333333333333333,0.19999999999999973,0,0.0066666666666666576,0,0,0
fixed_stop_a1.00_l0.75__neutral_uniform,all_89,89,89,1.0,0,1.5876404494382022,1.5,1.9,1.9,1.9,1.9,1.9,0.8089887640449438,0.386111111111111,0,0,0.0,,0,0.0,0,0,0
fixed_stop_a1.00_l0.75__neutral_uniform,formal_88,88,88,1.0,0,1.5886363636363636,1.5,1.9,1.9,1.9,1.9,1.9,0.8068181818181818,0.38591549295774635,0,0,0.0,,0,0.0,0,0,0
fixed_stop_a1.00_l1.00__aligned_target_0.60,all_89,89,89,1.0,0,1.5808988764044944,1.5,1.9,1.9,1.9,1.9,1.9,0.8426966292134831,0.37866666666666654,2,3,0.033707865168539325,0.19999999999999973,0,0.006741573033707856,0,0,0
fixed_stop_a1.00_l1.00__aligned_target_0.60,formal_88,88,88,1.0,0,1.5818181818181818,1.5,1.9,1.9,1.9,1.9,1.9,0.8409090909090909,0.3783783783783783,2,3,0.03409090909090909,0.19999999999999973,0,0.006818181818181809,0,0,0
fixed_stop_a1.00_l1.00__aligned_target_0.75,all_89,89,89,1.0,0,1.5808988764044944,1.5,1.9,1.9,1.9,1.9,1.9,0.8426966292134831,0.37866666666666654,2,3,0.033707865168539325,0.19999999999999973,0,0.006741573033707856,0,0,0
fixed_stop_a1.00_l1.00__aligned_target_0.75,formal_88,88,88,1.0,0,1.5818181818181818,1.5,1.9,1.9,1.9,1.9,1.9,0.8409090909090909,0.3783783783783783,2,3,0.03409090909090909,0.19999999999999973,0,0.006818181818181809,0,0,0
fixed_stop_a1.00_l1.00__aligned_target_0.90,all_89,89,89,1.0,0,1.5808988764044944,1.5,1.9,1.9,1.9,1.9,1.9,0.8426966292134831,0.37866666666666654,2,3,0.033707865168539325,0.19999999999999973,0,0.006741573033707856,0,0,0
fixed_stop_a1.00_l1.00__aligned_target_0.90,formal_88,88,88,1.0,0,1.5818181818181818,1.5,1.9,1.9,1.9,1.9,1.9,0.8409090909090909,0.3783783783783783,2,3,0.03409090909090909,0.19999999999999973,0,0.006818181818181809,0,0,0
fixed_stop_a1.00_l1.00__aligned_target_0.95,all_89,89,89,1.0,0,1.5808988764044944,1.5,1.9,1.9,1.9,1.9,1.9,0.8426966292134831,0.37866666666666654,2,3,0.033707865168539325,0.19999999999999973,0,0.006741573033707856,0,0,0
fixed_stop_a1.00_l1.00__aligned_target_0.95,formal_88,88,88,1.0,0,1.5818181818181818,1.5,1.9,1.9,1.9,1.9,1.9,0.8409090909090909,0.3783783783783783,2,3,0.03409090909090909,0.19999999999999973,0,0.006818181818181809,0,0,0
fixed_stop_a1.00_l1.00__causal_history,all_89,89,89,1.0,0,1.5898876404494382,1.5,1.9,1.9,1.9,1.9,1.9,0.8089887640449438,0.38333333333333325,0,1,0.011235955056179775,0.19999999999999973,1,-0.002247191011235957,0,217,217
fixed_stop_a1.00_l1.00__causal_history,formal_88,88,88,1.0,0,1.5909090909090908,1.5,1.9,1.9,1.9,1.9,1.9,0.8068181818181818,0.38309859154929565,0,1,0.011363636363636364,0.19999999999999973,1,-0.002272727272727275,0,213,213
fixed_stop_a1.00_l1.00__conflict_wrong_0.90,all_89,89,89,1.0,0,1.59438202247191,1.5,1.9,1.9,1.9,1.9,1.9,0.797752808988764,0.38309859154929565,0,0,0.0,,2,-0.006741573033707866,0,345,345
fixed_stop_a1.00_l1.00__conflict_wrong_0.90,formal_88,88,88,1.0,0,1.5954545454545455,1.5,1.9,1.9,1.9,1.9,1.9,0.7954545454545454,0.38285714285714273,0,0,0.0,,2,-0.00681818181818182,0,341,341
fixed_stop_a1.00_l1.00__green_history_red_prior_0.90,all_89,30,30,1.0,0,1.6333333333333333,1.5,1.9,1.9,1.9,1.9,1.9,0.7,0.3809523809523808,1,1,0.03333333333333333,0.19999999999999973,0,0.0066666666666666576,0,0,0
fixed_stop_a1.00_l1.00__green_history_red_prior_0.90,formal_88,30,30,1.0,0,1.6333333333333333,1.5,1.9,1.9,1.9,1.9,1.9,0.7,0.3809523809523808,1,1,0.03333333333333333,0.19999999999999973,0,0.0066666666666666576,0,0,0
fixed_stop_a1.00_l1.00__neutral_uniform,all_89,89,89,1.0,0,1.5876404494382022,1.5,1.9,1.9,1.9,1.9,1.9,0.8089887640449438,0.386111111111111,0,0,0.0,,0,0.0,0,0,0
fixed_stop_a1.00_l1.00__neutral_uniform,formal_88,88,88,1.0,0,1.5886363636363636,1.5,1.9,1.9,1.9,1.9,1.9,0.8068181818181818,0.38591549295774635,0,0,0.0,,0,0.0,0,0,0
fixed_stop_a1.50_l0.50__aligned_target_0.60,all_89,89,89,1.0,0,1.5808988764044944,1.5,1.9,1.9,1.9,1.9,1.9,0.8426966292134831,0.37866666666666654,2,3,0.033707865168539325,0.19999999999999973,0,0.006741573033707856,0,0,0
fixed_stop_a1.50_l0.50__aligned_target_0.60,formal_88,88,88,1.0,0,1.5818181818181818,1.5,1.9,1.9,1.9,1.9,1.9,0.8409090909090909,0.3783783783783783,2,3,0.03409090909090909,0.19999999999999973,0,0.006818181818181809,0,0,0
fixed_stop_a1.50_l0.50__aligned_target_0.75,all_89,89,89,1.0,0,1.5808988764044944,1.5,1.9,1.9,1.9,1.9,1.9,0.8426966292134831,0.37866666666666654,2,3,0.033707865168539325,0.19999999999999973,0,0.006741573033707856,0,0,0
fixed_stop_a1.50_l0.50__aligned_target_0.75,formal_88,88,88,1.0,0,1.5818181818181818,1.5,1.9,1.9,1.9,1.9,1.9,0.8409090909090909,0.3783783783783783,2,3,0.03409090909090909,0.19999999999999973,0,0.006818181818181809,0,0,0
fixed_stop_a1.50_l0.50__aligned_target_0.90,all_89,89,89,1.0,0,1.5808988764044944,1.5,1.9,1.9,1.9,1.9,1.9,0.8426966292134831,0.37866666666666654,2,3,0.033707865168539325,0.19999999999999973,0,0.006741573033707856,0,0,0
fixed_stop_a1.50_l0.50__aligned_target_0.90,formal_88,88,88,1.0,0,1.5818181818181818,1.5,1.9,1.9,1.9,1.9,1.9,0.8409090909090909,0.3783783783783783,2,3,0.03409090909090909,0.19999999999999973,0,0.006818181818181809,0,0,0
fixed_stop_a1.50_l0.50__aligned_target_0.95,all_89,89,89,1.0,0,1.5808988764044944,1.5,1.9,1.9,1.9,1.9,1.9,0.8426966292134831,0.37866666666666654,2,3,0.033707865168539325,0.19999999999999973,0,0.006741573033707856,0,0,0
fixed_stop_a1.50_l0.50__aligned_target_0.95,formal_88,88,88,1.0,0,1.5818181818181818,1.5,1.9,1.9,1.9,1.9,1.9,0.8409090909090909,0.3783783783783783,2,3,0.03409090909090909,0.19999999999999973,0,0.006818181818181809,0,0,0
fixed_stop_a1.50_l0.50__causal_history,all_89,89,89,1.0,0,1.5898876404494382,1.5,1.9,1.9,1.9,1.9,1.9,0.8089887640449438,0.38333333333333325,0,1,0.011235955056179775,0.19999999999999973,1,-0.002247191011235957,0,217,217
fixed_stop_a1.50_l0.50__causal_history,formal_88,88,88,1.0,0,1.5909090909090908,1.5,1.9,1.9,1.9,1.9,1.9,0.8068181818181818,0.38309859154929565,0,1,0.011363636363636364,0.19999999999999973,1,-0.002272727272727275,0,213,213
fixed_stop_a1.50_l0.50__conflict_wrong_0.90,all_89,89,89,1.0,0,1.59438202247191,1.5,1.9,1.9,1.9,1.9,1.9,0.797752808988764,0.38309859154929565,0,0,0.0,,2,-0.006741573033707866,0,345,345
fixed_stop_a1.50_l0.50__conflict_wrong_0.90,formal_88,88,88,1.0,0,1.5954545454545455,1.5,1.9,1.9,1.9,1.9,1.9,0.7954545454545454,0.38285714285714273,0,0,0.0,,2,-0.00681818181818182,0,341,341
fixed_stop_a1.50_l0.50__green_history_red_prior_0.90,all_89,30,30,1.0,0,1.6333333333333333,1.5,1.9,1.9,1.9,1.9,1.9,0.7,0.3809523809523808,1,1,0.03333333333333333,0.19999999999999973,0,0.0066666666666666576,0,0,0
fixed_stop_a1.50_l0.50__green_history_red_prior_0.90,formal_88,30,30,1.0,0,1.6333333333333333,1.5,1.9,1.9,1.9,1.9,1.9,0.7,0.3809523809523808,1,1,0.03333333333333333,0.19999999999999973,0,0.0066666666666666576,0,0,0
fixed_stop_a1.50_l0.50__neutral_uniform,all_89,89,89,1.0,0,1.5876404494382022,1.5,1.9,1.9,1.9,1.9,1.9,0.8089887640449438,0.386111111111111,0,0,0.0,,0,0.0,0,0,0
fixed_stop_a1.50_l0.50__neutral_uniform,formal_88,88,88,1.0,0,1.5886363636363636,1.5,1.9,1.9,1.9,1.9,1.9,0.8068181818181818,0.38591549295774635,0,0,0.0,,0,0.0,0,0,0
fixed_stop_a1.50_l0.75__aligned_target_0.60,all_89,89,89,1.0,0,1.5808988764044944,1.5,1.9,1.9,1.9,1.9,1.9,0.8426966292134831,0.37866666666666654,2,3,0.033707865168539325,0.19999999999999973,0,0.006741573033707856,0,0,0
fixed_stop_a1.50_l0.75__aligned_target_0.60,formal_88,88,88,1.0,0,1.5818181818181818,1.5,1.9,1.9,1.9,1.9,1.9,0.8409090909090909,0.3783783783783783,2,3,0.03409090909090909,0.19999999999999973,0,0.006818181818181809,0,0,0
fixed_stop_a1.50_l0.75__aligned_target_0.75,all_89,89,89,1.0,0,1.5808988764044944,1.5,1.9,1.9,1.9,1.9,1.9,0.8426966292134831,0.37866666666666654,2,3,0.033707865168539325,0.19999999999999973,0,0.006741573033707856,0,0,0
fixed_stop_a1.50_l0.75__aligned_target_0.75,formal_88,88,88,1.0,0,1.5818181818181818,1.5,1.9,1.9,1.9,1.9,1.9,0.8409090909090909,0.3783783783783783,2,3,0.03409090909090909,0.19999999999999973,0,0.006818181818181809,0,0,0
fixed_stop_a1.50_l0.75__aligned_target_0.90,all_89,89,89,1.0,0,1.5808988764044944,1.5,1.9,1.9,1.9,1.9,1.9,0.8426966292134831,0.37866666666666654,2,3,0.033707865168539325,0.19999999999999973,0,0.006741573033707856,0,0,0
fixed_stop_a1.50_l0.75__aligned_target_0.90,formal_88,88,88,1.0,0,1.5818181818181818,1.5,1.9,1.9,1.9,1.9,1.9,0.8409090909090909,0.3783783783783783,2,3,0.03409090909090909,0.19999999999999973,0,0.006818181818181809,0,0,0
fixed_stop_a1.50_l0.75__aligned_target_0.95,all_89,89,89,1.0,0,1.5808988764044944,1.5,1.9,1.9,1.9,1.9,1.9,0.8426966292134831,0.37866666666666654,2,3,0.033707865168539325,0.19999999999999973,0,0.006741573033707856,0,0,0
fixed_stop_a1.50_l0.75__aligned_target_0.95,formal_88,88,88,1.0,0,1.5818181818181818,1.5,1.9,1.9,1.9,1.9,1.9,0.8409090909090909,0.3783783783783783,2,3,0.03409090909090909,0.19999999999999973,0,0.006818181818181809,0,0,0
fixed_stop_a1.50_l0.75__causal_history,all_89,89,89,1.0,0,1.5898876404494382,1.5,1.9,1.9,1.9,1.9,1.9,0.8089887640449438,0.38333333333333325,0,1,0.011235955056179775,0.19999999999999973,1,-0.002247191011235957,0,217,217
fixed_stop_a1.50_l0.75__causal_history,formal_88,88,88,1.0,0,1.5909090909090908,1.5,1.9,1.9,1.9,1.9,1.9,0.8068181818181818,0.38309859154929565,0,1,0.011363636363636364,0.19999999999999973,1,-0.002272727272727275,0,213,213
fixed_stop_a1.50_l0.75__conflict_wrong_0.90,all_89,89,89,1.0,0,1.59438202247191,1.5,1.9,1.9,1.9,1.9,1.9,0.797752808988764,0.38309859154929565,0,0,0.0,,2,-0.006741573033707866,0,345,345
fixed_stop_a1.50_l0.75__conflict_wrong_0.90,formal_88,88,88,1.0,0,1.5954545454545455,1.5,1.9,1.9,1.9,1.9,1.9,0.7954545454545454,0.38285714285714273,0,0,0.0,,2,-0.00681818181818182,0,341,341
fixed_stop_a1.50_l0.75__green_history_red_prior_0.90,all_89,30,30,1.0,0,1.6333333333333333,1.5,1.9,1.9,1.9,1.9,1.9,0.7,0.3809523809523808,1,1,0.03333333333333333,0.19999999999999973,0,0.0066666666666666576,0,0,0
fixed_stop_a1.50_l0.75__green_history_red_prior_0.90,formal_88,30,30,1.0,0,1.6333333333333333,1.5,1.9,1.9,1.9,1.9,1.9,0.7,0.3809523809523808,1,1,0.03333333333333333,0.19999999999999973,0,0.0066666666666666576,0,0,0
fixed_stop_a1.50_l0.75__neutral_uniform,all_89,89,89,1.0,0,1.5876404494382022,1.5,1.9,1.9,1.9,1.9,1.9,0.8089887640449438,0.386111111111111,0,0,0.0,,0,0.0,0,0,0
fixed_stop_a1.50_l0.75__neutral_uniform,formal_88,88,88,1.0,0,1.5886363636363636,1.5,1.9,1.9,1.9,1.9,1.9,0.8068181818181818,0.38591549295774635,0,0,0.0,,0,0.0,0,0,0
fixed_stop_a1.50_l1.00__aligned_target_0.60,all_89,89,89,1.0,0,1.5808988764044944,1.5,1.9,1.9,1.9,1.9,1.9,0.8426966292134831,0.37866666666666654,2,3,0.033707865168539325,0.19999999999999973,0,0.006741573033707856,0,0,0
fixed_stop_a1.50_l1.00__aligned_target_0.60,formal_88,88,88,1.0,0,1.5818181818181818,1.5,1.9,1.9,1.9,1.9,1.9,0.8409090909090909,0.3783783783783783,2,3,0.03409090909090909,0.19999999999999973,0,0.006818181818181809,0,0,0
fixed_stop_a1.50_l1.00__aligned_target_0.75,all_89,89,89,1.0,0,1.5808988764044944,1.5,1.9,1.9,1.9,1.9,1.9,0.8426966292134831,0.37866666666666654,2,3,0.033707865168539325,0.19999999999999973,0,0.006741573033707856,0,0,0
fixed_stop_a1.50_l1.00__aligned_target_0.75,formal_88,88,88,1.0,0,1.5818181818181818,1.5,1.9,1.9,1.9,1.9,1.9,0.8409090909090909,0.3783783783783783,2,3,0.03409090909090909,0.19999999999999973,0,0.006818181818181809,0,0,0
fixed_stop_a1.50_l1.00__aligned_target_0.90,all_89,89,89,1.0,0,1.5808988764044944,1.5,1.9,1.9,1.9,1.9,1.9,0.8426966292134831,0.37866666666666654,2,3,0.033707865168539325,0.19999999999999973,0,0.006741573033707856,0,0,0
fixed_stop_a1.50_l1.00__aligned_target_0.90,formal_88,88,88,1.0,0,1.5818181818181818,1.5,1.9,1.9,1.9,1.9,1.9,0.8409090909090909,0.3783783783783783,2,3,0.03409090909090909,0.19999999999999973,0,0.006818181818181809,0,0,0
fixed_stop_a1.50_l1.00__aligned_target_0.95,all_89,89,89,1.0,0,1.5808988764044944,1.5,1.9,1.9,1.9,1.9,1.9,0.8426966292134831,0.37866666666666654,2,3,0.033707865168539325,0.19999999999999973,0,0.006741573033707856,0,0,0
fixed_stop_a1.50_l1.00__aligned_target_0.95,formal_88,88,88,1.0,0,1.5818181818181818,1.5,1.9,1.9,1.9,1.9,1.9,0.8409090909090909,0.3783783783783783,2,3,0.03409090909090909,0.19999999999999973,0,0.006818181818181809,0,0,0
fixed_stop_a1.50_l1.00__causal_history,all_89,89,89,1.0,0,1.5898876404494382,1.5,1.9,1.9,1.9,1.9,1.9,0.8089887640449438,0.38333333333333325,0,1,0.011235955056179775,0.19999999999999973,1,-0.002247191011235957,0,217,217
fixed_stop_a1.50_l1.00__causal_history,formal_88,88,88,1.0,0,1.5909090909090908,1.5,1.9,1.9,1.9,1.9,1.9,0.8068181818181818,0.38309859154929565,0,1,0.011363636363636364,0.19999999999999973,1,-0.002272727272727275,0,213,213
fixed_stop_a1.50_l1.00__conflict_wrong_0.90,all_89,89,89,1.0,0,1.59438202247191,1.5,1.9,1.9,1.9,1.9,1.9,0.797752808988764,0.38309859154929565,0,0,0.0,,2,-0.006741573033707866,0,345,345
fixed_stop_a1.50_l1.00__conflict_wrong_0.90,formal_88,88,88,1.0,0,1.5954545454545455,1.5,1.9,1.9,1.9,1.9,1.9,0.7954545454545454,0.38285714285714273,0,0,0.0,,2,-0.00681818181818182,0,341,341
fixed_stop_a1.50_l1.00__green_history_red_prior_0.90,all_89,30,30,1.0,0,1.6333333333333333,1.5,1.9,1.9,1.9,1.9,1.9,0.7,0.3809523809523808,1,1,0.03333333333333333,0.19999999999999973,0,0.0066666666666666576,0,0,0
fixed_stop_a1.50_l1.00__green_history_red_prior_0.90,formal_88,30,30,1.0,0,1.6333333333333333,1.5,1.9,1.9,1.9,1.9,1.9,0.7,0.3809523809523808,1,1,0.03333333333333333,0.19999999999999973,0,0.0066666666666666576,0,0,0
fixed_stop_a1.50_l1.00__neutral_uniform,all_89,89,89,1.0,0,1.5876404494382022,1.5,1.9,1.9,1.9,1.9,1.9,0.8089887640449438,0.386111111111111,0,0,0.0,,0,0.0,0,0,0
fixed_stop_a1.50_l1.00__neutral_uniform,formal_88,88,88,1.0,0,1.5886363636363636,1.5,1.9,1.9,1.9,1.9,1.9,0.8068181818181818,0.38591549295774635,0,0,0.0,,0,0.0,0,0,0
